module,ID,Description,GeneRatio,BgRatio,RichFactor,FoldEnrichment,zScore,pvalue,p.adjust,qvalue,geneID,Count
2,GO:0042060,wound healing,20/176,444/18986,0.04504504504504504,4.859234234234234,7.959422752683316,5.944887298951394e-9,1.974297071981758e-5,1.4981115993357513e-5,SERPIND1/HBEGF/SERPINE1/DAG1/PLAT/SELP/GLA/ITGA5/ERBB2/CHMP6/TGFB1/CDKN1A/F11R/KDR/FN1/MYH9/AHNAK/CD36/BLOC1S3/NFATC1,20
2,GO:0018108,peptidyl-tyrosine phosphorylation,12/176,204/18986,0.058823529411764705,6.345588235294117,7.425178610916927,4.614819292137956e-7,5.670390873053785e-4,4.3027356218294305e-4,HBEGF/CD4/FGFR2/ITGA5/ERBB2/CHMP6/TGFB1/NRP1/YES1/ABL1/KDR/CD36,12
2,GO:0018212,peptidyl-tyrosine modification,12/176,206/18986,0.05825242718446602,6.283980582524271,7.37588719489195,5.122304311701703e-7,5.670390873053785e-4,4.3027356218294305e-4,HBEGF/CD4/FGFR2/ITGA5/ERBB2/CHMP6/TGFB1/NRP1/YES1/ABL1/KDR/CD36,12
2,GO:0001934,positive regulation of protein phosphorylation,17/176,455/18986,0.03736263736263736,4.030494505494506,6.32902787008746,1.2064808433315413e-6,0.0010016807201760122,7.600829312988711e-4,FAM20A/HBEGF/CD4/VEGFC/ITGA5/ERBB2/TGFB1/CDKN1A/NRP1/LATS1/PSRC1/YES1/SNCA/ABL1/KDR/CD36/GH1,17
2,GO:0006898,receptor-mediated endocytosis,13/176,275/18986,0.04727272727272727,5.099545454545455,6.62400711866428,1.8062419036841945e-6,0.001199705872427042,9.10345919456834e-4,SERPINE1/STAB2/DKK1/CD63/PCSK9/EZR/NUMB/IGF2R/SNCA/CD36/LDLRAP1/ARF6/DNAJC6,13
2,GO:0042327,positive regulation of phosphorylation,17/176,479/18986,0.03549060542797495,3.8285490605427976,6.06499848860254,2.421722643506784e-6,0.001340423483181005,0.0010171235102728494,FAM20A/HBEGF/CD4/VEGFC/ITGA5/ERBB2/TGFB1/CDKN1A/NRP1/LATS1/PSRC1/YES1/SNCA/ABL1/KDR/CD36/GH1,17
2,GO:0070372,regulation of ERK1 and ERK2 cascade,13/176,296/18986,0.04391891891891892,4.737753378378379,6.269300463537032,4.056765987302823e-6,0.0015138141989906122,0.001148693701131088,FGF21/CD4/CCN2/FGFR2/ERBB2/TGFB1/NRP1/EZR/ABL1/KDR/FN1/CD36/PDGFC,13
2,GO:0045785,positive regulation of cell adhesion,17/176,499/18986,0.03406813627254509,3.6751002004008013,5.857662467304696,4.1833922164516864e-6,0.0015138141989906122,0.001148693701131088,CD4/P4HB/DAG1/SELP/ITGA5/ERBB2/TGFB1/F11R/NRP1/RET/YES1/ABL1/KDR/FN1/CD36/VNN1/CD6,17
2,GO:0030509,BMP signaling pathway,10/176,172/18986,0.05813953488372093,6.271802325581396,6.718154818125629,4.762014317235815e-6,0.0015138141989906122,0.001148693701131088,SLC39A5/DKK1/SMAD1/HJV/ABL1/KDR/SMAD2/SOST/FST/SMAD5,10
2,GO:0009410,response to xenobiotic stimulus,16/176,451/18986,0.03547671840354767,3.8270509977827047,5.877502946515932,4.8823297141560665e-6,0.0015138141989906122,0.001148693701131088,FGF21/PTH/GSTA1/VEGFC/GSTA3/NPPC/TGFB1/CDKN1A/RET/SNCA/ABL1/ACAA1/CES2/BLOC1S3/BECN1/CES3,16
2,GO:0007034,vacuolar transport,10/176,173/18986,0.057803468208092484,6.235549132947977,6.691500276833576,5.014139171603955e-6,0.0015138141989906122,0.001148693701131088,LAMP2/PCSK9/SORT1/NAGPA/CHMP6/VPS37A/IGF2R/SNAPIN/AP1G2/BECN1,10
2,GO:0050900,leukocyte migration,15/176,404/18986,0.03712871287128713,4.005259900990098,5.906003883338309,5.674848295206993e-6,0.001539789641912817,0.0011684040643240886,SERPINE1/VEGFC/SELP/CCL23/CCL22/IL16/TGFB1/F11R/RET/YES1/ABL1/CXCL6/MYH9/SELPLG/CXCL10,15
2,GO:0030100,regulation of endocytosis,13/176,307/18986,0.04234527687296417,4.56799674267101,6.09654891661667,6.027481284211569e-6,0.001539789641912817,0.0011684040643240886,SERPINE1/DKK1/CD63/PCSK9/TGFB1/NUMB/SNCA/ABL1/CD36/FCN2/LDLRAP1/ARF6/DNAJC6,13
2,GO:0071772,response to BMP,10/176,184/18986,0.05434782608695652,5.862771739130435,6.4114758130456,8.648563642854335e-6,0.001681830629895629,0.0012761858438232415,SLC39A5/DKK1/SMAD1/HJV/ABL1/KDR/SMAD2/SOST/FST/SMAD5,10
2,GO:0071773,cellular response to BMP stimulus,10/176,184/18986,0.05434782608695652,5.862771739130435,6.4114758130456,8.648563642854335e-6,0.001681830629895629,0.0012761858438232415,SLC39A5/DKK1/SMAD1/HJV/ABL1/KDR/SMAD2/SOST/FST/SMAD5,10
2,GO:0043603,amide metabolic process,16/176,472/18986,0.03389830508474576,3.6567796610169494,5.653841695981007,8.64883756788854e-6,0.001681830629895629,0.0012761858438232415,ST6GAL1/P4HB/GSTA1/FTCD/GSTA3/GGT1/GLA/MME/NPL/NT5C1A/SNCA/BTD/ENPP7/VNN1/BECN1/NAGK,16
2,GO:0070371,ERK1 and ERK2 cascade,13/176,319/18986,0.04075235109717868,4.39615987460815,5.917161749652486,9.102015261845646e-6,0.001681830629895629,0.0012761858438232415,FGF21/CD4/CCN2/FGFR2/ERBB2/TGFB1/NRP1/EZR/ABL1/KDR/FN1/CD36/PDGFC,13
2,GO:0007229,integrin-mediated signaling pathway,8/176,111/18986,0.07207207207207207,7.774774774774775,6.924367477686792,9.11561317016601e-6,0.001681830629895629,0.0012761858438232415,CCN2/CD63/ITGA5/NRP1/FYB1/ABL1/FN1/MYH9,8
2,GO:0044403,biological process involved in symbiotic interaction,13/176,322/18986,0.040372670807453416,4.355201863354037,5.873695983596177,1.0059255210923207e-5,0.0017252425016237786,0.0013091271015031384,CD4/P4HB/DAG1/ITGA5/CHMP6/F11R/NRP1/IGF2R/FN1/CXCL6/HAVCR1/SELPLG/BECN1,13
2,GO:0007178,cell surface receptor protein serine/threonine kinase signaling pathway,15/176,425/18986,0.03529411764705882,3.807352941176471,5.6618457348704165,1.0389897630977287e-5,0.0017252425016237786,0.0013091271015031384,SLC39A5/NOMO1/DKK1/SMAD1/TGFB1/HJV/LATS1/ABL1/KDR/SMAD2/SOST/FST/PBLD/SMAD5/BECN1,15
2,GO:0043254,regulation of protein-containing complex assembly,15/176,433/18986,0.03464203233256351,3.7370092378752884,5.572888782646536,1.2949412412324501e-5,0.0020478570772061748,0.0015539294894789401,MEGF9/LAMP2/DKK1/SELP/TGFB1/LATS1/PSRC1/SNCA/ABL1/ELN/CD36/ARF6/SOST/MAPK9/DNAJC6,15
2,GO:0050731,positive regulation of peptidyl-tyrosine phosphorylation,8/176,118/18986,0.06779661016949153,7.313559322033899,6.654563478274765,1.4295278815439511e-5,0.0020895068115817945,0.0015855336239645054,HBEGF/CD4/ITGA5/TGFB1/NRP1/YES1/ABL1/CD36,8
2,GO:0034383,low-density lipoprotein particle clearance,5/176,34/18986,0.14705882352941177,15.863970588235293,8.391005559459735,1.447114021872366e-5,0.0020895068115817945,0.0015855336239645054,FGF21/PCSK9/CD36/LDLRAP1/CES3,5
2,GO:0070374,positive regulation of ERK1 and ERK2 cascade,10/176,197/18986,0.050761421319796954,5.475888324873096,6.108404085042767,1.5697189453838596e-5,0.0021720985906749156,0.0016482048926530525,FGF21/CD4/CCN2/FGFR2/TGFB1/NRP1/ABL1/KDR/CD36/PDGFC,10
2,GO:0009791,post-embryonic development,7/176,89/18986,0.07865168539325842,8.484550561797754,6.845915515420612,1.897516291252201e-5,0.0023913372665187544,0.0018145648634830657,FGFR2/NPPC/IGF2R/HEG1/ABL1/KDR/SMAD2,7
2,GO:0050730,regulation of peptidyl-tyrosine phosphorylation,9/176,162/18986,0.05555555555555555,5.993055555555556,6.173553062920371,2.0656956990624536e-5,0.0023913372665187544,0.0018145648634830657,HBEGF/CD4/ITGA5/CHMP6/TGFB1/NRP1/YES1/ABL1/CD36,9
2,GO:0141091,transforming growth factor beta receptor superfamily signaling pathway,14/176,397/18986,0.03526448362720403,3.804156171284635,5.461811073002228,2.0874467550112085e-5,0.0023913372665187544,0.0018145648634830657,SLC39A5/NOMO1/DKK1/SMAD1/TGFB1/HJV/LATS1/ABL1/KDR/SMAD2/SOST/FST/PBLD/SMAD5,14
2,GO:0051701,biological process involved in interaction with host,10/176,204/18986,0.049019607843137254,5.2879901960784315,5.956143961393472,2.1224229681985862e-5,0.0023913372665187544,0.0018145648634830657,CD4/P4HB/DAG1/ITGA5/CHMP6/F11R/NRP1/HAVCR1/SELPLG/BECN1,10
2,GO:0016054,organic acid catabolic process,11/176,249/18986,0.04417670682730924,4.765562248995984,5.7855774719994475,2.1601962660512688e-5,0.0023913372665187544,0.0018145648634830657,FTCD/SCLY/KYNU/RIDA/SORD/NPL/DCXR/DDAH1/HAO1/ACAA1/NAGK,11
2,GO:0046395,carboxylic acid catabolic process,11/176,249/18986,0.04417670682730924,4.765562248995984,5.7855774719994475,2.1601962660512688e-5,0.0023913372665187544,0.0018145648634830657,FTCD/SCLY/KYNU/RIDA/SORD/NPL/DCXR/DDAH1/HAO1/ACAA1/NAGK,11
2,GO:0010811,positive regulation of cell-substrate adhesion,8/176,126/18986,0.06349206349206349,6.849206349206349,6.3720416811505665,2.3049825849808907e-5,0.002469305537006948,0.0018737277787586597,P4HB/DAG1/ITGA5/NRP1/ABL1/KDR/FN1/CD36,8
2,GO:0048259,regulation of receptor-mediated endocytosis,8/176,128/18986,0.0625,6.7421875,6.305242227165779,2.5830993696083295e-5,0.0026807728145216447,0.00203419075356656,SERPINE1/DKK1/CD63/PCSK9/NUMB/LDLRAP1/ARF6/DNAJC6,8
2,GO:1901136,carbohydrate derivative catabolic process,11/176,258/18986,0.04263565891472868,4.599321705426356,5.630566017860647,2.9950755081219043e-5,0.0030141350795372256,0.0022871485698385454,GUSB/STAB2/GPD1/GLA/TGFB1/NPL/ENO3/NT5C1A/NT5E/ENPP7/NAGK,11
2,GO:0032535,regulation of cellular component size,13/176,361/18986,0.036011080332409975,3.884695290858726,5.352696786821549,3.342404673154971e-5,0.003264742917514017,0.002477311698926626,MEGF9/CDHR2/GLA/NRP1/LATS1/RET/EZR/ABL1/SNAPIN/FN1/NAA80/ELN/ARF6,13
2,GO:0006935,chemotaxis,15/176,472/18986,0.03177966101694915,3.4282309322033897,5.167471542110232,3.5242606178756136e-5,0.0033440198605614035,0.0025374676448704416,SERPIND1/ST6GAL1/HBEGF/SERPINE1/CCL27/VEGFC/CCL23/CCL22/IL16/TGFB1/NRP1/LECT2/KDR/CXCL6/CXCL10,15
2,GO:0042330,taxis,15/176,474/18986,0.03164556962025317,3.4137658227848107,5.147837990414203,3.6988004879141076e-5,0.0034121434501007642,0.0025891603415398754,SERPIND1/ST6GAL1/HBEGF/SERPINE1/CCL27/VEGFC/CCL23/CCL22/IL16/TGFB1/NRP1/LECT2/KDR/CXCL6/CXCL10,15
2,GO:0007041,lysosomal transport,8/176,136/18986,0.058823529411764705,6.345588235294117,6.051687815667153,3.9934111235170584e-5,0.0035843563084324735,0.002719836765206213,LAMP2/PCSK9/SORT1/NAGPA/CHMP6/IGF2R/SNAPIN/BECN1,8
2,GO:0010810,regulation of cell-substrate adhesion,10/176,223/18986,0.04484304932735426,4.8374439461883405,5.575843476532294,4.5340803194304716e-5,0.003962547563375946,0.0030068111592012605,ST6GAL1/SERPINE1/P4HB/DAG1/ITGA5/NRP1/ABL1/KDR/FN1/CD36,10
2,GO:0044282,small molecule catabolic process,13/176,375/18986,0.034666666666666665,3.7396666666666665,5.183173444784348,4.940670182453618e-5,0.0041026850095268715,0.003113148516714157,ADH4/FTCD/SCLY/KYNU/RIDA/SORD/NPL/ENO3/DCXR/DDAH1/HAO1/ACAA1/NAGK,13
2,GO:0170033,L-amino acid metabolic process,9/176,181/18986,0.049723756906077346,5.363950276243094,5.706234943233778,4.941505582085964e-5,0.0041026850095268715,0.003113148516714157,P4HB/FTCD/GGT1/SCLY/KYNU/PCBD1/RIDA/DDAH1/HAO1,9
2,GO:0031623,receptor internalization,8/176,141/18986,0.05673758865248227,6.120567375886524,5.903326547048125,5.164875657688579e-5,0.004183549282727749,0.0031745089408232244,DKK1/CD63/PCSK9/EZR/NUMB/SNCA/CD36/LDLRAP1,8
2,GO:0090287,regulation of cellular response to growth factor stimulus,13/176,381/18986,0.03412073490813648,3.6807742782152233,5.11299226075322,5.807680739964472e-5,0.004592216127957622,0.003484608443978683,VEGFC/DKK1/CD63/ITGA5/HJV/NRP1/LATS1/ABL1/KDR/SMAD2/SOST/FST/PBLD,13
2,GO:0006623,protein targeting to vacuole,5/176,47/18986,0.10638297872340426,11.476063829787234,6.955618912976011,7.237452131492236e-5,0.005589669425275749,0.004241483574734985,LAMP2/SORT1/NAGPA/VPS37A/BECN1,5
2,GO:0051897,positive regulation of phosphatidylinositol 3-kinase/protein kinase B signal transduction,9/176,192/18986,0.046875,5.056640625,5.464806331783132,7.796064862940508e-5,0.005884257138596688,0.004465018966956836,HBEGF/SELP/TGFB1/RET/KDR/FN1/GH1/PDGFC/BECN1,9
2,GO:0032970,regulation of actin filament-based process,13/176,395/18986,0.03291139240506329,3.550316455696203,4.954598677612262,8.361876563570091e-5,0.0060028885255558415,0.0045550373635654074,MEGF9/CCN2/TGFB1/F11R/NRP1/DSG2/LATS1/ABL1/MYH9/NAA80/ELN/ARF6/MTSS1,13
2,GO:0016032,viral process,14/176,452/18986,0.030973451327433628,3.3412610619469025,4.873059535045924,8.499686313586218e-5,0.0060028885255558415,0.0045550373635654074,ST6GAL1/CD4/P4HB/DAG1/ITGA5/CHMP6/F11R/NRP1/VPS37A/IGF2R/HAVCR1/SELPLG/PCBP2/BECN1,14
2,GO:0007160,cell-matrix adhesion,10/176,241/18986,0.04149377593360996,4.476141078838174,5.253278553066966,8.676261644886492e-5,0.0060028885255558415,0.0045550373635654074,SERPINE1/DAG1/CCN2/CD63/ITGA5/NRP1/ABL1/KDR/FN1/CD36,10
2,GO:0007599,hemostasis,10/176,241/18986,0.04149377593360996,4.476141078838174,5.253278553066966,8.676261644886492e-5,0.0060028885255558415,0.0045550373635654074,SERPIND1/SERPINE1/PLAT/SELP/GLA/F11R/FLI1/MYH9/CD36/BLOC1S3,10
2,GO:0030324,lung development,9/176,198/18986,0.045454545454545456,4.903409090909091,5.340766925474042,9.86604969354511e-5,0.0066867655167884305,0.0050739684138232,DAG1/HS6ST1/CCN2/FGFR2/MME/TGFB1/HEG1/KDR/SMAD2,9
2,GO:0016485,protein processing,10/176,246/18986,0.04065040650406504,4.385162601626016,5.169273745609981,1.0279914878113398e-4,0.0068279194620429196,0.005181077098569153,SERPINE1/P4HB/PLAT/GGT1/PCSK9/MME/HJV/MYH9/IL1R2/MASP1,10
2,GO:0030323,respiratory tube development,9/176,202/18986,0.04455445544554455,4.806311881188119,5.260817696197478,1.1487686526874746e-4,0.0074805111677943206,0.005676268636808698,DAG1/HS6ST1/CCN2/FGFR2/MME/TGFB1/HEG1/KDR/SMAD2,9
2,GO:0046718,symbiont entry into host cell,8/176,159/18986,0.050314465408805034,5.427672955974843,5.4231394571184515,1.200556295004151e-4,0.007667398953286125,0.005818080506558578,CD4/P4HB/DAG1/ITGA5/F11R/NRP1/HAVCR1/SELPLG,8
2,GO:0043410,positive regulation of MAPK cascade,14/176,472/18986,0.029661016949152543,3.199682203389831,4.681101388239457,1.3391546630233187e-4,0.008391193652642341,0.006367301416639175,FGF21/CD4/DKK1/CCN2/FGFR2/ERBB2/TGFB1/NRP1/RET/ABL1/KDR/CD36/GH1/PDGFC,14
2,GO:0048146,positive regulation of fibroblast proliferation,5/176,54/18986,0.09259259259259259,9.988425925925926,6.398077738947655,1.4160735833464698e-4,0.008660163056911781,0.006571397441559075,TGFB1/CDKN1A/ABL1/FN1/PDGFC,5
2,GO:0031589,cell-substrate adhesion,12/176,361/18986,0.0332409972299169,3.5858725761772856,4.798216253028848,1.4342335685942425e-4,0.008660163056911781,0.006571397441559075,ST6GAL1/SERPINE1/P4HB/DAG1/CCN2/CD63/ITGA5/NRP1/ABL1/KDR/FN1/CD36,12
2,GO:1901605,alpha-amino acid metabolic process,9/176,209/18986,0.0430622009569378,4.645334928229666,5.1258360793913145,1.4862544996100272e-4,0.00866504233946392,0.006575099878184003,P4HB/FTCD/GGT1/SCLY/KYNU/PCBD1/RIDA/DDAH1/HAO1,9
2,GO:0044409,symbiont entry into host,8/176,164/18986,0.04878048780487805,5.262195121951219,5.302608993266023,1.4872249724463818e-4,0.00866504233946392,0.006575099878184003,CD4/P4HB/DAG1/ITGA5/F11R/NRP1/HAVCR1/SELPLG,8
2,GO:0034381,plasma lipoprotein particle clearance,5/176,55/18986,0.09090909090909091,9.806818181818182,6.32675233776137,1.5460899033426328e-4,0.008750374477817898,0.006639850552273744,FGF21/PCSK9/CD36/LDLRAP1/CES3,5
2,GO:0030510,regulation of BMP signaling pathway,7/176,124/18986,0.056451612903225805,6.089717741935484,5.500192730475649,1.5803176899147113e-4,0.008750374477817898,0.006639850552273744,DKK1/HJV/ABL1/KDR/SMAD2/SOST/FST,7
2,GO:0007492,endoderm development,6/176,87/18986,0.06896551724137931,7.439655172413794,5.823312053647732,1.5809167981604153e-4,0.008750374477817898,0.006639850552273744,DKK1/ITGA5/TGFB1/FN1/MYH9/SMAD2,6
2,GO:0001954,positive regulation of cell-matrix adhesion,5/176,56/18986,0.08928571428571429,9.631696428571429,6.257229749660396,1.6850370591872722e-4,0.009173783727149068,0.006961136703527747,DAG1/NRP1/ABL1/KDR/CD36,5
2,GO:1901342,regulation of vasculature development,12/176,369/18986,0.032520325203252036,3.508130081300813,4.70625686993351,1.757447439524606e-4,0.00941368217203422,0.007143173463874205,SERPINE1/SMAD1/ITGA5/ERBB2/TGFB1/NRP1/DDAH1/ABL1/KDR/ISM1/CD36/CXCL10,12
2,GO:0014850,response to muscle activity,4/176,31/18986,0.12903225806451613,13.919354838709676,6.9634909577904205,1.8465513145926593e-4,0.009581870180878471,0.007270795801208596,DAG1/ITGA5/FN1/NFATC1,4
2,GO:0150117,positive regulation of cell-substrate junction organization,4/176,31/18986,0.12903225806451613,13.919354838709676,6.9634909577904205,1.8465513145926593e-4,0.009581870180878471,0.007270795801208596,NRP1/ABL1/KDR/ARF6,4
2,GO:0043491,phosphatidylinositol 3-kinase/protein kinase B signal transduction,11/176,317/18986,0.03470031545741325,3.743296529968454,4.764409635372133,1.8789170638825877e-4,0.009599820875621652,0.007284416924590955,HBEGF/DAG1/SELP/ERBB2/TGFB1/RET/KDR/FN1/GH1/PDGFC/BECN1,11
2,GO:0007159,leukocyte cell-cell adhesion,13/176,430/18986,0.030232558139534883,3.261337209302326,4.588012702742906,1.9371375769372973e-4,0.00974732408031631,0.007396343475578771,CD4/SELP/ITGA5/ERBB2/TGFB1/F11R/EZR/YES1/ABL1/SELPLG/NT5E/VNN1/CD6,13
2,GO:0060348,bone development,9/176,217/18986,0.041474654377880185,4.474078341013825,4.978702136337689,1.9695973164418992e-4,0.009762735355079922,0.007408037667811323,PTH/FGFR2/NPPC/SMAD1/TGFB1/KDR/GH1/SMAD5/PDGFC,9
2,GO:0097006,regulation of plasma lipoprotein particle levels,6/176,91/18986,0.06593406593406594,7.112637362637363,5.653834825118557,2.0240788863059656e-4,0.009800023202107917,0.007436331969079178,FGF21/LPL/PCSK9/CD36/LDLRAP1/CES3,6
2,GO:0006054,N-acetylneuraminate metabolic process,3/176,13/18986,0.23076923076923078,24.89423076923077,8.336120109133772,2.0917237090096506e-4,0.009800023202107917,0.007436331969079178,ST6GAL1/NPL/NAGK,3
2,GO:0006622,protein targeting to lysosome,4/176,32/18986,0.125,13.484375,6.836890011086352,2.095157023034213e-4,0.009800023202107917,0.007436331969079178,LAMP2/SORT1/NAGPA/BECN1,4
2,GO:0009069,serine family amino acid metabolic process,4/176,32/18986,0.125,13.484375,6.836890011086352,2.095157023034213e-4,0.009800023202107917,0.007436331969079178,GGT1/SCLY/RIDA/HAO1,4
2,GO:0048008,platelet-derived growth factor receptor signaling pathway,5/176,59/18986,0.0847457627118644,9.141949152542374,6.058717979225699,2.1595620552868717e-4,0.009960979980010696,0.0075584671935040515,PLAT/NRP1/SNCA/ABL1/PDGFC,5
2,GO:0019058,viral life cycle,11/176,323/18986,0.034055727554179564,3.6737616099071206,4.688138715452254,2.208974626666581e-4,0.010011444110549045,0.007596759758682203,CD4/P4HB/DAG1/ITGA5/CHMP6/F11R/NRP1/VPS37A/HAVCR1/SELPLG/PCBP2,11
2,GO:0170039,proteinogenic amino acid metabolic process,8/176,174/18986,0.04597701149425287,4.959770114942528,5.075681352560573,2.2307945323114405e-4,0.010011444110549045,0.007596759758682203,FTCD/GGT1/SCLY/KYNU/PCBD1/RIDA/DDAH1/HAO1,8
2,GO:0001704,formation of primary germ layer,7/176,132/18986,0.05303030303030303,5.7206439393939394,5.264458367628301,0.00023256538600660594,0.010070730788475129,0.007641746939764326,DKK1/FGFR2/SMAD1/ITGA5/FN1/MYH9/SMAD2,7
2,GO:0002065,columnar/cuboidal epithelial cell differentiation,7/176,132/18986,0.05303030303030303,5.7206439393939394,5.264458367628301,0.00023256538600660594,0.010070730788475129,0.007641746939764326,SERPINE1/FGFR2/TGFB1/CDKN1A/ABL1/SMAD2/FST,7
2,GO:0099172,presynapse organization,5/176,60/18986,0.08333333333333333,8.989583333333332,5.995667980336242,2.3383720991093846e-4,0.010070730788475129,0.007641746939764326,DKK1/SNCA/SNAPIN/DAAM1/ARF6,5
2,GO:0090092,regulation of transmembrane receptor protein serine/threonine kinase signaling pathway,11/176,326/18986,0.03374233128834356,3.639953987730061,4.650681250272728,2.391618429618714e-4,0.010070730788475129,0.007641746939764326,NOMO1/DKK1/TGFB1/HJV/LATS1/ABL1/KDR/SMAD2/SOST/FST/PBLD,11
2,GO:0110053,regulation of actin filament organization,10/176,273/18986,0.03663003663003663,3.9514652014652016,4.751322600829855,2.3956270168308798e-4,0.010070730788475129,0.007641746939764326,MEGF9/CCN2/F11R/NRP1/LATS1/ABL1/NAA80/ELN/ARF6/MTSS1,10
2,GO:0060326,cell chemotaxis,11/176,328/18986,0.03353658536585366,3.6177591463414633,4.6259538950932555,2.5203503599208026e-4,0.010365715560724586,0.007865583623314049,HBEGF/SERPINE1/CCL27/VEGFC/CCL23/CCL22/IL16/NRP1/KDR/CXCL6/CXCL10,11
2,GO:0001706,endoderm formation,5/176,61/18986,0.08196721311475409,8.842213114754097,5.934072533756184,2.528223307493801e-4,0.010365715560724586,0.007865583623314049,DKK1/ITGA5/FN1/MYH9/SMAD2,5
2,GO:0060541,respiratory system development,9/176,225/18986,0.04,4.315,4.838536671536222,2.577240756956355e-4,0.010405650845837066,0.007895886820689374,DAG1/HS6ST1/CCN2/FGFR2/MME/TGFB1/HEG1/KDR/SMAD2,9
2,GO:0032536,regulation of cell projection size,3/176,14/18986,0.21428571428571427,23.116071428571427,8.007236955595136,2.644074032984e-4,0.010405650845837066,0.007895886820689374,CDHR2/GLA/EZR,3
2,GO:0007435,salivary gland morphogenesis,4/176,34/18986,0.11764705882352941,12.691176470588234,6.599900489508276,2.663295157772209e-4,0.010405650845837066,0.007895886820689374,DAG1/FGFR2/TGFB1/NRP1,4
2,GO:0030212,hyaluronan metabolic process,4/176,34/18986,0.11764705882352941,12.691176470588234,6.599900489508276,2.663295157772209e-4,0.010405650845837066,0.007895886820689374,GUSB/STAB2/TGFB1/ITIH3,4
2,GO:0060395,SMAD protein signal transduction,6/176,97/18986,0.061855670103092786,6.672680412371135,5.417974262830381,2.8665556642980597e-4,0.011069571350155648,0.008399674737245478,DKK1/SMAD1/TGFB1/SMAD2/SMAD5/BECN1,6
2,GO:0051896,regulation of phosphatidylinositol 3-kinase/protein kinase B signal transduction,10/176,280/18986,0.03571428571428571,3.852678571428571,4.651667108547971,2.9318283156959493e-4,0.011105878703646042,0.008427225032576941,HBEGF/DAG1/SELP/TGFB1/RET/KDR/FN1/GH1/PDGFC/BECN1,10
2,GO:0097352,autophagosome maturation,5/176,63/18986,0.07936507936507936,8.561507936507935,5.815016203695074,2.942840487566551e-4,0.011105878703646042,0.008427225032576941,LAMP2/CHMP6/SNAP29/SNAPIN/BECN1,5
2,GO:0050867,positive regulation of cell activation,12/176,391/18986,0.030690537084398978,3.3107416879795397,4.465899275626305,2.984909390848765e-4,0.011138072007874998,0.00845165355611111,CD4/SELP/IL16/TGFB1/CDKN1A/YES1/ABL1/INPP5D/HAVCR1/BLOC1S3/VNN1/CD6,12
2,GO:2000351,regulation of endothelial cell apoptotic process,5/176,64/18986,0.078125,8.427734375,5.757448596855956,3.1685209803902553e-4,0.011691842417640042,0.008871858745092717,FGF21/SERPINE1/TGFB1/ABL1/KDR,5
2,GO:2000352,negative regulation of endothelial cell apoptotic process,4/176,36/18986,0.1111111111111111,11.986111111111112,6.3820156842489135,3.3343470111357515e-4,0.012022107504235406,0.009122466398877815,FGF21/SERPINE1/ABL1/KDR,4
2,GO:0001657,ureteric bud development,6/176,100/18986,0.06,6.472499999999999,5.307414595616852,3.3798732064821283e-4,0.012022107504235406,0.009122466398877815,FGFR2/SMAD1/TGFB1/RET/SMAD2/SMAD5,6
2,GO:0072666,establishment of protein localization to vacuole,5/176,65/18986,0.07692307692307693,8.298076923076923,5.701121661728396,3.4070713758206097e-4,0.012022107504235406,0.009122466398877815,LAMP2/SORT1/NAGPA/VPS37A/BECN1,5
2,GO:0001503,ossification,13/176,456/18986,0.02850877192982456,3.0753837719298245,4.339206966188424,3.4112410851397054e-4,0.012022107504235406,0.009122466398877815,PTH/VEGFC/DKK1/CCN2/FGFR2/NPPC/SMAD1/SORT1/TGFB1/PTPRB/GRP/SOST/SMAD5,13
2,GO:0007596,blood coagulation,9/176,234/18986,0.038461538461538464,4.149038461538462,4.688450481503009,3.4390250313229856e-4,0.012022107504235406,0.009122466398877815,SERPIND1/SERPINE1/PLAT/SELP/GLA/F11R/MYH9/CD36/BLOC1S3,9
2,GO:0072163,mesonephric epithelium development,6/176,101/18986,0.0594059405940594,6.4084158415841586,5.271564265699018,3.5660841791978717e-4,0.012209242844449622,0.009264466115029521,FGFR2/SMAD1/TGFB1/RET/SMAD2/SMAD5,6
2,GO:0072164,mesonephric tubule development,6/176,101/18986,0.0594059405940594,6.4084158415841586,5.271564265699018,3.5660841791978717e-4,0.012209242844449622,0.009264466115029521,FGFR2/SMAD1/TGFB1/RET/SMAD2/SMAD5,6
2,GO:1902903,regulation of supramolecular fiber organization,12/176,400/18986,0.03,3.2362499999999996,4.3724476620567065,3.664760084083268e-4,0.012419049223714828,0.009423668787642689,MEGF9/CCN2/F11R/NRP1/LATS1/PSRC1/SNCA/ABL1/NAA80/ELN/ARF6/MTSS1,12
2,GO:0007431,salivary gland development,4/176,37/18986,0.10810810810810811,11.662162162162163,6.279430158894277,3.7116431087375203e-4,0.012450875519310409,0.009447818822240961,DAG1/FGFR2/TGFB1/NRP1,4
2,GO:0150115,cell-substrate junction organization,6/176,103/18986,0.05825242718446602,6.283980582524271,5.201295951678689,3.9625456691758695e-4,0.013155409590459686,0.009982424621487027,ITGA5/NRP1/ABL1/KDR/FN1/ARF6,6
2,GO:0030214,hyaluronan catabolic process,3/176,16/18986,0.1875,20.2265625,7.442094952390581,4.0126561657604065e-4,0.013155409590459686,0.009982424621487027,GUSB/STAB2/TGFB1,3
2,GO:0010742,macrophage derived foam cell differentiation,4/176,38/18986,0.10526315789473684,11.355263157894736,6.1807117125199484,4.118503142501102e-4,0.013155409590459686,0.009982424621487027,LPL/TGFB1/CD36/MAPK9,4
2,GO:0071404,cellular response to low-density lipoprotein particle stimulus,4/176,38/18986,0.10526315789473684,11.355263157894736,6.1807117125199484,4.118503142501102e-4,0.013155409590459686,0.009982424621487027,FGF21/LPL/TGFB1/CD36,4
2,GO:0050921,positive regulation of chemotaxis,7/176,145/18986,0.04827586206896552,5.207758620689655,4.91982983272966,4.1197307961692486e-4,0.013155409590459686,0.009982424621487027,SERPINE1/VEGFC/IL16/TGFB1/NRP1/KDR/CXCL10,7
2,GO:0050817,coagulation,9/176,241/18986,0.03734439834024896,4.028526970954356,4.576826838459865,4.2630642083421366e-4,0.013483463081813559,0.010231354100021128,SERPIND1/SERPINE1/PLAT/SELP/GLA/F11R/MYH9/CD36/BLOC1S3,9
2,GO:1904018,positive regulation of vasculature development,8/176,192/18986,0.041666666666666664,4.494791666666666,4.707924954102367,4.3268099534926e-4,0.013507374685631833,0.0102494984064415,SERPINE1/SMAD1/ITGA5/TGFB1/NRP1/DDAH1/ABL1/KDR,8
2,GO:0021700,developmental maturation,11/176,350/18986,0.03142857142857143,3.390357142857143,4.366039915409552,4.368543469179307e-4,0.013507374685631833,0.0102494984064415,PTH/DAG1/CD63/NPPC/TGFB1/CDKN1A/RET/KDR/SNAPIN/GH1/BLOC1S3,11
2,GO:0001823,mesonephros development,6/176,105/18986,0.05714285714285714,6.164285714285714,5.132862753398135,4.3926421741892144e-4,0.013507374685631833,0.0102494984064415,FGFR2/SMAD1/TGFB1/RET/SMAD2/SMAD5,6
2,GO:0003180,aortic valve morphogenesis,4/176,39/18986,0.10256410256410256,11.064102564102564,6.085613503018074,4.5562270662773206e-4,0.013586386798338144,0.010309453397112953,TGFB1/SMAD2/ELN/NFATC1,4
2,GO:0055094,response to lipoprotein particle,4/176,39/18986,0.10256410256410256,11.064102564102564,6.085613503018074,4.5562270662773206e-4,0.013586386798338144,0.010309453397112953,FGF21/LPL/TGFB1/CD36,4
2,GO:0090077,foam cell differentiation,4/176,39/18986,0.10256410256410256,11.064102564102564,6.085613503018074,4.5562270662773206e-4,0.013586386798338144,0.010309453397112953,LPL/TGFB1/CD36/MAPK9,4
2,GO:0032956,regulation of actin cytoskeleton organization,11/176,352/18986,0.03125,3.37109375,4.343444222696753,4.5819792876057575e-4,0.013586386798338144,0.010309453397112953,MEGF9/CCN2/TGFB1/F11R/NRP1/LATS1/ABL1/NAA80/ELN/ARF6/MTSS1,11
2,GO:0072577,endothelial cell apoptotic process,5/176,70/18986,0.07142857142857142,7.705357142857142,5.436551651674338,4.809754264088218e-4,0.014029985931062876,0.010646059785088362,FGF21/SERPINE1/TGFB1/ABL1/KDR,5
2,GO:0090399,replicative senescence,3/176,17/18986,0.17647058823529413,19.03676470588235,7.196612504995114,4.839389635488124e-4,0.014029985931062876,0.010646059785088362,SERPINE1/MME/CDKN1A,3
2,GO:0002532,production of molecular mediator involved in inflammatory response,6/176,107/18986,0.056074766355140186,6.049065420560748,5.066180166291369,4.858320933671276e-4,0.014029985931062876,0.010646059785088362,SERPINE1/CD36/IL1R2/MAPK9/CD6/PBXIP1,6
2,GO:0050918,positive chemotaxis,5/176,72/18986,0.06944444444444445,7.491319444444444,5.3379533552847915,5.478080451510333e-4,0.015562282646331011,0.01180877815981757,VEGFC/IL16/NRP1/KDR/CXCL10,5
2,GO:0045765,regulation of angiogenesis,11/176,360/18986,0.030555555555555555,3.2961805555555554,4.254658653798994,5.525288243528905e-4,0.015562282646331011,0.01180877815981757,SERPINE1/SMAD1/ITGA5/ERBB2/NRP1/DDAH1/ABL1/KDR/ISM1/CD36/CXCL10,11
2,GO:0030279,negative regulation of ossification,4/176,41/18986,0.0975609756097561,10.524390243902438,5.905396222591616,5.52950723356537e-4,0.015562282646331011,0.01180877815981757,PTH/DKK1/TGFB1/SOST,4
2,GO:0072073,kidney epithelium development,7/176,153/18986,0.0457516339869281,4.935457516339869,4.727683859883299,5.684623868898552e-4,0.015732196557176743,0.01193771012468696,FGFR2/SMAD1/TGFB1/RET/SMAD2/SMAD5/MTSS1,7
2,GO:1904375,regulation of protein localization to cell periphery,7/176,153/18986,0.0457516339869281,4.935457516339869,4.727683859883299,5.684623868898552e-4,0.015732196557176743,0.01193771012468696,DAG1/TGFB1/EZR/NUMB/SNCA/LDLRAP1/ARF6,7
2,GO:0071895,odontoblast differentiation,3/176,18/18986,0.16666666666666666,17.979166666666664,6.971224843531965,5.767808983016677e-4,0.015747343232927466,0.011949203537180732,SERPINE1/TGFB1/SMAD2,3
2,GO:1990778,protein localization to cell periphery,11/176,362/18986,0.03038674033149171,3.2779696132596685,4.23285086358287,5.7849318711748e-4,0.015747343232927466,0.011949203537180732,DAG1/ERBB2/TGFB1/F11R/EZR/FYB1/NUMB/SNCA/CACNB3/LDLRAP1/ARF6,11
2,GO:0033002,muscle cell proliferation,9/176,252/18986,0.03571428571428571,3.852678571428571,4.409659837359561,5.881897666240487e-4,0.015753080242889076,0.011953556823872469,HBEGF/FGFR2/NPPC/SMAD1/TGFB1/CDKN1A/ABL1/ELN/LDLRAP1,9
2,GO:0071560,cellular response to transforming growth factor beta stimulus,10/176,306/18986,0.032679738562091505,3.5253267973856213,4.307815567934814,5.881908913334072e-4,0.015753080242889076,0.011953556823872469,FGFR2/SMAD1/TGFB1/LATS1/YES1/ABL1/SMAD2/PBLD/SMAD5/NFATC1,10
2,GO:0007369,gastrulation,8/176,202/18986,0.039603960396039604,4.272277227722772,4.522712400827875,6.052186996643222e-4,0.015997058963222777,0.012138689728190722,DAG1/DKK1/FGFR2/SMAD1/ITGA5/FN1/MYH9/SMAD2,8
2,GO:0007040,lysosome organization,6/176,112/18986,0.05357142857142857,5.779017857142857,4.906625664785696,6.191458709202004e-4,0.015997058963222777,0.012138689728190722,LAMP2/CREG1/NAGPA/CHMP6/SNAPIN/BECN1,6
2,GO:0022600,digestive system process,6/176,112/18986,0.05357142857142857,5.779017857142857,4.906625664785696,6.191458709202004e-4,0.015997058963222777,0.012138689728190722,NPPC/F11R/EZR/CD36/ENPP7/PBLD,6
2,GO:0080171,lytic vacuole organization,6/176,112/18986,0.05357142857142857,5.779017857142857,4.906625664785696,6.191458709202004e-4,0.015997058963222777,0.012138689728190722,LAMP2/CREG1/NAGPA/CHMP6/SNAPIN/BECN1,6
2,GO:2000379,positive regulation of reactive oxygen species metabolic process,5/176,74/18986,0.06756756756756757,7.288851351351352,5.243070490522024,6.213853075145251e-4,0.015997058963222777,0.012138689728190722,TGFB1/CDKN1A/DCXR/SNCA/CD36,5
2,GO:0034762,regulation of transmembrane transport,13/176,487/18986,0.026694045174537988,2.8796201232032854,4.0646923227253575,6.331144586171195e-4,0.016173639362057336,0.012272680274731856,FGF21/PTH/CD63/PCSK9/TGFB1/YES1/SNCA/ABL1/AHNAK/GH1/CACNB3/GRP/CXCL10,13
2,GO:0006959,humoral immune response,10/176,310/18986,0.03225806451612903,3.479838709677419,4.258234616169906,6.501775082922598e-4,0.016482744313271715,0.012507231457225152,ST6GAL1/RNASE4/CCL27/CCL23/CCL22/C9/CXCL6/FCN2/CXCL10/MASP1,10
2,GO:0003170,heart valve development,5/176,75/18986,0.06666666666666667,7.191666666666666,5.196945817495558,6.608352122011877e-4,0.016501005561805598,0.0125210882311804,DKK1/TGFB1/SMAD2/ELN/NFATC1,5
2,GO:0170035,L-amino acid catabolic process,5/176,75/18986,0.06666666666666667,7.191666666666666,5.196945817495558,6.608352122011877e-4,0.016501005561805598,0.0125210882311804,FTCD/SCLY/KYNU/RIDA/DDAH1,5
2,GO:0010744,positive regulation of macrophage derived foam cell differentiation,3/176,19/18986,0.15789473684210525,17.032894736842106,6.763268925773247,6.802754514511767e-4,0.01673477610569895,0.012698475093755298,LPL/CD36/MAPK9,3
2,GO:0031053,primary miRNA processing,3/176,19/18986,0.15789473684210525,17.032894736842106,6.763268925773247,6.802754514511767e-4,0.01673477610569895,0.012698475093755298,SMAD1/TGFB1/SMAD2,3
2,GO:0071559,response to transforming growth factor beta,10/176,313/18986,0.03194888178913738,3.4464856230031944,4.221580012580002,7.001308977163497e-4,0.01709657875967645,0.01297301369297942,FGFR2/SMAD1/TGFB1/LATS1/YES1/ABL1/SMAD2/PBLD/SMAD5/NFATC1,10
2,GO:0002696,positive regulation of leukocyte activation,11/176,371/18986,0.029649595687331536,3.19845013477089,4.1365596450798545,7.083011745230395e-4,0.01716984088022638,0.013028605545971237,CD4/IL16/TGFB1/CDKN1A/YES1/ABL1/INPP5D/HAVCR1/BLOC1S3/VNN1/CD6,11
2,GO:0045807,positive regulation of endocytosis,7/176,159/18986,0.0440251572327044,4.7492138364779874,4.592143478515251,7.142612153025935e-4,0.01718885142043415,0.013043030888134315,SERPINE1/CD63/PCSK9/SNCA/CD36/FCN2/LDLRAP1,7
2,GO:0050892,intestinal absorption,4/176,44/18986,0.09090909090909091,9.806818181818182,5.657175987961068,7.25383209944067e-4,0.01720712600160176,0.013056897778993208,F11R/EZR/CD36/ENPP7,4
2,GO:0060563,neuroepithelial cell differentiation,4/176,44/18986,0.09090909090909091,9.806818181818182,5.657175987961068,7.25383209944067e-4,0.01720712600160176,0.013056897778993208,SERPINE1/TGFB1/ABL1/SMAD2,4
2,GO:0043393,regulation of protein binding,6/176,116/18986,0.05172413793103448,5.579741379310345,4.785763523468017,7.449123480390552e-4,0.017431191661189938,0.013226920501715943,DKK1/PCSK9/CDKN1A/ABL1/SNAPIN/LDLRAP1,6
2,GO:0009880,embryonic pattern specification,5/176,77/18986,0.06493506493506493,7.004870129870128,5.10718909106492,7.453264727157396e-4,0.017431191661189938,0.013226920501715943,FGFR2/SMAD1/NRP1/SMAD2/SMAD5,5
2,GO:0003176,aortic valve development,4/176,45/18986,0.08888888888888889,9.58888888888889,5.579676579321909,7.904436022283801e-4,0.01798064381961136,0.013643848968810787,TGFB1/SMAD2/ELN/NFATC1,4
2,GO:0035196,miRNA processing,4/176,45/18986,0.08888888888888889,9.58888888888889,5.579676579321909,7.904436022283801e-4,0.01798064381961136,0.013643848968810787,SMAD1/TGFB1/SMAD2/PRKRA,4
2,GO:0071402,cellular response to lipoprotein particle stimulus,4/176,45/18986,0.08888888888888889,9.58888888888889,5.579676579321909,7.904436022283801e-4,0.01798064381961136,0.013643848968810787,FGF21/LPL/TGFB1/CD36,4
2,GO:0043536,positive regulation of blood vessel endothelial cell migration,5/176,78/18986,0.0641025641025641,6.915064102564102,5.063504460758571,7.904769640660218e-4,0.01798064381961136,0.013643848968810787,VEGFC/TGFB1/NRP1/ABL1/KDR,5
2,GO:0002009,morphogenesis of an epithelium,13/176,500/18986,0.026,2.80475,3.955922867771203,8.071691551509311e-4,0.01823543377045063,0.013837185516873103,HBEGF/DAG1/VEGFC/FGFR2/ITGA5/TGFB1/NRP1/RET/ABL1/KDR/FST/CXCL10/MTSS1,13
2,GO:0051017,actin filament bundle assembly,7/176,164/18986,0.042682926829268296,4.604420731707318,4.484270015943316,8.571227313922512e-4,0.01923313912806531,0.014594251912895088,CCN2/F11R/NRP1/EZR/ABL1/ELN/MTSS1,7
2,GO:0001822,kidney development,10/176,322/18986,0.031055900621118012,3.3501552795031055,4.114237589342966,8.693555103602343e-4,0.01937670905977408,0.014703193866495238,FGFR2/PCSK9/SMAD1/MME/TGFB1/NRP1/RET/SMAD2/SMAD5/MTSS1,10
2,GO:0050878,regulation of body fluid levels,11/176,381/18986,0.028871391076115485,3.1145013123359577,4.03295008206517,8.801088146710674e-4,0.01948560915681743,0.014785828086473933,SERPIND1/SERPINE1/PLAT/SELP/GLA/F11R/FLI1/HEG1/MYH9/CD36/BLOC1S3,11
2,GO:1901888,regulation of cell junction assembly,9/176,268/18986,0.033582089552238806,3.622667910447761,4.182618123096811,9.106202768150506e-4,0.02002761549207141,0.015197106606449854,DKK1/F11R/NRP1/LATS1/SNCA/ABL1/KDR/ARF6/CC2D1A,9
2,GO:0048638,regulation of developmental growth,10/176,325/18986,0.03076923076923077,3.3192307692307694,4.079297930756187,9.327267864971216e-4,0.020320406386013307,0.015419278558492483,FGFR2/NPPC/CDKN1A/NRP1/LATS1/EZR/ATRN/ABL1/FN1/GH1,10
2,GO:0050920,regulation of chemotaxis,8/176,216/18986,0.037037037037037035,3.99537037037037,4.282649236406123,9.361704839084722e-4,0.020320406386013307,0.015419278558492483,ST6GAL1/SERPINE1/VEGFC/IL16/TGFB1/NRP1/KDR/CXCL10,8
2,GO:0061572,actin filament bundle organization,7/176,168/18986,0.041666666666666664,4.494791666666666,4.40105136321638,9.869087437323156e-4,0.021248844695417636,0.01612378459272883,CCN2/F11R/NRP1/EZR/ABL1/ELN/MTSS1,7
2,GO:0014823,response to activity,5/176,82/18986,0.06097560975609756,6.577743902439025,4.896163126511267,9.917407189972097e-4,0.021248844695417636,0.01612378459272883,FGF21/DAG1/ITGA5/FN1/NFATC1,5
2,GO:0006911,"phagocytosis, engulfment",4/176,48/18986,0.08333333333333333,8.989583333333332,5.360989175834186,0.0010102456127123638,0.02150657487062667,0.01631935220535357,MYH9/HAVCR1/CD36/BECN1,4
2,GO:0055074,calcium ion homeostasis,10/176,329/18986,0.030395136778115502,3.2788753799392096,4.033340214731561,0.0010230784621935377,0.021641041865890057,0.016421386781705193,FAM20A/PTH/CCL23/NPPC/TGFB1/SNCA/ABL1/KDR/NT5E/CXCL10,10
2,GO:0010988,regulation of low-density lipoprotein particle clearance,3/176,22/18986,0.13636363636363635,14.710227272727273,6.223837686939765,0.0010592790306930364,0.022124941263720593,0.01678857331664435,FGF21/PCSK9/LDLRAP1,3
2,GO:0060445,branching involved in salivary gland morphogenesis,3/176,22/18986,0.13636363636363635,14.710227272727273,6.223837686939765,0.0010592790306930364,0.022124941263720593,0.01678857331664435,DAG1/FGFR2/NRP1,3
2,GO:0035272,exocrine system development,4/176,49/18986,0.08163265306122448,8.806122448979592,5.292307214976238,0.0010921665367129147,0.022387621307887438,0.01698789692739426,DAG1/FGFR2/TGFB1/NRP1,4
2,GO:1905314,semi-lunar valve development,4/176,49/18986,0.08163265306122448,8.806122448979592,5.292307214976238,0.0010921665367129147,0.022387621307887438,0.01698789692739426,TGFB1/SMAD2/ELN/NFATC1,4
2,GO:0072001,renal system development,10/176,332/18986,0.030120481927710843,3.2492469879518073,3.9993318341285957,0.0010954504293083601,0.022387621307887438,0.01698789692739426,FGFR2/PCSK9/SMAD1/MME/TGFB1/NRP1/RET/SMAD2/SMAD5/MTSS1,10
2,GO:0001952,regulation of cell-matrix adhesion,6/176,125/18986,0.048,5.178,4.533235921617011,0.001099807715774793,0.022387621307887438,0.01698789692739426,SERPINE1/DAG1/NRP1/ABL1/KDR/CD36,6
2,GO:0035023,regulation of Rho protein signal transduction,5/176,84/18986,0.05952380952380952,6.421130952380952,4.8166257008198325,0.0011055615460685154,0.022387621307887438,0.01698789692739426,ERBB2/F11R/NRP1/HEG1/ABL1,5
2,GO:0048660,regulation of smooth muscle cell proliferation,7/176,174/18986,0.040229885057471264,4.339798850574713,4.280994667644069,0.0012100785981966331,0.024355581967339508,0.018481200408821306,HBEGF/FGFR2/NPPC/TGFB1/CDKN1A/ELN/LDLRAP1,7
2,GO:0010720,positive regulation of cell development,12/176,460/18986,0.02608695652173913,2.8141304347826086,3.8099899683564065,0.0012427299487196381,0.02486208529938505,0.018865538980563184,CD4/DAG1/VEGFC/MME/TGFB1/F11R/NRP1/RET/NUMB/FN1/INPP5D/VNN1,12
2,GO:0038084,vascular endothelial growth factor signaling pathway,4/176,51/18986,0.0784313725490196,8.46078431372549,5.160647021912707,0.0012697923917024663,0.025251380436190962,0.019160939084372542,VEGFC/CD63/NRP1/KDR,4
2,GO:0072665,protein localization to vacuole,5/176,88/18986,0.056818181818181816,6.129261363636363,4.665041159907695,0.0013618881260430843,0.02663721477946843,0.020212520699867644,LAMP2/SORT1/NAGPA/VPS37A/BECN1,5
2,GO:0032924,activin receptor signaling pathway,4/176,52/18986,0.07692307692307693,8.298076923076923,5.097487375743737,0.001365764649881055,0.02663721477946843,0.020212520699867644,NOMO1/HJV/SMAD2/FST,4
2,GO:0035987,endodermal cell differentiation,4/176,52/18986,0.07692307692307693,8.298076923076923,5.097487375743737,0.001365764649881055,0.02663721477946843,0.020212520699867644,DKK1/ITGA5/FN1/MYH9,4
2,GO:0007042,lysosomal lumen acidification,3/176,24/18986,0.125,13.484375,5.919671293135204,0.001373385174457099,0.02663721477946843,0.020212520699867644,LAMP2/CREG1/SNAPIN,3
2,GO:0048659,smooth muscle cell proliferation,7/176,178/18986,0.03932584269662921,4.242275280898877,4.203933284146385,0.0013795847461814423,0.02663721477946843,0.020212520699867644,HBEGF/FGFR2/NPPC/TGFB1/CDKN1A/ELN/LDLRAP1,7
2,GO:0051235,maintenance of location,10/176,345/18986,0.028985507246376812,3.1268115942028984,3.856303445006496,0.0014591959466748725,0.028011501380966773,0.021255339801275603,CD4/LPL/GLA/NUCB2/TGFB1/LATS1/SNCA/ABL1/CD36/CXCL10,10
2,GO:0048145,regulation of fibroblast proliferation,5/176,90/18986,0.05555555555555555,5.993055555555556,4.592719796288552,0.0015053338313329773,0.0287311129532001,0.021801386522753465,TGFB1/CDKN1A/ABL1/FN1/PDGFC,5
2,GO:0035265,organ growth,7/176,181/18986,0.03867403314917127,4.17196132596685,4.147608339020848,0.0015184717654616359,0.02874893461589116,0.02181490973563557,FGFR2/NPPC/SMAD1/LATS1/HEG1/ABL1/SMAD2,7
2,GO:0010959,regulation of metal ion transport,11/176,408/18986,0.02696078431372549,2.908394607843137,3.7693461337839684,0.0015235809974094682,0.02874893461589116,0.02181490973563557,CD4/CD63/IL16/PCSK9/TGFB1/SNCA/ABL1/AHNAK/CACNB3/GRP/CXCL10,11
2,GO:0006520,amino acid metabolic process,9/176,289/18986,0.031141868512110725,3.3594290657439445,3.9096431511937904,0.001538136575530472,0.028859613374783603,0.021898893617721977,P4HB/FTCD/GGT1/SCLY/KYNU/PCBD1/RIDA/DDAH1/HAO1,9
2,GO:0048286,lung alveolus development,4/176,54/18986,0.07407407407407407,7.99074074074074,4.9760996063924585,0.0015726939688970464,0.029342228487118493,0.022265105627081783,HS6ST1/FGFR2/TGFB1/KDR,4
2,GO:0001933,negative regulation of protein phosphorylation,8/176,236/18986,0.03389830508474576,3.6567796610169494,3.972630203588458,0.0016456064409042135,0.03053105581141281,0.02316719682166826,DKK1/CHMP6/TGFB1/CDKN1A/LATS1/SNCA/HEG1/ABL1,8
2,GO:0050927,positive regulation of positive chemotaxis,3/176,26/18986,0.11538461538461539,12.447115384615385,5.649770475886432,0.001740413965517192,0.031767480118382034,0.024105404967877962,VEGFC/IL16/KDR,3
2,GO:0051894,positive regulation of focal adhesion assembly,3/176,26/18986,0.11538461538461539,12.447115384615385,5.649770475886432,0.001740413965517192,0.031767480118382034,0.024105404967877962,NRP1/ABL1/KDR,3
2,GO:0033273,response to vitamin,5/176,93/18986,0.053763440860215055,5.799731182795699,4.488230611865653,0.0017409459143467418,0.031767480118382034,0.024105404967877962,PTH/KYNU/TGFB1/CXCL10/BECN1,5
2,GO:0048565,digestive tract development,6/176,137/18986,0.043795620437956206,4.724452554744525,4.232001465917885,0.0017594564533188588,0.03184568340663789,0.024164746216418995,FGFR2/TGFB1/CDKN1A/RET/SMAD2/PDGFC,6
2,GO:0032496,response to lipopolysaccharide,10/176,354/18986,0.02824858757062147,3.0473163841807906,3.7611797750908775,0.0017644100411988472,0.03184568340663789,0.024164746216418995,SERPINE1/SELP/FGFR2/SNCA/ABL1/CXCL6/GFER/CD36/CXCL10/CD6,10
2,GO:0006909,phagocytosis,8/176,239/18986,0.03347280334728033,3.6108786610878663,3.9290448507074034,0.001781346845990728,0.03197758311100112,0.024264832712954782,TGFB1/YES1/ABL1/MYH9/HAVCR1/CD36/FCN2/BECN1,8
2,GO:0048260,positive regulation of receptor-mediated endocytosis,4/176,56/18986,0.07142857142857142,7.705357142857142,4.860801181272261,0.001800486521252114,0.03214739643590468,0.024393688352447998,SERPINE1/CD63/PCSK9/LDLRAP1,4
2,GO:0007266,Rho protein signal transduction,6/176,139/18986,0.04316546762589928,4.6564748201438855,4.185198960457261,0.001893524391205479,0.033290694519733266,0.025261231613889736,PTH/ERBB2/F11R/NRP1/HEG1/ABL1,6
2,GO:0099024,plasma membrane invagination,4/176,57/18986,0.07017543859649122,7.570175438596491,4.805270005432754,0.0019225359133522018,0.033290694519733266,0.025261231613889736,MYH9/HAVCR1/CD36/BECN1,4
2,GO:0045766,positive regulation of angiogenesis,7/176,189/18986,0.037037037037037035,3.99537037037037,4.0031733586016705,0.0019425212209261851,0.033290694519733266,0.025261231613889736,SERPINE1/SMAD1/ITGA5/NRP1/DDAH1/ABL1/KDR,7
2,GO:0002070,epithelial cell maturation,3/176,27/18986,0.1111111111111111,11.986111111111112,5.525675699937848,0.0019447138623391307,0.033290694519733266,0.025261231613889736,TGFB1/CDKN1A/KDR,3
2,GO:0006929,substrate-dependent cell migration,3/176,27/18986,0.1111111111111111,11.986111111111112,5.525675699937848,0.0019447138623391307,0.033290694519733266,0.025261231613889736,VEGFC/NRP1/FN1,3
2,GO:0030194,positive regulation of blood coagulation,3/176,27/18986,0.1111111111111111,11.986111111111112,5.525675699937848,0.0019447138623391307,0.033290694519733266,0.025261231613889736,SERPINE1/PLAT/CD36,3
2,GO:0050926,regulation of positive chemotaxis,3/176,27/18986,0.1111111111111111,11.986111111111112,5.525675699937848,0.0019447138623391307,0.033290694519733266,0.025261231613889736,VEGFC/IL16/KDR,3
2,GO:1900048,positive regulation of hemostasis,3/176,27/18986,0.1111111111111111,11.986111111111112,5.525675699937848,0.0019447138623391307,0.033290694519733266,0.025261231613889736,SERPINE1/PLAT/CD36,3
2,GO:0008360,regulation of cell shape,6/176,140/18986,0.04285714285714286,4.623214285714286,4.1621303881419,0.0019633916989828487,0.03331020989572885,0.025276040029279346,DAG1/F11R/EZR/KDR/FN1/MYH9,6
2,GO:0043086,negative regulation of catalytic activity,12/176,486/18986,0.024691358024691357,2.66358024691358,3.5937119376261695,0.0019701239973111437,0.03331020989572885,0.025276040029279346,SERPIND1/SERPINE1/GLA/SORT1/CHMP6/CDKN1A/SERPINA4/LATS1/SNCA/HEG1/ABL1/ITIH3,12
2,GO:0045860,positive regulation of protein kinase activity,8/176,243/18986,0.03292181069958848,3.5514403292181074,3.8720079201048363,0.001975944399114298,0.03331020989572885,0.025276040029279346,CD4/VEGFC/ERBB2/CDKN1A/PSRC1/SNCA/ABL1/GH1,8
2,GO:0007044,cell-substrate junction assembly,5/176,96/18986,0.052083333333333336,5.618489583333334,4.388204342524791,0.002002538185580872,0.033588026839970087,0.02548684963466565,ITGA5/NRP1/ABL1/KDR/FN1,5
2,GO:0031638,zymogen activation,4/176,58/18986,0.06896551724137931,7.439655172413794,4.751070584659862,0.0020501952030511452,0.03421456416750177,0.02596227091300948,SERPINE1/PLAT/GGT1/MASP1,4
2,GO:0006027,glycosaminoglycan catabolic process,3/176,28/18986,0.10714285714285714,11.558035714285714,5.407955630872951,0.0021633443856068435,0.0356873614641395,0.02707984067739582,GUSB/STAB2/TGFB1,3
2,GO:0045859,regulation of protein kinase activity,11/176,427/18986,0.02576112412177986,2.7789812646370025,3.5964602352703943,0.002175689303106547,0.0356873614641395,0.02707984067739582,CD4/VEGFC/ERBB2/CHMP6/CDKN1A/LATS1/PSRC1/SNCA/HEG1/ABL1/GH1,11
2,GO:0061462,protein localization to lysosome,4/176,59/18986,0.06779661016949153,7.313559322033899,4.698147170984279,0.0021835944028709624,0.0356873614641395,0.02707984067739582,LAMP2/SORT1/NAGPA/BECN1,4
2,GO:0002274,myeloid leukocyte activation,8/176,247/18986,0.032388663967611336,3.493927125506073,3.816157291320961,0.002186938424770665,0.0356873614641395,0.02707984067739582,IL16/TGFB1/LAT2/SNCA/FN1/CXCL6/HAVCR1/GRP,8
2,GO:1901606,alpha-amino acid catabolic process,5/176,98/18986,0.05102040816326531,5.503826530612245,4.323833306346069,0.0021921775786463284,0.0356873614641395,0.02707984067739582,FTCD/SCLY/KYNU/RIDA/DDAH1,5
2,GO:1905475,regulation of protein localization to membrane,7/176,194/18986,0.03608247422680412,3.892396907216494,3.9168729832358307,0.0022508089521390646,0.036463105024652845,0.027668480777514354,DAG1/ERBB2/TGFB1/EZR/NUMB/LDLRAP1/ARF6,7
2,GO:0007586,digestion,6/176,144/18986,0.041666666666666664,4.494791666666666,4.0719859857632,0.0022625440476753576,0.036475285351115834,0.027677723301659716,NPPC/F11R/EZR/CD36/ENPP7/PBLD,6
2,GO:0051781,positive regulation of cell division,5/176,99/18986,0.050505050505050504,5.4482323232323235,4.292307286791703,0.0022917542265980455,0.03676770911368169,0.02789961667162838,VEGFC/FGFR2/TGFB1/ARF6/PDGFC,5
2,GO:0002040,sprouting angiogenesis,7/176,196/18986,0.03571428571428571,3.852678571428571,3.883154965424971,0.0023841899283150504,0.03790121413597021,0.028759728883663033,VEGFC/SMAD1/ITGA5/TGFB1/NRP1/ABL1/KDR,7
2,GO:0001778,plasma membrane repair,3/176,29/18986,0.10344827586206896,11.15948275862069,5.296061606671781,0.002396644073638586,0.03790121413597021,0.028759728883663033,CHMP6/MYH9/AHNAK,3
2,GO:0032801,receptor catabolic process,3/176,29/18986,0.10344827586206896,11.15948275862069,5.296061606671781,0.002396644073638586,0.03790121413597021,0.028759728883663033,PCSK9/TGFB1/BECN1,3
2,GO:0032233,positive regulation of actin filament bundle assembly,4/176,61/18986,0.06557377049180328,7.073770491803279,4.595921345715529,0.0024681287697999976,0.03877383478858974,0.029421880056382466,CCN2/NRP1/ABL1/MTSS1,4
2,GO:0048738,cardiac muscle tissue development,8/176,252/18986,0.031746031746031744,3.4246031746031744,3.7479424943511623,0.002475174036489318,0.03877383478858974,0.029421880056382466,DKK1/FGFR2/SMAD1/TGFB1/DSG2/HEG1/ABL1/SMAD5,8
2,GO:0034109,homotypic cell-cell adhesion,5/176,101/18986,0.04950495049504951,5.340346534653466,4.230520796294384,0.002500728628640462,0.0388080363351167,0.02944783244941105,CDHR2/GLA/F11R/DSG2/MYH9,5
2,GO:0034446,substrate adhesion-dependent cell spreading,5/176,101/18986,0.04950495049504951,5.340346534653466,4.230520796294384,0.002500728628640462,0.0388080363351167,0.02944783244941105,ST6GAL1/P4HB/NRP1/ABL1/FN1,5
2,GO:0003158,endothelium development,6/176,148/18986,0.04054054054054054,4.3733108108108105,3.9850801119966652,0.0025948452620887575,0.039723405789456455,0.030142421737256925,F11R/NRP1/EZR/HEG1/KDR/CXCL10,6
2,GO:0055123,digestive system development,6/176,148/18986,0.04054054054054054,4.3733108108108105,3.9850801119966652,0.0025948452620887575,0.039723405789456455,0.030142421737256925,FGFR2/TGFB1/CDKN1A/RET/SMAD2/PDGFC,6
2,GO:0003179,heart valve morphogenesis,4/176,62/18986,0.06451612903225806,6.959677419354838,4.546522714420071,0.002619519984309233,0.039723405789456455,0.030142421737256925,TGFB1/SMAD2/ELN/NFATC1,4
2,GO:0048010,vascular endothelial growth factor receptor signaling pathway,4/176,62/18986,0.06451612903225806,6.959677419354838,4.546522714420071,0.002619519984309233,0.039723405789456455,0.030142421737256925,VEGFC/ITGA5/NRP1/KDR,4
2,GO:1900024,regulation of substrate adhesion-dependent cell spreading,4/176,62/18986,0.06451612903225806,6.959677419354838,4.546522714420071,0.002619519984309233,0.039723405789456455,0.030142421737256925,ST6GAL1/P4HB/NRP1/ABL1,4
2,GO:0010955,negative regulation of protein processing,3/176,30/18986,0.1,10.787500000000001,5.189509236724241,0.002644938437412478,0.03992654795748564,0.030296567555815657,SERPINE1/PLAT/IL1R2,3
2,GO:0002237,response to molecule of bacterial origin,10/176,375/18986,0.02666666666666667,2.876666666666667,3.5504643501807855,0.0026802243021635326,0.04027613080309996,0.030561833671728968,SERPINE1/SELP/FGFR2/SNCA/ABL1/CXCL6/GFER/CD36/CXCL10/CD6,10
2,GO:0042326,negative regulation of phosphorylation,8/176,256/18986,0.03125,3.37109375,3.6945968583452924,0.00272653516855966,0.0407874923188587,0.030949858670136682,DKK1/CHMP6/TGFB1/CDKN1A/LATS1/SNCA/HEG1/ABL1,8
2,GO:0003229,ventricular cardiac muscle tissue development,4/176,63/18986,0.06349206349206349,6.849206349206349,4.498207233926286,0.0027771630985839848,0.041358558970391986,0.03138318837861723,FGFR2/TGFB1/DSG2/HEG1,4
2,GO:0033674,positive regulation of kinase activity,8/176,258/18986,0.031007751937984496,3.3449612403100772,3.6683186870972584,0.0028594793286264054,0.04192133693527071,0.031810228568769104,CD4/VEGFC/ERBB2/CDKN1A/PSRC1/SNCA/ABL1/GH1,8
2,GO:0051924,regulation of calcium ion transport,8/176,258/18986,0.031007751937984496,3.3449612403100772,3.6683186870972584,0.0028594793286264054,0.04192133693527071,0.031810228568769104,CD4/IL16/TGFB1/SNCA/ABL1/AHNAK/CACNB3/CXCL10,8
2,GO:0001945,lymph vessel development,3/176,31/18986,0.0967741935483871,10.439516129032258,5.087869017536634,0.0029085402201931778,0.04192133693527071,0.031810228568769104,VEGFC/HEG1/KDR,3
2,GO:0036010,protein localization to endosome,3/176,31/18986,0.0967741935483871,10.439516129032258,5.087869017536634,0.0029085402201931778,0.04192133693527071,0.031810228568769104,NRP1/EZR/ARF6,3
2,GO:0050820,positive regulation of coagulation,3/176,31/18986,0.0967741935483871,10.439516129032258,5.087869017536634,0.0029085402201931778,0.04192133693527071,0.031810228568769104,SERPINE1/PLAT/CD36,3
2,GO:0070723,response to cholesterol,3/176,31/18986,0.0967741935483871,10.439516129032258,5.087869017536634,0.0029085402201931778,0.04192133693527071,0.031810228568769104,DAG1/TGFB1/SMAD2,3
2,GO:1903055,positive regulation of extracellular matrix organization,3/176,31/18986,0.0967741935483871,10.439516129032258,5.087869017536634,0.0029085402201931778,0.04192133693527071,0.031810228568769104,DAG1/TGFB1/ABL1,3
2,GO:1904062,regulation of monoatomic cation transmembrane transport,9/176,318/18986,0.02830188679245283,3.053066037735849,3.5713697816378893,0.0029321017692063647,0.04192133693527071,0.031810228568769104,CD63/PCSK9/TGFB1/SNCA/ABL1/AHNAK/CACNB3/GRP/CXCL10,9
2,GO:0010324,membrane invagination,4/176,64/18986,0.0625,6.7421875,4.450933177690379,0.0029411838319536514,0.04192133693527071,0.031810228568769104,MYH9/HAVCR1/CD36/BECN1,4
2,GO:0033619,membrane protein proteolysis,4/176,64/18986,0.0625,6.7421875,4.450933177690379,0.0029411838319536514,0.04192133693527071,0.031810228568769104,DAG1/TGFB1/RET/MYH9,4
2,GO:0002687,positive regulation of leukocyte migration,6/176,152/18986,0.039473684210526314,4.2582236842105265,3.9012038493521586,0.002962534301644866,0.04204519835795983,0.03190421555617548,SERPINE1/VEGFC/SELP/TGFB1/ABL1/CXCL10,6
2,GO:2000377,regulation of reactive oxygen species metabolic process,6/176,153/18986,0.0392156862745098,4.230392156862745,3.880685485152286,0.003060251522655279,0.043080541721618015,0.032689841956783317,TGFB1/CDKN1A/DCXR/SNCA/CD36/BECN1,6
2,GO:0090101,negative regulation of transmembrane receptor protein serine/threonine kinase signaling pathway,7/176,205/18986,0.03414634146341464,3.683536585365854,3.736735272907929,0.003061429643571771,0.043080541721618015,0.032689841956783317,NOMO1/DKK1/HJV/ABL1/SOST/FST/PBLD,7
2,GO:0040014,regulation of multicellular organism growth,4/176,65/18986,0.06153846153846154,6.638461538461539,4.40466105722995,0.0031117068938796553,0.04360328520917441,0.033086503681758354,NPPC/EZR/ATRN/GH1,4
2,GO:0071900,regulation of protein serine/threonine kinase activity,8/176,262/18986,0.030534351145038167,3.2938931297709924,3.6165272932569716,0.0031405241146884068,0.04382218733142941,0.033252608273171363,ERBB2/CDKN1A/LATS1/PSRC1/SNCA/HEG1/ABL1/GH1,8
2,GO:0035751,regulation of lysosomal lumen pH,3/176,32/18986,0.09375,10.11328125,4.990758571922546,0.0031877496530783264,0.04387067927237542,0.03328940432592173,LAMP2/CREG1/SNAPIN,3
2,GO:1903318,negative regulation of protein maturation,3/176,32/18986,0.09375,10.11328125,4.990758571922546,0.0031877496530783264,0.04387067927237542,0.03328940432592173,SERPINE1/PLAT/IL1R2,3
2,GO:0032231,regulation of actin filament bundle assembly,5/176,107/18986,0.04672897196261682,5.040887850467289,4.054585190930552,0.003210659014657371,0.04387067927237542,0.03328940432592173,CCN2/F11R/NRP1/ABL1/MTSS1,5
2,GO:0032526,response to retinoic acid,5/176,107/18986,0.04672897196261682,5.040887850467289,4.054585190930552,0.003210659014657371,0.04387067927237542,0.03328940432592173,DKK1/FGFR2/RET/IGF2R/YES1,5
2,GO:0050829,defense response to Gram-negative bacterium,5/176,107/18986,0.04672897196261682,5.040887850467289,4.054585190930552,0.003210659014657371,0.04387067927237542,0.03328940432592173,CD4/SERPINE1/SELP/CXCL6/FCN2,5
2,GO:0032271,regulation of protein polymerization,7/176,207/18986,0.033816425120772944,3.647946859903381,3.7053176389900138,0.0032301232566999323,0.04387067927237542,0.03328940432592173,MEGF9/LATS1/PSRC1/SNCA/ABL1/ELN/ARF6,7
2,GO:0022411,cellular component disassembly,11/176,450/18986,0.024444444444444446,2.6369444444444445,3.3993777202801896,0.0032515518844978956,0.04387067927237542,0.03328940432592173,ADAMTS15/LAMP2/DKK1/CHMP6/TGFB1/SNAP29/SNAPIN/ARF6/PBXIP1/DNAJC6/BECN1,11
2,GO:0048732,gland development,11/176,450/18986,0.024444444444444446,2.6369444444444445,3.3993777202801896,0.0032515518844978956,0.04387067927237542,0.03328940432592173,DAG1/FGFR2/PCSK9/TGFB1/NRP1/LATS1/IGF2R/ABL1/GFER/SMAD2/ARF6,11
2,GO:0006469,negative regulation of protein kinase activity,6/176,155/18986,0.03870967741935484,4.175806451612903,3.840169738170444,0.003262890027183598,0.04387067927237542,0.03328940432592173,CHMP6/CDKN1A/LATS1/SNCA/HEG1/ABL1,6
2,GO:0090303,positive regulation of wound healing,4/176,66/18986,0.06060606060606061,6.537878787878788,4.359353469607829,0.0032888559378019154,0.04404149423161355,0.0334190200131485,HBEGF/SERPINE1/PLAT/CD36,4
2,GO:0051216,cartilage development,7/176,209/18986,0.03349282296650718,3.613038277511962,3.674286764702322,0.0034058325392865886,0.045424778566147635,0.03446866666265945,PTH/CCN2/NPPC/SMAD1/TGFB1/SMAD5/PBXIP1,7
2,GO:0031100,animal organ regeneration,4/176,67/18986,0.05970149253731343,6.440298507462686,4.314974957448563,0.0034727535167307405,0.045537639686440375,0.03455430653713632,TGFB1/CDKN1A/IGF2R/GFER,4
2,GO:0070613,regulation of protein processing,4/176,67/18986,0.05970149253731343,6.440298507462686,4.314974957448563,0.0034727535167307405,0.045537639686440375,0.03455430653713632,SERPINE1/PLAT/MYH9/IL1R2,4
2,GO:0048144,fibroblast proliferation,5/176,109/18986,0.045871559633027525,4.9483944954128445,3.998844677855682,0.0034766175250549236,0.045537639686440375,0.03455430653713632,TGFB1/CDKN1A/ABL1/FN1/PDGFC,5
2,GO:0010743,regulation of macrophage derived foam cell differentiation,3/176,33/18986,0.09090909090909091,9.806818181818182,4.897836189715828,0.0034828547065208835,0.045537639686440375,0.03455430653713632,LPL/CD36/MAPK9,3
2,GO:0048799,animal organ maturation,3/176,33/18986,0.09090909090909091,9.806818181818182,4.897836189715828,0.0034828547065208835,0.045537639686440375,0.03455430653713632,PTH/RET/GH1,3
2,GO:0048754,branching morphogenesis of an epithelial tube,6/176,158/18986,0.0379746835443038,4.0965189873417724,3.78065835027888,0.00358539753566068,0.046085429453232934,0.03496997356884884,DAG1/FGFR2/TGFB1/NRP1/ABL1/KDR,6
2,GO:0003140,determination of left/right asymmetry in lateral mesoderm,2/176,10/18986,0.2,21.575000000000003,6.295130606046551,0.0036616679656186844,0.046085429453232934,0.03496997356884884,NOMO1/SMAD2,2
2,GO:0009128,purine nucleoside monophosphate catabolic process,2/176,10/18986,0.2,21.575000000000003,6.295130606046551,0.0036616679656186844,0.046085429453232934,0.03496997356884884,NT5C1A/NT5E,2
2,GO:0009169,purine ribonucleoside monophosphate catabolic process,2/176,10/18986,0.2,21.575000000000003,6.295130606046551,0.0036616679656186844,0.046085429453232934,0.03496997356884884,NT5C1A/NT5E,2
2,GO:0035646,endosome to melanosome transport,2/176,10/18986,0.2,21.575000000000003,6.295130606046551,0.0036616679656186844,0.046085429453232934,0.03496997356884884,CD63/BLOC1S3,2
2,GO:0043485,endosome to pigment granule transport,2/176,10/18986,0.2,21.575000000000003,6.295130606046551,0.0036616679656186844,0.046085429453232934,0.03496997356884884,CD63/BLOC1S3,2
2,GO:0048757,pigment granule maturation,2/176,10/18986,0.2,21.575000000000003,6.295130606046551,0.0036616679656186844,0.046085429453232934,0.03496997356884884,CD63/BLOC1S3,2
2,GO:0071838,cell proliferation in bone marrow,2/176,10/18986,0.2,21.575000000000003,6.295130606046551,0.0036616679656186844,0.046085429453232934,0.03496997356884884,PTH/FGFR2,2
2,GO:1902460,regulation of mesenchymal stem cell proliferation,2/176,10/18986,0.2,21.575000000000003,6.295130606046551,0.0036616679656186844,0.046085429453232934,0.03496997356884884,VEGFC/TGFB1,2
2,GO:0150116,regulation of cell-substrate junction organization,4/176,68/18986,0.058823529411764705,6.345588235294117,4.271491880287378,0.0036635210405460686,0.046085429453232934,0.03496997356884884,NRP1/ABL1/KDR/ARF6,4
2,GO:0009063,amino acid catabolic process,5/176,111/18986,0.04504504504504504,4.859234234234234,3.944449359380425,0.0037580559988825116,0.04709624140486347,0.03573698534786388,FTCD/SCLY/KYNU/RIDA/DDAH1,5
2,GO:0006026,aminoglycan catabolic process,3/176,34/18986,0.08823529411764706,9.518382352941176,4.808795419556816,0.003794131337883176,0.04719217293299636,0.03580977891934683,GUSB/STAB2/TGFB1,3
2,GO:0060055,angiogenesis involved in wound healing,3/176,34/18986,0.08823529411764706,9.518382352941176,4.808795419556816,0.003794131337883176,0.04719217293299636,0.03580977891934683,SERPINE1/DAG1/KDR,3
2,GO:0060562,epithelial tube morphogenesis,9/176,331/18986,0.027190332326283987,2.933157099697885,3.4320274744380876,0.003816113374267171,0.047288479537094315,0.03588285710131817,DAG1/FGFR2/TGFB1/NRP1/RET/ABL1/KDR/CXCL10/MTSS1,9
2,GO:0043549,regulation of kinase activity,11/176,460/18986,0.02391304347826087,2.5796195652173917,3.3174762861078175,0.003836398033498623,0.047318474829608756,0.035905617756884695,CD4/VEGFC/ERBB2/CHMP6/CDKN1A/LATS1/PSRC1/SNCA/HEG1/ABL1/GH1,11
2,GO:0034605,cellular response to heat,4/176,69/18986,0.057971014492753624,6.253623188405797,4.228872296182234,0.003861278734966568,0.047318474829608756,0.035905617756884695,CDKN1A/DNAJB1/EEF1D/CXCL10,4
2,GO:0070918,regulatory ncRNA processing,4/176,69/18986,0.057971014492753624,6.253623188405797,4.228872296182234,0.003861278734966568,0.047318474829608756,0.035905617756884695,SMAD1/TGFB1/SMAD2/PRKRA,4
2,GO:0030038,contractile actin filament bundle assembly,5/176,112/18986,0.044642857142857144,4.815848214285714,3.917737773914595,0.0039047340422452294,0.04750044598643372,0.03604369885149442,CCN2/F11R/NRP1/ABL1/ELN,5
2,GO:0043149,stress fiber assembly,5/176,112/18986,0.044642857142857144,4.815848214285714,3.917737773914595,0.0039047340422452294,0.04750044598643372,0.03604369885149442,CCN2/F11R/NRP1/ABL1/ELN,5
2,GO:0034764,positive regulation of transmembrane transport,7/176,216/18986,0.032407407407407406,3.4959490740740735,3.56859856194351,0.004078773653694284,0.049239723180546646,0.037363475584154635,FGF21/PTH/SNCA/ABL1/GH1/CACNB3/CXCL10,7
2,GO:0003007,heart morphogenesis,8/176,274/18986,0.029197080291970802,3.1496350364963503,3.466946547340277,0.0041142095188549405,0.049239723180546646,0.037363475584154635,DAG1/DKK1/FGFR2/TGFB1/NRP1/HEG1/SMAD2/ELN,8
2,GO:0048333,mesodermal cell differentiation,3/176,35/18986,0.08571428571428572,9.246428571428572,4.72336051532842,0.004121843735077377,0.049239723180546646,0.037363475584154635,DKK1/FGFR2/SMAD1,3
2,GO:0060191,regulation of lipase activity,3/176,35/18986,0.08571428571428572,9.246428571428572,4.72336051532842,0.004121843735077377,0.049239723180546646,0.037363475584154635,FGFR2/SORT1/SNCA,3
2,GO:0090050,positive regulation of cell migration involved in sprouting angiogenesis,3/176,35/18986,0.08571428571428572,9.246428571428572,4.72336051532842,0.004121843735077377,0.049239723180546646,0.037363475584154635,NRP1/ABL1/KDR,3
2,GO:0007015,actin filament organization,11/176,465/18986,0.023655913978494623,2.5518817204301074,3.2773295594366325,0.004158866542809889,0.049503927557962867,0.03756395587054093,MEGF9/CCN2/F11R/NRP1/LATS1/EZR/ABL1/NAA80/ELN/ARF6/MTSS1,11
2,GO:0097305,response to alcohol,8/176,275/18986,0.02909090909090909,3.1381818181818186,3.454854139726885,0.0042047961370275475,0.04958317214410069,0.03762408726381625,ST6GAL1/PTH/DAG1/FGFR2/NPPC/TGFB1/CDKN1A/SMAD2,8
2,GO:0051251,positive regulation of lymphocyte activation,9/176,336/18986,0.026785714285714284,2.8895089285714284,3.3802311992761545,0.004207041279950012,0.04958317214410069,0.03762408726381625,CD4/TGFB1/CDKN1A/YES1/ABL1/INPP5D/BLOC1S3/VNN1/CD6,9
2,GO:0007173,epidermal growth factor receptor signaling pathway,5/176,114/18986,0.043859649122807015,4.731359649122807,3.8652519627125614,0.004210314527141342,0.04958317214410069,0.03762408726381625,HBEGF/ERBB2/CHMP6/TGFB1/ABL1,5
2,GO:0170040,proteinogenic amino acid catabolic process,4/176,71/18986,0.056338028169014086,6.077464788732394,4.1461036859640394,0.004278239382901745,0.04960668284825345,0.037641927364528364,FTCD/SCLY/RIDA/DDAH1,4
2,GO:0071695,anatomical structure maturation,8/176,276/18986,0.028985507246376812,3.1268115942028984,3.442816719126944,0.004296914231562282,0.04960668284825345,0.037641927364528364,PTH/DAG1/NPPC/TGFB1/CDKN1A/RET/KDR/GH1,8
2,GO:0051098,regulation of binding,7/176,219/18986,0.0319634703196347,3.4480593607305936,3.524632258483474,0.004396200436382013,0.04960668284825345,0.037641927364528364,DKK1/PCSK9/CDKN1A/ABL1/SNAPIN/SMAD2/LDLRAP1,7
2,GO:0001867,"complement activation, lectin pathway",2/176,11/18986,0.18181818181818182,19.613636363636363,5.973156758403155,0.004448185937996929,0.04960668284825345,0.037641927364528364,FCN2/MASP1,2
2,GO:0007343,egg activation,2/176,11/18986,0.18181818181818182,19.613636363636363,5.973156758403155,0.004448185937996929,0.04960668284825345,0.037641927364528364,PLAT/MYH9,2
2,GO:0038130,ERBB4 signaling pathway,2/176,11/18986,0.18181818181818182,19.613636363636363,5.973156758403155,0.004448185937996929,0.04960668284825345,0.037641927364528364,HBEGF/ERBB2,2
2,GO:0046085,adenosine metabolic process,2/176,11/18986,0.18181818181818182,19.613636363636363,5.973156758403155,0.004448185937996929,0.04960668284825345,0.037641927364528364,NT5C1A/NT5E,2
2,GO:0097168,mesenchymal stem cell proliferation,2/176,11/18986,0.18181818181818182,19.613636363636363,5.973156758403155,0.004448185937996929,0.04960668284825345,0.037641927364528364,VEGFC/TGFB1,2
2,GO:0140059,dendrite arborization,2/176,11/18986,0.18181818181818182,19.613636363636363,5.973156758403155,0.004448185937996929,0.04960668284825345,0.037641927364528364,NRP1/CC2D1A,2
2,GO:2000650,negative regulation of sodium ion transmembrane transporter activity,2/176,11/18986,0.18181818181818182,19.613636363636363,5.973156758403155,0.004448185937996929,0.04960668284825345,0.037641927364528364,PCSK9/GRP,2
2,GO:0001569,branching involved in blood vessel morphogenesis,3/176,36/18986,0.08333333333333333,8.989583333333332,4.6412825820027654,0.004466244556346818,0.04960668284825345,0.037641927364528364,NRP1/ABL1/KDR,3
2,GO:0007035,vacuolar acidification,3/176,36/18986,0.08333333333333333,8.989583333333332,4.6412825820027654,0.004466244556346818,0.04960668284825345,0.037641927364528364,LAMP2/CREG1/SNAPIN,3
2,GO:0010984,regulation of lipoprotein particle clearance,3/176,36/18986,0.08333333333333333,8.989583333333332,4.6412825820027654,0.004466244556346818,0.04960668284825345,0.037641927364528364,FGF21/PCSK9/LDLRAP1,3
2,GO:0030224,monocyte differentiation,3/176,36/18986,0.08333333333333333,8.989583333333332,4.6412825820027654,0.004466244556346818,0.04960668284825345,0.037641927364528364,CD4/MYH9/INPP5D,3
2,GO:0030947,regulation of vascular endothelial growth factor receptor signaling pathway,3/176,36/18986,0.08333333333333333,8.989583333333332,4.6412825820027654,0.004466244556346818,0.04960668284825345,0.037641927364528364,VEGFC/ITGA5/NRP1,3
2,GO:0036314,response to sterol,3/176,36/18986,0.08333333333333333,8.989583333333332,4.6412825820027654,0.004466244556346818,0.04960668284825345,0.037641927364528364,DAG1/TGFB1/SMAD2,3
2,GO:1905606,regulation of presynapse assembly,3/176,36/18986,0.08333333333333333,8.989583333333332,4.6412825820027654,0.004466244556346818,0.04960668284825345,0.037641927364528364,DKK1/SNCA/ARF6,3
