name,type,degree,strength,module_louvain,module_walktrap
LDLR,protein,184,84.16997989565036,1,2
PLA2G7,protein,113,51.82122079496819,1,2
SERPIND1,protein,25,7.788987298455414,2,2
PLTP,protein,63,25.356000448888466,3,2
CFI,protein,44,14.30451752503462,3,2
APCS,protein,83,25.04032691856201,1,2
RARRES2,protein,93,31.57647668847914,4,2
APOA1,protein,56,20.700080182376727,3,2
OLR1,protein,2,0.8420790457350603,5,1
MFGE8,protein,116,44.6110423204365,4,2
IGSF9,protein,120,43.33063292948073,4,2
FGFBP1,protein,100,39.457636271058654,1,2
TNFSF14,protein,8,2.1241756762990827,5,1
APOM,protein,103,36.38433340821965,1,2
ORM1,protein,25,5.58202906983518,3,2
PRAP1,protein,118,42.66118016147555,4,2
MXRA8,protein,65,22.915834331289116,3,2
CFB,protein,22,5.459653421882388,3,2
MAMDC4,protein,44,13.932985221556978,4,2
CES1,protein,102,35.12097555665145,4,2
APOC1,protein,94,30.11617945554562,1,2
F9,protein,26,8.538009021240962,3,2
NPY,protein,119,41.503545143970776,1,2
IGFBP6,protein,1,0.45998067128376513,6,4
ADIPOQ,protein,87,28.806787802392314,3,2
FURIN,protein,104,35.51797779448148,4,2
PON3,protein,88,29.106158935593875,4,2
ASGR1,protein,79,25.72784325815568,4,2
AGRP,protein,104,37.62684725954536,1,2
CST3,protein,25,6.714882209891269,6,2
MMP8,protein,2,0.7412465465261062,5,1
MMP9,protein,2,0.7193406132685807,5,1
CCN1,protein,102,35.50371999118017,1,2
TGFA,protein,18,4.282033574235021,6,2
RELT,protein,21,4.957488764778441,6,2
FAM20A,protein,26,7.996157299374431,6,2
NPDC1,protein,5,1.353062959228305,6,4
ST6GAL1,protein,15,3.5004812916264596,2,2
OSM,protein,6,1.596835851283818,5,1
CD40LG,protein,2,0.6728710288632969,5,1
GP5,protein,2,0.6638028587856084,5,1
IGFBP4,protein,25,6.56625470499704,4,2
CPM,protein,69,22.582160941123863,4,2
GHR,protein,108,35.454462760856934,1,2
SSC4D,protein,41,13.659697735083274,3,2
HSPG2,protein,5,1.255829386307298,6,4
LCAT,protein,104,33.463058498649865,1,2
CD38,protein,25,6.748104213762003,6,2
SIT1,protein,37,12.261424506577482,3,2
COL6A3,protein,25,6.04904554670807,6,2
ACY1,protein,57,18.029949247957457,4,2
SCARB2,protein,25,5.777471108203914,6,2
TNFRSF19,protein,1,0.4108243516457072,6,4
HBEGF,protein,16,3.5753597505252834,2,2
COLEC12,protein,25,5.777505472073839,3,2
FGA,protein,1,0.4067695668927817,5,2
TAFA5,protein,1,0.40542097417713424,6,4
IL1RN,protein,57,18.359696310625825,3,2
PRSS8,protein,45,14.336738829293074,4,2
SMOC1,protein,53,16.763208653129638,1,2
IL1B,protein,2,0.678812536201838,5,1
GCG,protein,66,22.215454249533657,4,2
HHEX,protein,76,24.972254807393483,2,2
SERPINF1,protein,36,11.755503577371927,3,2
PAMR1,protein,38,10.454786568873278,1,2
HGF,protein,32,9.789313711994101,6,2
F7,protein,92,27.393168443045063,1,2
LGALS9,protein,27,8.109823923975103,3,2
GUSB,protein,29,9.56555907194499,2,2
LEP,protein,45,14.495050257518297,3,2
PIK3IP1,protein,2,0.5951639457659523,6,4
TTR,protein,55,14.5869716384939,1,2
TFPI,protein,73,24.947384745787755,1,2
RBP5,protein,31,10.027628746480707,2,2
RNASE4,protein,25,6.417235248247699,2,2
FGF21,protein,29,8.931727049796311,2,2
PAG1,protein,33,10.711511324778977,3,2
IGFBP1,protein,56,16.920830651606956,4,2
FABP4,protein,29,9.146456667077041,3,2
EFNA4,protein,25,5.793568424019609,6,2
COL18A1,protein,25,6.79959208761011,6,2
INHBC,protein,45,14.54690395795384,3,2
ADH4,protein,52,17.221117637244497,2,2
NHLRC3,protein,26,7.784595347647706,2,2
TNFRSF1A,protein,27,6.786072111129845,3,2
ERBB3,protein,71,19.016855634887285,1,2
TGFBR2,protein,8,1.917183833580061,6,2
RTN4R,protein,34,10.873058448503954,3,2
PROC,protein,89,26.584272384877654,1,2
CD4,protein,33,10.69528305354367,2,2
LPL,protein,47,15.49362947971257,2,2
AMBP,protein,25,6.988286292163209,6,2
NBL1,protein,1,0.3745469968206054,6,4
BID,protein,6,1.477742764039017,5,1
EREG,protein,2,0.5964476360615406,5,1
CD84,protein,1,0.37334884757381936,5,1
SDC4,protein,1,0.3731444435771714,5,1
BGN,protein,1,0.3719274352944618,5,1
GPR37,protein,38,11.346570798494854,4,2
KITLG,protein,31,8.714175354794401,4,2
GOLM2,protein,25,6.152997759089313,6,2
IGFBP2,protein,33,10.236870288820645,3,2
PDGFB,protein,5,1.1959430741530654,5,2
GFRA1,protein,25,5.989709639110091,6,2
JAM2,protein,1,0.3714398642846061,6,4
UPB1,protein,34,10.830673281419758,4,2
RGMB,protein,1,0.37078849963190047,6,4
SSC5D,protein,65,19.607502976320628,1,2
IL18R1,protein,26,7.398277494903381,6,2
MEGF9,protein,29,8.353708085933722,2,2
MAD1L1,protein,30,9.279026316481069,6,2
MENT,protein,31,9.451708828543062,3,2
ADM,protein,26,6.9372133042133335,6,2
EGF,protein,1,0.3614255938467114,5,1
SERPINE1,protein,21,4.751542319957422,2,2
XG,protein,1,0.36410648557268505,6,4
OGN,protein,1,0.3636823624851277,6,4
ANGPT1,protein,1,0.35629901370311695,5,1
ADAMTS15,protein,26,7.712298797903095,2,2
RBP7,protein,2,0.6205022289310669,5,1
SLC39A5,protein,35,10.834739974510466,2,2
CLMP,protein,5,1.2258306706141304,6,2
PTH,protein,54,17.36895925782726,2,2
CD99L2,protein,30,8.420484952238153,1,2
OXT,protein,36,9.954524434934996,4,2
IL6,protein,8,1.9319265644930497,6,2
DPY30,protein,25,6.866242661658943,6,2
P4HB,protein,25,6.877043755254317,2,2
AFM,protein,37,11.354238349363287,2,2
ITGA6,protein,1,0.351630920674813,5,1
CKB,protein,32,9.742074135237477,3,2
CCL27,protein,45,13.201910009219404,2,2
TNFRSF12A,protein,25,6.489803965657302,6,2
DAG1,protein,11,2.486862547013089,2,2
GSTA1,protein,27,8.457185199570175,2,2
SEMA3F,protein,26,7.530469352410214,6,2
FSTL3,protein,25,5.907035020048023,6,2
CDHR2,protein,27,8.162378756515308,2,2
PDGFA,protein,1,0.3457296668091162,5,1
PLAT,protein,28,8.938419825623203,2,2
TMSB10,protein,4,1.0558937203133907,5,2
VWA1,protein,25,6.926361572604343,2,2
APP,protein,1,0.3461234595071182,5,1
A1BG,protein,5,1.1860376982193017,5,2
EFNA1,protein,6,1.492759470382988,6,2
STAB2,protein,25,6.959247232063679,2,2
NOMO1,protein,25,7.20117322513253,2,2
LAMP2,protein,34,9.96955962492763,2,2
FTCD,protein,26,8.19973583543995,2,2
APOF,protein,44,11.434227797923898,3,2
TMPRSS15,protein,44,12.654597274375917,4,2
ITIH4,protein,1,0.3484949748710414,5,2
LAYN,protein,1,0.35009946493636585,6,4
ACVRL1,protein,4,0.985616357176605,6,4
PLA2G10,protein,62,16.978416933659513,1,2
CFHR5,protein,1,0.3507494818934874,5,2
SERPING1,protein,1,0.3476766601433378,5,2
SEMA4D,protein,2,0.5671459547859928,5,1
ACE2,protein,28,8.01893932355957,4,2
PPY,protein,25,5.817360170016727,4,2
PYY,protein,36,10.080076390559562,4,2
SCARF1,protein,2,0.6014682164818699,5,1
SKAP1,protein,25,7.14639778770468,3,2
LY6D,protein,1,0.3470016256688759,6,4
VEGFC,protein,6,1.3686668125488084,2,2
APOA2,protein,26,5.919278621178817,3,2
CDNF,protein,1,0.34395232595209313,6,4
LILRA5,protein,1,0.3372491649400343,5,2
TREML1,protein,1,0.34324204588991225,5,1
HS6ST1,protein,31,8.661020346338127,2,2
FAM3C,protein,7,1.7037506504117874,6,2
FCAMR,protein,28,8.534555018213695,3,2
VMO1,protein,32,9.167572012599818,2,2
DKK1,protein,17,3.748907178900578,2,2
BDNF,protein,1,0.34052775145957076,5,1
SMOC2,protein,2,0.5491864047633027,6,4
SELP,protein,11,2.498339773572384,2,2
CD300LG,protein,27,7.987051098196687,3,2
CLUL1,protein,28,8.11835679400947,3,2
AGRN,protein,25,6.888955666539766,6,2
CFP,protein,59,16.265307753346796,1,2
CRIP2,protein,26,7.756480795831086,6,2
F10,protein,35,9.20126886014717,1,2
SHBG,protein,28,8.552998150307593,3,2
CCN2,protein,3,0.7414148537155455,5,1
GSTA3,protein,25,7.8593495563291516,2,2
CCL23,protein,34,9.995757996213609,2,2
GGT1,protein,25,6.863036016199077,2,2
CNTN3,protein,26,7.934432318953131,2,2
CREG1,protein,25,6.562153831830883,2,2
CD63,protein,11,2.468272440233306,6,2
ANGPTL4,protein,5,1.395379296299388,4,3
BAIAP2,protein,25,7.154652258161649,6,2
FGFR2,protein,25,7.084517832661665,2,2
BTN2A1,protein,1,0.3343985997435415,6,4
PTGDS,protein,15,3.2548608987970598,3,2
HSPB6,protein,1,0.33224012924228147,6,4
PRCP,protein,26,7.621616861830991,6,2
MVK,protein,28,7.837552721072862,4,2
CA14,protein,31,8.296905437461485,4,2
CD302,protein,6,1.4897332520325093,6,2
CCL22,protein,25,6.060938883867693,2,2
SERPINA5,protein,62,17.0475909191226,1,2
NPPC,protein,25,5.526398686600327,2,2
IL16,protein,25,7.387847608922817,2,2
EPHA1,protein,28,8.187660994947676,3,2
SERPINE2,protein,1,0.33078577717899416,5,1
GPD1,protein,25,7.465972144659469,2,2
NECTIN4,protein,1,0.32980059958608965,6,4
NTRK3,protein,31,8.648774796142645,3,2
CRELD1,protein,25,6.856259325082094,6,2
KRT18,protein,25,7.251505485493059,6,2
SUSD1,protein,2,0.5268752247991945,5,1
CLEC4A,protein,26,7.4304424792865795,3,2
BCHE,protein,46,12.97962463555483,1,2
IGSF8,protein,25,6.90903495219286,2,2
GLA,protein,25,7.341174938196729,2,2
SERPINA3,protein,1,0.32718566770463575,5,2
PCSK9,protein,25,6.385718499311898,2,2
PROS1,protein,60,14.96720712432519,1,2
CKAP4,protein,2,0.534362350043142,6,4
CPB2,protein,35,7.955490293488977,1,2
NOS3,protein,27,7.628913185934042,6,2
C2,protein,1,0.319168837218741,5,2
SCLY,protein,25,6.982052180237642,2,2
C1RL,protein,18,4.090992688123035,3,2
C9,protein,31,8.383293194017153,2,2
GGH,protein,26,6.514774525738222,3,2
ADAMTSL2,protein,26,7.235890645108601,4,2
RAB6A,protein,42,10.904508579390733,1,2
SMAD1,protein,27,7.881041149339619,2,2
IGSF3,protein,27,7.122531816503608,6,2
CCL16,protein,25,6.914765346634598,6,2
KYNU,protein,25,7.084014959833061,2,2
SORT1,protein,25,6.4867409753477014,2,2
MME,protein,25,6.869513271046457,2,2
EDA2R,protein,1,0.3197634279916089,6,4
LGALS4,protein,32,8.090996086985328,4,2
CRHBP,protein,25,6.296825067438755,6,2
TNFRSF10A,protein,28,7.425684328790661,4,2
SCG2,protein,3,0.7258974984192574,4,4
PCBD1,protein,25,7.352305067448751,2,2
AIFM1,protein,25,5.582993643547315,6,2
LGALS1,protein,25,6.0185229552502,3,2
PPBP,protein,1,0.32007387349922733,5,1
ANXA3,protein,2,0.5166646853303044,5,1
TNFRSF11A,protein,25,5.950605953758579,3,2
CPXM1,protein,1,0.31163071779807616,5,1
FABP5,protein,9,2.116234510305912,6,2
GYS1,protein,2,0.5167468946840388,5,1
CDHR5,protein,26,7.026089779695994,3,2
GZMB,protein,1,0.31180485785752743,5,1
HSD11B1,protein,31,8.400667259627017,3,2
DEFB4A_DEFB4B,protein,26,7.6599462831582725,2,2
SIAE,protein,14,3.153106868240656,2,2
TRIAP1,protein,2,0.5650497453423762,5,1
ITGA5,protein,25,6.242735495462428,2,2
VWC2,protein,3,0.7327478555624978,6,4
ART3,protein,1,0.3153019467678864,6,4
SUMF2,protein,25,6.691728409768268,2,2
CANT1,protein,25,6.341371777621969,2,2
PF4,protein,1,0.31516318776434965,5,1
NAGPA,protein,28,7.579389405599112,2,2
NID2,protein,1,0.3075593336380346,5,1
RSPO3,protein,1,0.3125947990174235,6,4
PLG,protein,10,2.4958166903124095,1,2
LAT,protein,4,0.9649423531018506,5,2
CDH2,protein,25,6.61465742369144,6,2
ERBB2,protein,25,7.177467005595283,2,2
GDF15,protein,26,6.442484364240304,4,2
CLEC1B,protein,12,2.6838375528458838,2,2
HCLS1,protein,2,0.5279651052429007,5,1
TNFRSF14,protein,25,5.7472609837551385,6,2
BPIFB2,protein,25,6.1509933882855075,3,2
C1S,protein,12,2.5792801388845294,1,2
LILRB4,protein,25,6.098899361094702,6,2
NUCB2,protein,24,5.303608104622816,2,2
CHMP6,protein,27,7.264353798187293,2,2
VSIG4,protein,25,5.572384110056061,3,2
IFI30,protein,25,6.120996322816426,6,2
TGFB1,protein,25,5.934431058867374,2,2
NPC2,protein,25,6.346068370509811,6,2
CDKN1A,protein,25,6.863711241291683,2,2
GP6,protein,2,0.5080885235511711,5,1
F2R,protein,2,0.5300206830444858,5,1
EPHB4,protein,1,0.3035275020861547,6,4
DPT,protein,4,0.910800816386479,3,4
MFAP5,protein,18,3.9487607499278496,6,2
THY1,protein,5,1.1265100644939328,3,2
CTSO,protein,25,6.145618194945174,6,2
RIDA,protein,25,7.12952788883606,2,2
CD5,protein,26,6.725946721280562,3,2
ANGPTL2,protein,25,6.68529933842615,2,2
ADH1B,protein,25,7.384256316169519,2,2
CD226,protein,1,0.3055506288047609,5,1
LTBR,protein,3,0.7286726023211565,6,4
TNFSF10,protein,40,9.514821990050972,1,2
CD72,protein,28,7.366272916446043,3,2
SCARA5,protein,1,0.2996020595185136,6,4
PLA2G15,protein,18,4.074734842528827,6,2
SPARC,protein,1,0.29343383060344314,5,1
KLKB1,protein,58,14.278855779935064,1,2
HPSE,protein,4,0.985970418699428,5,2
CLEC4D,protein,7,1.663218421354117,6,2
LRP11,protein,3,0.7240869881919492,6,4
KHK,protein,25,6.912201887440498,2,2
SELE,protein,25,6.239589315351484,6,2
CD300E,protein,10,2.2772961631288675,6,2
CHI3L1,protein,25,6.074549776816584,4,2
FGFBP2,protein,28,7.031698884945516,3,2
GUCA2A,protein,1,0.2994003716632591,6,4
CLEC14A,protein,1,0.29860209795916426,6,4
HJV,protein,25,6.433193193503406,2,2
F11R,protein,25,5.861438731178998,2,2
MRC1,protein,4,0.9244307104829325,5,4
LAIR1,protein,12,2.582022938185525,3,2
DLL1,protein,2,0.5091020563438389,6,4
STX7,protein,1,0.3012789114709962,5,1
TIMP3,protein,9,1.9740678157370406,6,2
PALM2,protein,25,6.175609158876972,6,2
MB,protein,1,0.29535937104489,6,4
CCL7,protein,5,1.1082580871196697,6,2
BSG,protein,2,0.4974583202393513,6,4
APLP1,protein,5,1.1738422240311743,6,2
DBI,protein,2,0.5295292704167596,5,1
FETUB,protein,25,5.4354658186516245,6,2
SORCS2,protein,1,0.29750663875561306,6,4
DNAJB1,protein,25,6.723709327147394,2,2
EGLN1,protein,25,6.206630084958353,6,2
IL10RB,protein,25,5.86965500707671,6,2
HLA_E,protein,2,0.5054287909162377,6,4
TCTN3,protein,25,6.440890108242838,2,2
USP8,protein,2,0.5041038201277283,5,1
NRP1,protein,26,6.482697190124126,2,2
AGR3,protein,25,6.727838882169333,2,2
IFNGR1,protein,1,0.2930848610710807,6,4
DSG2,protein,25,6.820224309519481,2,2
LEPR,protein,27,7.0414337660865005,3,2
SPINK1,protein,1,0.29268936724562905,6,4
EPHB6,protein,1,0.2938929869349313,6,4
ERP44,protein,25,6.594904685218254,2,2
SERPINA4,protein,26,6.71214678439189,2,2
TOMM20,protein,10,2.219146397113611,6,2
ERMAP,protein,3,0.7005249030020808,6,1
ADGRD1,protein,25,6.145073942390673,2,2
S100A11,protein,2,0.487611268386353,5,1
EFCAB14,protein,25,6.292658798494443,2,2
NOTCH3,protein,25,6.310618888582146,3,2
SNAP29,protein,25,5.59170722948781,2,2
VEGFA,protein,13,2.9397217523098944,6,2
BPIFB1,protein,25,6.360225101347522,3,2
LATS1,protein,25,6.38005187633371,2,2
MZB1,protein,3,0.747326736523843,6,4
TIMP1,protein,14,3.1855792386024127,6,2
VSIR,protein,4,0.9438015721577184,6,2
ITGAV,protein,32,7.653730856957674,3,2
STC1,protein,25,6.063458180192053,6,2
PGF,protein,25,6.302053793628141,6,2
FUOM,protein,25,6.588756734827028,6,2
TNFRSF6B,protein,25,5.824697828407294,4,2
CD40,protein,5,1.1665909668907286,6,2
ARSB,protein,3,0.7195975031657638,5,1
MPI,protein,2,0.5049287408649215,5,1
LBR,protein,13,2.8599060096515,6,2
VPS37A,protein,25,6.487857891598655,2,2
SORD,protein,25,6.323945227080449,2,2
MCEMP1,protein,1,0.28945974856727813,5,1
FIS1,protein,12,2.7087521972036113,1,2
CTSF,protein,20,4.724611016858225,3,2
IL32,protein,26,6.618516527826794,3,2
RET,protein,25,6.119482731084404,2,2
LSP1,protein,25,5.992038627988158,6,2
FLI1,protein,25,6.169292451824334,2,2
TNFRSF10B,protein,22,5.008962163606332,6,2
SERPINA6,protein,25,6.3804188648079325,3,2
OCLN,protein,25,5.794828591114858,6,2
CHRDL1,protein,1,0.28275794324569675,6,4
DTX3,protein,1,0.28213506514232284,6,4
PTS,protein,25,6.550566438741396,6,2
GIP,protein,20,4.652922214120011,4,2
CSF1,protein,25,5.640607873370549,6,2
TNFAIP8L2,protein,2,0.5154642375130902,5,1
PSRC1,protein,25,6.5014600458175,2,2
CASP1,protein,1,0.2769967229711685,5,1
NPL,protein,25,6.4330835514747,2,2
ADAM22,protein,1,0.280857437576921,6,4
MYDGF,protein,6,1.3994161672940248,5,2
ADGRG1,protein,30,6.884637767770853,4,2
ENO3,protein,25,6.764011904619669,2,2
GRPEL1,protein,5,1.1229672684341816,6,2
TXNDC5,protein,2,0.5216213663238916,5,1
YTHDF3,protein,25,5.529436252775655,2,2
CEACAM8,protein,3,0.6852632605268847,6,1
LGALS3BP,protein,18,3.9065872130475947,3,2
THBD,protein,1,0.2791518310863809,6,4
CRELD2,protein,16,3.5032727051998007,2,2
CCL5,protein,5,1.0833379383277622,5,2
GMFG,protein,2,0.48914638200455984,5,1
RNASE6,protein,25,5.6661663239643145,6,2
LAT2,protein,25,5.6103564768624095,2,2
MTDH,protein,12,2.5855217162045876,6,2
DPEP2,protein,1,0.2713407325838738,5,1
GP1BA,protein,2,0.4785761873458616,5,1
PON1,protein,25,6.017316465250865,3,2
EZR,protein,25,6.198307169887358,6,2
GCC1,protein,6,1.3371892835295958,2,2
LRCH4,protein,25,6.098176895020842,6,2
EEF1D,protein,25,5.683468434392785,2,2
PTPRB,protein,25,5.910511764697205,2,2
FYB1,protein,22,4.664592340891987,2,2
SYAP1,protein,29,7.075634607035155,1,2
IL13RA1,protein,25,5.387869729212804,2,2
LRIG1,protein,1,0.26743344386927936,5,2
SERPINB6,protein,2,0.47784505250776865,5,1
IL17RB,protein,25,5.50833529218789,4,2
CLEC4G,protein,1,0.26857614805505814,5,2
MPIG6B,protein,2,0.47943863008008925,5,1
ICAM1,protein,6,1.319483477179745,6,2
ANG,protein,5,1.116912556089193,6,2
CA5A,protein,25,5.999414576923834,6,2
ANXA4,protein,1,0.26937161071900734,5,1
SERPINF2,protein,48,11.547657948836846,1,2
MSRA,protein,2,0.4975614585397349,5,1
TBCC,protein,2,0.48754176955245954,5,1
NECTIN2,protein,7,1.6760496423735491,6,2
NUMB,protein,25,6.168298861063365,2,2
CA6,protein,25,5.903235847347975,3,2
PPP1R12A,protein,2,0.48413655797705774,5,1
LGALS8,protein,2,0.48927942091541055,5,1
TNFRSF1B,protein,21,4.437357906634608,3,2
DCXR,protein,25,6.104127242866063,2,2
IGF2R,protein,25,5.7926391523175536,2,2
VTA1,protein,1,0.2648341349361879,5,1
YES1,protein,25,5.283314514073818,2,2
IPCEF1,protein,25,5.423117244142481,2,2
NT5C1A,protein,25,5.509649845929421,2,2
CDH3,protein,1,0.2698508272683395,6,4
ESAM,protein,2,0.4642393804137046,5,4
PLAUR,protein,8,1.8089425694916703,6,2
POLR2F,protein,14,3.117401599779889,6,2
AK2,protein,2,0.4710382693764732,5,1
CD74,protein,25,5.627330718055574,6,2
ATRN,protein,31,7.780881770509108,2,2
SCPEP1,protein,9,2.003355070172452,6,2
CNDP1,protein,11,2.5280289519037806,1,2
SNCA,protein,25,6.559709342783642,2,2
MESD,protein,2,0.4981213768264827,5,1
NRGN,protein,2,0.4794420156704702,5,1
SPINT2,protein,1,0.26374524646722436,5,1
CMC1,protein,2,0.5130059903698002,5,1
ECHS1,protein,2,0.4773898479790789,5,1
CD14,protein,1,0.2673183653271456,5,2
CTSZ,protein,16,3.6354041266287958,6,2
DNAJB14,protein,2,0.4952997057583166,5,1
SIGLEC7,protein,25,5.848877758421845,6,2
ULBP2,protein,3,0.6921564977407534,6,4
CXCL16,protein,1,0.2622458826669809,5,2
DDAH1,protein,25,5.5905745656798045,2,2
PDAP1,protein,2,0.48025378454282397,5,1
SERPINB1,protein,2,0.46612180034708606,5,1
PLXNB3,protein,2,0.49385309141625844,5,1
LYN,protein,2,0.4969563743834365,5,1
HEG1,protein,25,6.379550461971231,2,2
NUDT5,protein,2,0.4865901041270042,5,1
ABL1,protein,18,3.82284687838846,2,2
DNAJA2,protein,2,0.4703227386110244,5,2
GRHPR,protein,5,1.0830615327874298,5,2
FGFBP3,protein,53,12.599253856099894,1,2
PLIN1,protein,25,6.045917362430981,2,2
HAVCR2,protein,24,5.1549527726808035,3,2
HAO1,protein,25,5.808124456437312,2,2
CEP20,protein,15,3.1866093676385407,2,2
LECT2,protein,25,6.1423751762493,2,2
CCN5,protein,1,0.2663409948732378,6,4
SCAMP3,protein,3,0.6949059373505344,5,2
NUDT16,protein,2,0.4993496206447602,5,1
PPIB,protein,2,0.5011474648422821,5,1
COL4A1,protein,25,5.80505062654369,1,2
DFFA,protein,1,0.2591656579605099,5,1
KDR,protein,25,6.099199781380496,2,2
NCS1,protein,25,5.346943256689584,2,2
ITGA11,protein,25,6.0229359221457415,3,2
CNPY4,protein,2,0.4830660950303165,5,1
TXLNA,protein,10,2.1612330353182587,2,2
SNAPIN,protein,25,5.992002432784809,2,2
CD99,protein,1,0.26522101214821586,6,4
LGALS3,protein,1,0.259812575208122,5,2
FN1,protein,25,6.0967212142487135,2,2
STX8,protein,2,0.4658312936147846,5,1
PLXNA4,protein,5,1.107405360864041,5,2
CXCL6,protein,25,5.9781025306821025,2,2
DLK1,protein,4,0.8847564374910453,6,4
MYH9,protein,25,5.913370044887421,2,2
ERP29,protein,2,0.5079055597189065,5,1
CLEC1A,protein,1,0.2669050568468305,6,4
INPP5D,protein,25,6.041395085545336,6,2
CD27,protein,4,0.8964796961690914,6,4
CHCHD10,protein,25,5.487939674435423,6,2
CD79B,protein,14,3.089813006771243,3,2
SNAP23,protein,4,0.9134949298011017,5,2
WNT9A,protein,1,0.265795961618964,6,4
ISM1,protein,25,5.419912297925863,2,2
PAXX,protein,25,5.836567902224135,2,2
UFD1,protein,25,5.895264193426278,2,2
HAVCR1,protein,25,5.5718795134062535,2,2
MIF,protein,1,0.25785802197567476,5,1
LBP,protein,1,0.25721819506194404,5,2
PLXNB2,protein,4,0.8722333249535437,4,2
OTUD7B,protein,7,1.5519036543795055,5,2
DAB2,protein,2,0.45651603224752163,5,1
HYOU1,protein,5,1.1482789000660882,6,2
PPP1R2,protein,2,0.4949770990350637,5,1
CXCL13,protein,25,5.689659250122684,6,2
LACTB2,protein,2,0.46613272007705575,5,1
PTGR1,protein,10,2.241486566000604,4,2
ADGRG2,protein,32,7.3053763278721275,3,2
TIA1,protein,2,0.5005407557216432,5,1
GFER,protein,12,2.6539252778797846,2,2
AHNAK,protein,25,5.792895028547373,2,2
NAA80,protein,25,5.687061872623452,2,2
THTPA,protein,1,0.26204038998726303,5,1
SNCG,protein,25,5.606886441991529,6,2
SMAD2,protein,25,6.093536122252683,2,2
DAAM1,protein,11,2.3663762310065177,2,2
METAP1D,protein,2,0.48407289618395943,5,1
GPI,protein,2,0.5024687917165318,5,1
ATOX1,protein,2,0.4818604242135994,5,1
MIA,protein,1,0.2602636440407091,6,4
PARP1,protein,25,5.624913760170263,6,2
TOP2B,protein,22,4.686065390321455,6,2
FKBP14,protein,2,0.49523470600991026,5,1
FCN1,protein,5,1.1808693922695064,6,2
ELN,protein,25,6.110204498418006,2,2
GLOD4,protein,1,0.2553683792334502,5,1
FXN,protein,2,0.474274454014458,5,1
PHOSPHO1,protein,1,0.26077038277764103,6,4
NIT2,protein,6,1.3372897690227081,5,2
CD36,protein,21,4.4940441188242986,2,2
CD69,protein,2,0.49294439399031886,5,1
PDIA4,protein,2,0.5062140766361516,5,1
DECR1,protein,2,0.4809164040512829,5,1
PRKRA,protein,25,5.846527815298122,2,2
HNMT,protein,25,5.39853044137663,6,2
EIF4G1,protein,2,0.4581035077789599,5,1
CRYBB1,protein,2,0.50140528385445,5,1
PCYT2,protein,2,0.46770043880985473,5,1
SHISA5,protein,20,4.337483719838976,3,2
SULT2A1,protein,21,4.573399148572974,2,2
TPD52L2,protein,5,1.1284421329770034,5,2
LZTFL1,protein,2,0.48403823970354176,5,1
SELPLG,protein,25,5.900462740000849,2,2
NID1,protein,2,0.4763728941827803,5,1
DUT,protein,20,4.419137206489471,3,2
PDCD5,protein,2,0.45183019098010413,5,1
DOK2,protein,2,0.49210451119565046,5,1
SMNDC1,protein,25,5.773191400887823,6,2
HARS1,protein,2,0.4674514864421299,5,1
PARK7,protein,1,0.25142577342304534,5,1
CYB5R2,protein,1,0.25800023746468975,5,1
VPS4B,protein,2,0.46150228572920127,5,1
PCBP2,protein,5,1.088323669443705,2,2
HDGFL2,protein,8,1.7301147240145112,6,2
HSPA1A,protein,2,0.48234937443429254,5,1
GH1,protein,25,5.72410756606949,2,2
JPT2,protein,1,0.25639352321082864,5,1
UBE2L6,protein,2,0.48729361135764426,5,1
FADD,protein,2,0.4512479614111359,5,1
ACAA1,protein,25,5.6840552969642735,2,2
NFASC,protein,21,4.712692952449486,4,2
IST1,protein,2,0.4723890595401006,5,1
CACNB3,protein,9,1.9330416876847316,2,2
RNASE1,protein,15,3.2085641017113957,3,2
TMEM106A,protein,1,0.25555351439235957,5,1
PLPBP,protein,1,0.2505057820484444,5,1
DTD1,protein,1,0.25785747651256313,5,1
DTYMK,protein,26,6.249298977644309,2,2
CIRBP,protein,2,0.4968982895333897,5,1
GADD45GIP1,protein,2,0.4930098956642502,5,1
CRADD,protein,1,0.2501636563018102,5,1
SLC9A3R1,protein,2,0.49367774907015516,5,1
STK11,protein,2,0.4694007950324566,5,1
GALNT10,protein,19,4.164301242576892,2,2
VAMP8,protein,2,0.48613190010263974,5,1
C4BPB,protein,1,0.24799009571092548,5,2
CHMP1A,protein,1,0.24963012293019785,5,1
LRG1,protein,1,0.2531594365108942,5,2
AP3B1,protein,2,0.47851355350947067,5,1
TBCA,protein,1,0.25605423267441435,5,1
MANF,protein,2,0.47463695818970597,5,1
SUOX,protein,25,5.542421447399952,6,2
GRP,protein,26,5.7593719107719235,2,2
IMPA1,protein,1,0.24855919825967865,5,1
RGS10,protein,1,0.2528116390641146,5,1
MAN1A2,protein,23,4.950195135542829,1,2
SRPK2,protein,1,0.2477350841455062,5,2
LONP1,protein,2,0.4955138784189719,5,1
FUS,protein,8,1.7488724597021543,6,2
RWDD1,protein,1,0.24628147791750643,5,1
GTPBP2,protein,2,0.46111392008159235,5,1
NT5E,protein,20,4.124162043254006,2,2
GLRX5,protein,2,0.47756160496929073,5,1
IRAK4,protein,2,0.45789341172595155,5,1
PLA2G4A,protein,2,0.4518884855016595,5,1
FCN2,protein,25,5.334893627708656,2,2
STAT2,protein,2,0.47740200074359546,5,1
B4GALT1,protein,2,0.4568830347947689,5,4
ATP5IF1,protein,2,0.4897009432056103,5,1
MAP2K1,protein,1,0.251707380608327,5,1
CCN3,protein,1,0.2503328765476594,6,4
BTN3A2,protein,13,2.8344968886558144,6,2
HS1BP3,protein,2,0.49386101387173,5,1
MCAM,protein,25,5.504823646291272,3,2
L3HYPDH,protein,2,0.4909865370628058,5,1
PTPRN2,protein,1,0.25227612292668256,6,4
ENO1,protein,1,0.2460271155259857,5,1
RNASET2,protein,13,2.813392935488263,6,2
ATG16L1,protein,6,1.2753336519553726,5,2
ARHGEF1,protein,2,0.47660328911152405,5,1
MECR,protein,2,0.500400129115009,5,1
LDLRAP1,protein,17,3.659986289459625,2,2
MED18,protein,2,0.4612908643864535,5,1
IL1R2,protein,16,3.5026513131862007,2,2
NDUFB7,protein,2,0.48276435022692354,5,1
RBM17,protein,2,0.46010992934275774,5,1
TPP1,protein,5,1.143025045231751,6,2
PSIP1,protein,25,5.5761908254699675,6,2
PEBP1,protein,2,0.45026515503849807,5,1
APBB1IP,protein,25,5.478543132706402,6,2
PPP3R1,protein,1,0.24560169543613583,5,2
CRKL,protein,2,0.4557299942999794,5,1
USO1,protein,2,0.461866765510936,5,1
NCK2,protein,4,0.8911593337817276,5,2
BTD,protein,25,5.737218537047752,2,2
ELOA,protein,20,4.385270271142643,6,2
EHBP1,protein,8,1.6976095255300483,2,2
BCL2L1,protein,2,0.45567846556704306,5,1
PDZK1,protein,20,4.389682172868067,4,2
AKT2,protein,1,0.2492391742985274,5,1
NOS1,protein,1,0.25172338171775077,6,4
KLK11,protein,1,0.2492767332327515,6,4
CCL18,protein,1,0.24484536716686656,5,2
EBAG9,protein,2,0.4884696475948611,5,1
TNFRSF13B,protein,13,2.7076873459697177,6,2
OTUD6B,protein,1,0.2490275617916736,5,1
SEC31A,protein,3,0.6704190016225868,5,2
MDK,protein,2,0.4718606018532323,5,1
TNFRSF4,protein,13,2.7884108935029226,3,2
AP1G2,protein,25,5.420793330358319,2,2
CTBS,protein,25,5.643088489591555,6,2
PIGR,protein,13,2.9147121720657276,4,2
PHACTR2,protein,2,0.47117455037814826,5,1
ANGPTL7,protein,11,2.389617608263925,4,2
DIABLO,protein,2,0.45843492303389133,5,1
MGLL,protein,2,0.4623973215744833,5,1
CCL15,protein,1,0.246579281045842,6,4
CASP3,protein,2,0.4415929000247041,5,1
CASP7,protein,2,0.4636966444327295,5,1
TBCB,protein,2,0.44913357674678756,5,1
MAP4K5,protein,2,0.45626251023882436,5,1
DSC2,protein,3,0.6902324283201554,3,4
PRKAR2A,protein,17,3.590589352647378,2,2
FXYD5,protein,1,0.24383049288614544,5,1
FHIT,protein,1,0.24417112105483116,5,1
ADGRF5,protein,2,0.4643978642861352,5,1
MCFD2,protein,2,0.4744205094461589,5,1
RRAS,protein,2,0.4689954765768689,5,1
CES2,protein,22,4.715213666844409,2,2
CIAPIN1,protein,1,0.24085128731020145,5,1
TMED8,protein,2,0.45955646302021536,5,1
MTHFSD,protein,19,4.022699153119017,2,2
HNRNPUL1,protein,5,1.1192312545993064,6,2
TNFRSF9,protein,14,3.024012941578488,3,2
PIBF1,protein,1,0.2451795342091297,5,2
VASP,protein,2,0.47075248307800877,5,1
TALDO1,protein,5,1.0956825681190279,6,2
MUC13,protein,25,5.525472705991077,4,2
LAMA4,protein,1,0.2397635163483149,5,1
PMM2,protein,1,0.24853836783929129,5,1
DBNL,protein,2,0.4544609138049721,5,1
VASH1,protein,2,0.4521672137874233,5,1
EIF2AK2,protein,6,1.314964711525342,5,2
PPM1F,protein,1,0.244412927012354,5,1
MINK1,protein,2,0.44655497224303947,5,1
ENPP7,protein,16,3.4414611850183867,2,2
RILPL2,protein,2,0.4740372920493936,5,1
SIRT2,protein,1,0.2394125521714599,5,1
VTI1A,protein,2,0.4713896748223494,5,1
S100A4,protein,1,0.23865880459368183,5,1
PLSCR3,protein,1,0.24418261890928453,5,2
EGFR,protein,33,7.079706461669711,1,2
FGD3,protein,2,0.45875644937313353,5,1
QDPR,protein,2,0.44998035143926357,5,1
GPC1,protein,1,0.2426052804039397,6,4
ARF6,protein,25,5.541297842098759,2,2
RBPMS2,protein,1,0.24615825486116016,5,2
MITD1,protein,2,0.4630420834592507,5,1
FUT8,protein,1,0.23917202777844093,5,1
SOST,protein,25,5.665864570959995,2,2
ELAC1,protein,2,0.4498745270467789,5,1
YAP1,protein,4,0.927370556308533,6,2
CCL17,protein,3,0.6523088750205266,5,2
CDC37,protein,1,0.23741883516205897,5,1
ITIH3,protein,25,5.391711867765156,2,2
TREML2,protein,1,0.2375424335986066,5,1
FST,protein,13,2.759709658839555,2,2
ANGPTL3,protein,12,2.5751468291401864,1,2
PRDX3,protein,2,0.4623952202796942,5,1
MTIF3,protein,2,0.48044035614965797,5,1
IL7,protein,1,0.2370838296060881,5,1
YARS1,protein,2,0.47174359949407185,5,1
WFIKKN2,protein,25,5.380756467873904,3,2
CXCL10,protein,25,5.432273190942378,2,2
PBLD,protein,25,5.359062021904421,2,2
RSPO1,protein,1,0.23714491495847376,5,1
ACOT13,protein,2,0.46111648955135404,5,1
BCR,protein,1,0.2363659040533424,5,2
MSR1,protein,2,0.4365138621325262,5,2
ERBIN,protein,2,0.4580441806510229,5,1
NUB1,protein,2,0.43959120512941746,5,1
EIF4E,protein,1,0.24442121659598717,5,1
CSTB,protein,15,3.181525665028092,3,2
ERN1,protein,10,2.19226333950072,6,2
DRG2,protein,1,0.2361814733983591,5,1
PRELP,protein,1,0.24097219697218708,6,4
SMAD5,protein,25,5.290692336236682,2,2
CACYBP,protein,2,0.47918237742674985,5,1
GGACT,protein,1,0.24018752767306217,5,1
HTRA2,protein,1,0.23470335400267583,5,1
GAL,protein,5,1.072809598039686,3,2
IL7R,protein,18,3.9562448044316243,3,2
TNFRSF21,protein,1,0.2387635624150231,6,4
NFU1,protein,2,0.4646803566581945,5,1
SARG,protein,25,5.423044183049585,2,2
RTN4IP1,protein,2,0.4690491404385278,5,1
PDLIM7,protein,1,0.23374021045013835,5,2
STAT5B,protein,2,0.43835032689767384,5,1
HPCAL1,protein,1,0.2330333358691889,5,1
CCL20,protein,1,0.23268211403499245,5,2
FOLR2,protein,14,2.962085437726723,3,2
MEPE,protein,1,0.23905190441131977,6,4
F11,protein,1,0.2403435384400525,5,2
LGMN,protein,2,0.4471667788914243,5,1
DCTD,protein,2,0.45336415048426104,5,1
RAB10,protein,1,0.2385109620949637,5,1
ROR1,protein,1,0.23939116545536143,6,4
NCAM2,protein,15,3.2519765401572323,3,2
MAP2K6,protein,1,0.2340074361140174,5,1
PTPN6,protein,1,0.23339398963755423,5,1
PXN,protein,18,3.899951917440096,6,2
FLT4,protein,1,0.23251524534995108,5,2
CD22,protein,14,3.0119366826659704,3,2
TWF2,protein,2,0.4690609440492619,5,1
CD274,protein,3,0.640587057530886,6,2
RGCC,protein,1,0.23761856638251116,5,2
THOP1,protein,25,5.400456098619853,2,2
GRAP2,protein,2,0.45569780051359,5,1
PRKAR1A,protein,1,0.23323910629877911,5,2
GLB1,protein,4,0.880476188831204,6,2
PTRHD1,protein,1,0.24042780571291655,5,1
JAM3,protein,2,0.46711328346363534,5,1
LCN2,protein,1,0.23748341095398168,5,1
GORASP2,protein,2,0.46028283788546187,5,1
DNAJB6,protein,3,0.6774319875274516,5,1
SYTL4,protein,2,0.44618335703099854,5,1
IGFBPL1,protein,7,1.4704833446572585,4,2
GPKOW,protein,25,5.4856573472139125,2,2
DGKA,protein,2,0.45201406464659805,5,1
CCL26,protein,1,0.2327003899418573,5,1
NUDC,protein,2,0.4505404441516012,5,1
CA13,protein,1,0.23315504981694377,5,1
ALDH1A1,protein,24,5.080334912655134,6,2
IFNLR1,protein,4,0.8696379105461624,6,2
ENO2,protein,1,0.23098968180794088,5,1
TIMM10,protein,2,0.4445203571248693,5,1
CMIP,protein,4,0.852822025461014,5,2
TACC3,protein,1,0.23201995308465756,5,1
GMPR2,protein,1,0.23914966690293377,5,1
CD83,protein,10,2.1364162336121804,6,2
SIGLEC1,protein,7,1.498775718391545,3,2
IGFBP3,protein,25,5.404381562207281,1,2
WASHC3,protein,1,0.2358603712748289,5,2
FABP1,protein,17,3.555111440342327,4,2
PGLYRP1,protein,1,0.23051498147044075,5,1
PSMG3,protein,17,3.625092881876316,3,2
LRRC59,protein,2,0.4478951244826481,5,1
BAX,protein,1,0.23314891049493536,5,1
STAMBP,protein,1,0.23158885762900952,5,1
SKAP2,protein,2,0.45890265152280724,5,1
SLA2,protein,5,1.0770356111277684,5,2
PVR,protein,7,1.4937806122688273,1,2
BST2,protein,1,0.22908401995835195,5,2
RHOC,protein,1,0.23226952448024157,5,1
MSTN,protein,1,0.2374844185394969,6,4
NT5C,protein,1,0.23497043203793216,5,1
TARBP2,protein,2,0.4545869572717305,5,1
CRYZL1,protein,1,0.237838876048935,5,1
BLOC1S3,protein,11,2.333015847545012,2,2
HEXIM1,protein,2,0.45892383093956157,5,1
C5,protein,1,0.2338740379507399,5,2
FCER2,protein,17,3.5924345745746145,3,2
ESYT2,protein,1,0.23386021951593652,5,2
C19ORF12,protein,10,2.1270163942694738,6,2
RAB27B,protein,2,0.45832208092387117,5,1
PRTFDC1,protein,1,0.2312706170728377,5,1
METAP2,protein,1,0.2280046173133367,5,1
PPP1R9B,protein,1,0.2276382702625717,5,2
SERPINH1,protein,5,1.0735288129444018,5,2
PHLDB1,protein,3,0.6505623347004578,6,2
COX5B,protein,2,0.4449787987928806,5,1
EVI5,protein,2,0.44255346774207105,5,1
SRC,protein,1,0.22845847471849656,5,1
SUGT1,protein,1,0.2309911120698467,5,1
PON2,protein,5,1.100217972774938,6,2
UMOD,protein,5,1.0720177582141333,6,2
CETN3,protein,2,0.45524868774479776,5,1
F13B,protein,14,2.946181882557819,1,2
CC2D1A,protein,25,5.454325591043742,2,2
MPHOSPH8,protein,2,0.45963254331003806,5,1
CD300C,protein,4,0.8933608850942177,6,2
FKBP5,protein,1,0.22866876629533325,5,1
MARCO,protein,1,0.2280676593908244,5,2
IL18,protein,7,1.4914238199025798,6,2
EIF4B,protein,1,0.228417278494077,5,1
FAM172A,protein,1,0.2348555954147416,5,1
AKT3,protein,1,0.23017495931963683,5,1
CXCL3,protein,1,0.22721677720043465,5,2
MAPK9,protein,13,2.7962255973956935,2,2
UBXN1,protein,1,0.23452469769659465,5,1
TXNDC9,protein,2,0.4427421611945417,5,1
CDKN2D,protein,1,0.22719386538464584,5,1
CALB2,protein,14,2.9433824925490217,3,2
VPS53,protein,2,0.4274359789149631,5,1
CHGB,protein,1,0.2309496049605728,6,4
DOK1,protein,1,0.2314767629905759,5,1
DXO,protein,1,0.23146330715279784,5,1
CGREF1,protein,2,0.4370519759380562,6,4
MAX,protein,2,0.4554177452896994,5,1
CASP2,protein,2,0.42720898399654383,5,1
ARHGAP45,protein,2,0.43743359611176635,5,1
PKD2,protein,1,0.2340246185871118,5,2
KIFBP,protein,2,0.4424177969350122,5,1
BAG4,protein,6,1.2885862438215143,6,2
DNMBP,protein,1,0.22621228251457537,5,2
ICA1,protein,1,0.2275429695911958,5,1
CALCOCO2,protein,1,0.23277595155833536,5,2
STK4,protein,1,0.2260816162274712,5,1
CNP,protein,1,0.2330558379435852,5,1
ASGR2,protein,4,0.8558536058332735,6,2
VNN1,protein,13,2.7131516702293825,2,2
MGMT,protein,1,0.22560507548805497,5,1
MTSS1,protein,25,5.3721952154439245,2,2
SIGLEC8,protein,19,4.01791777102597,6,2
AXIN1,protein,3,0.6315878378181861,5,2
CD160,protein,1,0.22881998175484472,6,4
GDF2,protein,11,2.337237632660773,3,2
SPRY2,protein,2,0.4374431347245058,5,1
STK24,protein,1,0.22690792568653267,5,1
PDGFC,protein,25,5.479724695996254,2,2
CD6,protein,25,5.239290700501881,2,2
MMP1,protein,1,0.22979804783137148,5,1
RETN,protein,3,0.6332515428413086,3,4
FMNL1,protein,8,1.6781719986968366,6,2
C8B,protein,1,0.22817674048099593,5,2
GRN,protein,1,0.22407090438419225,5,2
GZMA,protein,12,2.514811229966621,6,2
GIPC3,protein,1,0.22870248881134583,5,1
ACRBP,protein,1,0.22879227256828755,5,1
CLC,protein,2,0.4264444711933253,5,1
MARS1,protein,2,0.4557759308948147,5,1
CNST,protein,2,0.44539704748963493,5,1
COCH,protein,6,1.2840479687664477,6,1
CD46,protein,3,0.6747864600145742,5,1
COMMD1,protein,2,0.457979629323339,5,1
TJAP1,protein,2,0.4244514157900823,5,2
CXCL17,protein,4,0.8562117017071066,6,2
CEP43,protein,3,0.6456935065673644,5,2
PLIN3,protein,1,0.22367562271580815,5,1
RAB11FIP3,protein,1,0.2273005793074849,5,2
PTPN1,protein,1,0.22343750199897913,5,2
TXNRD1,protein,2,0.437112439073402,5,1
BAG3,protein,1,0.2284555640800177,6,4
SRP14,protein,11,2.3318450375601243,6,2
LETM1,protein,1,0.2267855602291793,5,2
ACYP1,protein,2,0.4499818741418874,5,1
LMNB2,protein,3,0.6352256288341299,6,2
ILKAP,protein,1,0.2243491966211781,5,1
EFEMP1,protein,2,0.4421104200866176,6,4
SNRPB2,protein,6,1.28451136079966,6,2
PLCB2,protein,2,0.45164843697242085,5,1
ITGB1BP2,protein,2,0.4387825790737061,5,1
PLEKHO1,protein,2,0.42702650313484397,5,1
GGCT,protein,1,0.22638970954008825,5,1
PBXIP1,protein,25,5.491958740487242,2,2
MTSS2,protein,7,1.4626157928260226,2,2
PRKG1,protein,1,0.22833461240358155,5,2
HNRNPK,protein,1,0.22382331791521903,5,1
ASAH1,protein,1,0.22640910875938247,5,2
MET,protein,8,1.660332788242055,4,2
COMT,protein,1,0.22430777814288735,5,1
NSFL1C,protein,2,0.42019371067436656,5,1
CASC3,protein,2,0.45022603120532534,5,1
PFKFB2,protein,1,0.2213134320345932,5,1
IL2RA,protein,1,0.22195674002428772,5,2
CDC26,protein,1,0.22578938318462927,5,1
GOPC,protein,2,0.43896260338747656,5,1
THPO,protein,5,1.0409478493098465,1,1
TNIP1,protein,1,0.22466104176452065,5,2
SMPD1,protein,1,0.21930372226879963,4,2
ITPR1,protein,1,0.2273494770060486,5,1
GBP1,protein,1,0.22437184251872705,5,2
ADA2,protein,6,1.2466095696572586,3,2
CCL14,protein,1,0.22531017449340268,6,4
PRDX5,protein,1,0.2186332545726135,5,1
LGALS7_LGALS7B,protein,1,0.22504488149402568,6,4
SH2D1A,protein,7,1.4706876675861504,6,2
BMP10,protein,17,3.6574037062058102,3,2
CLIP2,protein,1,0.21943766685468408,5,2
GHRL,protein,4,0.862747191298658,1,2
ZFYVE19,protein,2,0.43348461932710075,5,1
FKBPL,protein,1,0.2241434725281896,5,1
BAMBI,protein,1,0.22619058888430751,6,4
THBS2,protein,3,0.632054987359742,4,2
TIMM8A,protein,1,0.22382121790692583,5,1
PSAP,protein,1,0.2239606384123452,5,2
MLN,protein,25,5.195263536029367,2,2
DNAJC6,protein,25,5.292124897575006,2,2
F12,protein,5,1.0556623793547057,1,2
LAMP3,protein,3,0.6311558659227353,6,2
TFF3,protein,1,0.22401818452662584,6,4
GIGYF2,protein,1,0.22267928111884225,5,2
MOG,protein,1,0.22204518344657276,6,4
CLPP,protein,2,0.4283140581905681,5,1
STXBP1,protein,2,0.43862068183105124,5,1
ENPP6,protein,14,3.045066764926678,3,2
MMP7,protein,1,0.220001877899587,5,2
DAPP1,protein,1,0.2184180780224161,5,1
SAMD9L,protein,2,0.4244062264155152,5,1
NCR1,protein,1,0.22306944551614247,6,4
CD59,protein,2,0.42473552341169474,5,2
YWHAQ,protein,2,0.4284146784324791,5,1
MDH1,protein,1,0.2227829142870113,5,1
SCGB3A2,protein,7,1.450702903015154,3,2
CTF1,protein,1,0.21955837415203128,5,1
SETMAR,protein,1,0.21816980421019808,5,2
VAT1,protein,2,0.4313162817575234,4,2
SSNA1,protein,1,0.2222234444292338,5,1
KCTD5,protein,10,2.084681084080531,6,2
ACP5,protein,1,0.21662869531973983,5,2
NFKBIE,protein,5,1.0465103084161775,6,2
KAZN,protein,1,0.22174141608100673,5,2
TDRKH,protein,1,0.2191093187618155,5,2
CASP8,protein,1,0.21639330332264203,5,1
ITGA2,protein,12,2.5487410492658524,3,2
BECN1,protein,16,3.3493150257094104,2,2
BANK1,protein,1,0.2170157620223156,5,2
AP3S2,protein,4,0.836004897613416,5,2
PPP1CC,protein,2,0.44003765831338953,5,1
CXCL11,protein,1,0.21557421632214543,5,2
IFNGR2,protein,2,0.4215663187782676,1,2
FKBP4,protein,1,0.2173682738694825,5,1
PZP,protein,1,0.22064486728882063,5,2
CA4,protein,1,0.22011819315549008,6,4
FSTL1,protein,3,0.629048703441393,6,4
ESM1,protein,1,0.21580144834560544,5,2
B4GAT1,protein,3,0.6208306396834292,3,2
TREM2,protein,3,0.6330876271441239,6,2
AGXT,protein,5,1.0326335377692242,6,2
HBQ1,protein,1,0.21441927295943583,5,2
NFKB1,protein,6,1.2509602948405172,6,2
GP1BB,protein,2,0.4292394036466426,5,1
OXCT1,protein,2,0.44015644216502897,5,1
CCDC80,protein,2,0.4250360727321986,5,4
FGF23,protein,3,0.6364459323014733,6,4
PPCDC,protein,1,0.21427292338459017,5,1
INPP1,protein,1,0.2153243622868208,5,1
TYMP,protein,1,0.2161179242378892,5,1
CD163,protein,2,0.425560075847387,5,2
CCL28,protein,1,0.21563350541065548,5,1
MAPKAPK2,protein,1,0.22109260925291527,5,1
STIP1,protein,1,0.2147644462453443,5,1
TFF1,protein,1,0.219678930656324,6,4
MOCS2,protein,2,0.42888716049718384,5,1
SLITRK1,protein,2,0.4329119393863323,4,2
ARFIP1,protein,1,0.21889967249746475,5,1
SPON2,protein,2,0.417771353931202,6,4
USP25,protein,2,0.42379639482923737,5,1
MASP1,protein,23,4.769179926056917,2,2
CDC42BPB,protein,1,0.21849911710608907,5,2
IDUA,protein,5,1.0267798870556375,6,2
KLK6,protein,1,0.2181808938607959,6,4
BMPER,protein,6,1.2786469925487476,6,2
CCL3,protein,1,0.2138718227575764,5,2
ARHGEF12,protein,1,0.21345301204527337,5,2
ACADSB,protein,2,0.4327195402529889,5,1
KLK8,protein,1,0.22016478447460416,6,4
INPPL1,protein,1,0.21271643972154317,5,2
TCOF1,protein,6,1.2469928797210783,6,2
CTSB,protein,7,1.4481242321123546,3,2
APEX1,protein,3,0.6217970701382056,6,2
TBL1X,protein,1,0.21467904717785377,5,1
CD93,protein,1,0.22060206331226323,6,4
CPXM2,protein,2,0.4227487746214836,6,2
IL18BP,protein,1,0.21664237363772093,6,4
IL12A_IL12B,protein,8,1.6525959768811513,6,2
B2M,protein,2,0.4275780449502756,5,2
SULT1A1,protein,1,0.2107446992535238,5,1
PRSS2,protein,1,0.2161227395779817,6,4
EIF4EBP1,protein,1,0.2122292257518252,5,1
VAV3,protein,2,0.4193431575562783,5,1
TNFAIP2,protein,1,0.21559862881825487,5,2
TBC1D23,protein,1,0.21106038555038964,5,2
SHMT1,protein,1,0.21076106526350585,5,2
INHBB,protein,1,0.2175698096993351,5,2
WWP2,protein,1,0.21138843804016444,5,2
CES3,protein,11,2.2489814069431793,2,2
RGMA,protein,1,0.214488908229482,6,4
KYAT1,protein,1,0.2114452209072195,5,1
IMPACT,protein,1,0.2152240540520143,5,1
PMVK,protein,1,0.2129149048099887,5,1
CETN2,protein,2,0.4223222025335991,5,1
GATD3,protein,1,0.21731286728968272,5,2
KLRB1,protein,2,0.4162160580642956,6,4
AHCY,protein,1,0.2107755097143535,5,2
CXCL5,protein,1,0.2108643717269171,5,2
DNM3,protein,1,0.21444335473339163,5,2
TNFSF11,protein,1,0.21038013705913225,1,2
CDSN,protein,1,0.2140874458803825,6,4
DTNB,protein,1,0.21475947609680293,5,2
SPART,protein,2,0.4297078315254036,5,1
ANKMY2,protein,1,0.2174593520372931,5,1
ABRAXAS2,protein,1,0.21755096570461205,5,1
NFE2,protein,1,0.21659015398199105,5,2
ASRGL1,protein,1,0.2168421208802729,5,1
EHD3,protein,1,0.21683943449427895,5,1
PAK4,protein,2,0.41837877792221967,5,1
TFPI2,protein,1,0.20902993996777416,5,2
SERPINB8,protein,2,0.4153645648048303,6,2
HMGCL,protein,1,0.21652577903186823,5,1
CD2AP,protein,5,1.027579866436374,6,1
SFRP4,protein,6,1.2427788486509976,6,2
AAMDC,protein,3,0.6198049001997097,2,1
OGA,protein,2,0.41621441212181576,5,1
AREG,protein,4,0.8293414885958055,4,2
ANGPTL1,protein,4,0.8329670610107353,4,2
SPINK2,protein,1,0.21514799813081245,5,2
FAM13A,protein,1,0.21306213347337863,5,1
HMOX1,protein,7,1.4361391112261912,3,2
EDAR,protein,1,0.20878398658212777,5,1
TIMP4,protein,7,1.4260195413521342,3,2
PDE5A,protein,2,0.4249538446733291,5,1
PTPRS,protein,2,0.4088829094239279,3,2
IMMT,protein,4,0.8328519987301082,6,2
BRAP,protein,2,0.41797839754333965,5,1
PSME2,protein,3,0.6140174414378112,3,2
GOLGA3,protein,1,0.21209203709248312,5,2
RRM2,protein,4,0.8247998619269319,6,2
FOXO1,protein,1,0.207945829111732,5,2
BAP18,protein,1,0.21195824256793244,5,2
IL12B,protein,1,0.2114031484574546,6,4
REN,protein,4,0.8184830592626029,4,2
GPRC5C,protein,4,0.8214947517176133,6,2
UROD,protein,1,0.21449856468149164,5,1
RNF149,protein,3,0.6346760431483698,6,2
APOL1,protein,5,1.0257101651933607,1,2
NAGK,protein,3,0.6174188620321296,2,2
AMN,protein,2,0.4155971717748085,6,2
TNFSF13,protein,1,0.2069469127117277,5,1
SLMAP,protein,1,0.2111820364179041,5,2
MEP1A,protein,10,2.0586446128662668,4,2
ABHD14B,protein,1,0.20761105388705253,5,1
OPLAH,protein,1,0.21341154423889896,5,1
FCRL1,protein,2,0.4099797381126961,3,2
SDCCAG8,protein,1,0.21081942378367305,5,2
PPP1R14A,protein,2,0.4209571615600403,5,1
LAG3,protein,2,0.40745419669769223,3,2
HGS,protein,1,0.20812964848456908,5,1
CD300A,protein,3,0.6299359680995663,6,2
HEPH,protein,4,0.8181531015943048,4,2
C1QTNF1,protein,1,0.20542978840645745,6,2
RABEP1,protein,2,0.41519925992139917,5,1
AKR7L,protein,3,0.6240107161844989,6,2
FAM3B,protein,3,0.6125121853074943,4,4
CCL13,protein,1,0.20502366770380423,5,1
SIGLEC10,protein,2,0.4075959304782315,3,2
AKT1S1,protein,1,0.20732300384045488,5,1
CEACAM16,protein,9,1.8489890059544365,3,2
BIN2,protein,1,0.20516890391448755,5,1
ADAM8,protein,1,0.2042970441751156,5,2
PPIF,protein,1,0.20935364142539575,5,1
OGFR,protein,1,0.20509056814068585,6,2
TST,protein,1,0.20740825263401969,5,1
CERT,protein,2,0.40877008514183344,5,1
AIF1,protein,1,0.2068404776237827,5,1
TNFSF13B,protein,1,0.20354609901873055,5,2
CASP10,protein,1,0.20659511296092797,5,1
TNFSF12,protein,1,0.2036596039957206,5,1
ARL2BP,protein,1,0.21187487242887548,5,1
AMOT,protein,8,1.6438954960944179,4,2
DDHD2,protein,1,0.2087509207862888,5,1
CCL11,protein,1,0.2035137960459825,5,1
CST6,protein,1,0.21153776977816252,6,4
RBKS,protein,2,0.4072753112596288,6,2
ZNRD2,protein,1,0.20838429731520633,5,2
C1R,protein,1,0.2081159773603442,5,2
DEFA1_DEFA1B,protein,2,0.4086136256052643,5,4
DMP1,protein,1,0.2106131236381968,4,2
CD80,protein,1,0.20783421167502755,6,2
TSPYL1,protein,1,0.21119473531887945,5,1
MAP2,protein,1,0.20769139638403625,5,2
HSDL2,protein,1,0.2101144042076052,5,2
EPS8L2,protein,2,0.40374792838119655,6,2
REG1A,protein,1,0.20895985609770143,6,4
PGD,protein,1,0.20751546775847785,5,1
BOC,protein,2,0.4049734388907642,3,2
TNFRSF8,protein,1,0.20197159004912135,3,2
PTGES2,protein,2,0.41914307157189945,5,1
TRIM58,protein,1,0.20729846599942964,5,2
CALCA,protein,1,0.20356864180997253,6,2
SPINK4,protein,1,0.20774613556799496,6,4
NT5C3A,protein,1,0.20326309023598804,5,1
SUGP1,protein,2,0.4073398809633034,5,2
RAB33A,protein,1,0.2100241258449684,5,1
PDLIM5,protein,1,0.20655058589843525,5,2
FKBP1B,protein,1,0.2019929982135797,5,1
COL2A1,protein,1,0.20910956923386728,5,1
GNE,protein,1,0.20430100909892424,5,1
NFATC1,protein,1,0.2023330823846171,2,2
SH2B3,protein,1,0.20375604132031833,5,2
VEGFB,protein,1,0.20884044843846863,5,2
DNAJC9,protein,1,0.2062137228695504,5,1
ANXA11,protein,1,0.2019961279336956,5,1
IRAK1,protein,2,0.4059741255345459,5,1
WASF1,protein,1,0.20306842219885185,5,2
RABGAP1L,protein,1,0.2030428210725479,5,1
SIRPB1,protein,1,0.2053463621972469,6,4
BACH1,protein,1,0.2007693186860749,5,2
SOD1,protein,1,0.20298037476203856,5,1
ASAH2,protein,1,0.2007952347930669,6,2
ATP6V1G1,protein,3,0.6158240073914342,5,2
HIP1R,protein,3,0.6096861620317379,6,2
ASPSCR1,protein,1,0.2042775177481684,5,1
GIT1,protein,1,0.20655071455035423,5,2
TRIM25,protein,1,0.20379030375294457,5,2
TNF,protein,1,0.20114880376283548,5,2
FABP3,protein,1,0.20332280951980083,6,2
FOLR1,protein,1,0.20396780691786537,6,4
HMOX2,protein,1,0.20088780275156087,5,2
TGFBR3,protein,1,0.20258245221985727,6,4
MAVS,protein,1,0.20092430396628977,5,1
GASK1A,protein,1,0.2057413473948981,3,2
RTBDN,protein,1,0.20299103152994935,6,4
ANXA2,protein,1,0.20615349340022923,5,2
BTC,protein,1,0.2002302222031671,5,1
TRIM24,protein,1,0.2038273117162128,5,2
RAB2B,protein,1,0.20257050770896953,5,1
YOD1,protein,2,0.40797819347450404,6,2
AZI2,protein,1,0.20157741168512655,5,2
WDR46,protein,1,0.2014286871850752,6,2
ITGBL1,protein,2,0.4008834631291309,4,2
TAX1BP1,protein,1,0.20087333668904592,5,2
WFDC2,protein,1,0.20126862665546336,6,2
DENR,protein,1,0.2037499402381389,5,1
RBFOX3,protein,1,0.20049931191247528,6,2
MAN2B2,protein,1,0.20030994331784335,4,2
DNM1,protein,1,0.2006619526454776,5,1
CHM,protein,1,0.2029458694346539,5,1
ST13,protein,1,0.2023919433666448,5,1
VASN,protein,1,0.20071714587997996,6,4
DYNLT1,protein,1,0.2003391486547583,5,2
LPP,protein,1,0.20086501267506937,5,1
fid_23578,metabolite,330,87.36550307365918,2,2
fid_23497,metabolite,133,36.43116782508697,2,2
fid_23500,metabolite,103,28.94756177052384,2,2
fid_23491,metabolite,61,17.948089005555527,1,2
fid_23493,metabolite,85,24.177044533459036,2,2
fid_23488,metabolite,216,57.48038382887322,2,2
fid_23515,metabolite,105,29.16571477940209,2,2
fid_23495,metabolite,115,31.83731356146269,2,2
fid_23490,metabolite,142,39.03867130001371,2,2
fid_23498,metabolite,49,14.778092230787328,1,2
fid_23485,metabolite,161,41.747555505734596,2,2
fid_23424,metabolite,69,20.046507529766654,1,2
fid_23407,metabolite,207,55.24043176400848,2,2
fid_23489,metabolite,193,52.01108256589345,2,2
fid_23484,metabolite,160,41.92417553197154,2,2
fid_23496,metabolite,65,19.552364845316603,2,2
fid_23412,metabolite,46,13.809398380437917,1,2
fid_23522,metabolite,69,19.824584198361727,2,2
fid_23492,metabolite,46,13.733841382476172,1,2
fid_23550,metabolite,197,51.61267593677752,2,2
fid_23509,metabolite,37,11.426821571256534,1,2
fid_23408,metabolite,152,41.66873802369708,2,2
fid_23508,metabolite,65,19.118193900245526,1,2
fid_23510,metabolite,41,12.526789265097202,1,2
fid_23648,metabolite,180,48.218442531210314,6,2
fid_23643,metabolite,130,35.0749775211368,6,2
fid_23499,metabolite,31,9.817609261017338,1,2
fid_23494,metabolite,195,52.61532278044888,2,2
fid_23486,metabolite,129,35.19450408624584,2,2
fid_23543,metabolite,172,45.29258441402744,2,2
fid_23435,metabolite,178,49.29910751997063,6,2
fid_23483,metabolite,146,39.70674678650469,2,2
fid_23420,metabolite,36,11.045727543436996,1,2
fid_23409,metabolite,134,35.26251969359624,2,2
fid_23447,metabolite,235,61.29895290208924,2,2
fid_23622,metabolite,135,36.70242168760077,6,2
fid_23481,metabolite,142,38.585910686017804,2,2
fid_23501,metabolite,42,13.587533239306522,1,2
fid_23428,metabolite,30,9.45435345534254,1,2
fid_23641,metabolite,136,36.369408689858304,6,2
fid_23640,metabolite,176,46.94873372379641,6,2
fid_23439,metabolite,24,6.6754099445759065,1,2
fid_23529,metabolite,53,15.18395698037458,2,2
fid_23546,metabolite,15,4.311978079256211,1,2
fid_23544,metabolite,25,7.114332672981606,1,2
fid_23429,metabolite,23,6.4109665961655,1,2
fid_23482,metabolite,97,27.083769596917325,2,2
fid_23545,metabolite,25,7.053584289855387,1,2
fid_23536,metabolite,86,23.359146115180746,2,2
fid_23431,metabolite,52,16.61932139290938,3,2
fid_23547,metabolite,25,7.017900724654922,1,2
fid_23530,metabolite,17,4.8927236890668775,1,2
fid_23523,metabolite,10,3.1966513729340704,1,2
fid_23402,metabolite,25,6.852777162946832,1,2
fid_23505,metabolite,15,4.484025869491095,1,2
fid_23503,metabolite,33,10.075739992516231,1,2
fid_23401,metabolite,23,6.41012535170927,1,2
fid_23548,metabolite,27,7.988218638340013,1,2
fid_23413,metabolite,21,5.904232652387045,1,2
fid_23410,metabolite,91,24.74237756959388,2,2
fid_23638,metabolite,63,18.00763768931223,6,2
fid_23506,metabolite,12,3.6189983457083468,1,2
fid_23441,metabolite,23,6.230110414885033,1,2
fid_23404,metabolite,16,4.647582762331094,1,2
fid_23514,metabolite,25,7.18401118821297,1,2
fid_23425,metabolite,23,6.434899714674411,1,2
fid_23571,metabolite,96,26.28255226159529,2,2
fid_23507,metabolite,25,7.288190791903241,1,2
fid_23539,metabolite,26,7.479224193890589,1,2
fid_23403,metabolite,28,8.497319527195701,1,2
fid_23537,metabolite,26,7.35901827048614,1,2
fid_23416,metabolite,25,7.369910809111358,1,2
fid_23480,metabolite,605,153.35285197956964,5,2
fid_23487,metabolite,60,17.600875114772,4,2
fid_23538,metabolite,27,7.934097514371924,1,2
fid_23405,metabolite,20,5.684469317763446,1,2
fid_23532,metabolite,17,4.916477411992092,1,2
fid_23626,metabolite,29,8.587983129553502,1,2
fid_23562,metabolite,119,33.3313793463179,3,2
fid_23458,metabolite,380,100.31582778849912,6,2
fid_23433,metabolite,77,22.895780421330713,3,2
fid_23540,metabolite,26,7.578956631337396,1,2
fid_23417,metabolite,25,6.9583726634634395,1,2
fid_23513,metabolite,25,7.640413580150189,1,2
fid_23558,metabolite,86,24.462367695158562,3,2
fid_23561,metabolite,106,29.92873787337849,3,2
fid_23442,metabolite,78,21.72858017837248,2,2
fid_23454,metabolite,341,90.1107108618294,6,2
fid_23511,metabolite,29,8.745749006849122,1,2
fid_23531,metabolite,17,4.96911726790729,1,2
fid_23512,metabolite,25,7.470453244178997,1,2
fid_23541,metabolite,29,8.654652873702005,1,2
fid_23627,metabolite,40,12.32908740595886,4,2
fid_23559,metabolite,81,22.938360128360195,3,2
fid_23549,metabolite,9,2.806804291401777,1,2
fid_23525,metabolite,11,3.438826174625013,1,2
fid_23504,metabolite,28,8.36811598623546,1,2
fid_23448,metabolite,124,32.70815904870376,2,2
fid_23533,metabolite,17,4.841352174384158,1,2
fid_23542,metabolite,16,4.5103242961635255,1,2
fid_23421,metabolite,13,3.823979656188495,1,2
fid_23452,metabolite,160,44.47071972011597,2,2
fid_23534,metabolite,18,5.172407598823232,1,2
fid_23524,metabolite,13,3.866986946080697,1,2
fid_23563,metabolite,76,21.634101754076088,3,2
fid_23502,metabolite,28,8.454708744765911,1,2
fid_23560,metabolite,65,18.45606567954794,3,2
fid_23419,metabolite,22,6.122362201649511,1,2
fid_23535,metabolite,16,4.508982974051296,1,2
fid_23589,metabolite,25,7.4513710734399234,4,2
fid_23633,metabolite,34,10.854267371953837,4,2
fid_23624,metabolite,39,10.879748576443141,1,2
fid_23519,metabolite,9,2.9065206811982938,1,2
fid_23528,metabolite,15,4.280677758439875,1,2
fid_23526,metabolite,15,4.323717891288591,1,2
fid_23520,metabolite,9,2.8592779308074108,1,2
fid_23440,metabolite,41,11.28517511968657,3,2
fid_23527,metabolite,15,4.305912684431273,1,2
fid_23516,metabolite,24,6.401770074903859,1,2
fid_23636,metabolite,197,53.794854733767416,6,2
fid_23418,metabolite,97,25.86058349175793,3,2
fid_23406,metabolite,88,23.481739994627876,3,2
fid_23521,metabolite,19,5.108442092713531,1,2
fid_23617,metabolite,101,27.97162009073494,4,2
fid_23570,metabolite,40,11.099835434974137,3,2
fid_23426,metabolite,47,12.987016934932315,3,2
fid_23642,metabolite,78,20.850465696006335,3,2
fid_23565,metabolite,36,10.001811368432081,3,2
fid_23568,metabolite,47,12.774281663559584,3,2
fid_23453,metabolite,325,84.92482704562757,6,2
fid_23430,metabolite,43,11.281919279018013,3,2
fid_23569,metabolite,47,12.805864368136248,3,2
fid_23555,metabolite,77,22.477906894142006,3,2
fid_23635,metabolite,158,43.87068830447449,6,2
fid_23414,metabolite,35,9.87340939923155,3,2
fid_23400,metabolite,22,6.1072789028400685,1,2
fid_23471,metabolite,475,118.39673470854619,5,1
fid_23427,metabolite,36,9.837675395827894,3,2
fid_23422,metabolite,57,15.642445655749707,3,2
fid_23566,metabolite,34,9.103283679779722,3,2
fid_23621,metabolite,25,6.767991007708035,1,2
fid_23517,metabolite,25,6.666719398697463,1,2
fid_23518,metabolite,25,6.742495572801686,1,2
fid_23553,metabolite,58,17.085960764532658,3,2
fid_23628,metabolite,61,16.935642509264877,4,2
fid_23552,metabolite,58,16.98414475851557,3,2
fid_23554,metabolite,65,18.98365888458895,3,2
fid_23438,metabolite,21,5.917178376918163,1,2
fid_23632,metabolite,31,8.935284402272877,3,2
fid_23639,metabolite,153,40.4258538239547,6,2
fid_23415,metabolite,23,6.345915625022252,1,2
fid_23551,metabolite,52,15.077314235984083,3,2
fid_23411,metabolite,33,8.925158611823788,1,2
fid_23436,metabolite,29,7.929312827291616,1,2
fid_23423,metabolite,32,9.275621999331543,1,2
fid_23574,metabolite,57,15.887834004472538,1,2
fid_23567,metabolite,30,7.8705740459652045,3,2
fid_23634,metabolite,86,24.53100146330008,4,2
fid_23437,metabolite,28,7.61109665638326,1,2
fid_23478,metabolite,164,46.49109689071126,6,4
fid_23573,metabolite,50,14.205716135918049,1,2
fid_23434,metabolite,35,9.345106913788529,1,2
fid_23594,metabolite,24,6.125572753845437,4,2
fid_23557,metabolite,28,7.86678409177011,2,2
fid_23596,metabolite,51,14.92239553476878,4,2
fid_23645,metabolite,33,9.397576895140176,4,2
fid_23646,metabolite,30,8.283626830615056,4,2
fid_23606,metabolite,89,23.966056245937864,4,2
fid_23613,metabolite,70,18.673897726500655,4,2
fid_23595,metabolite,37,11.18537211911884,4,2
fid_23608,metabolite,53,15.16472563742141,4,2
fid_23577,metabolite,40,11.159707819483081,1,2
fid_23597,metabolite,28,8.037208294417383,4,2
fid_23605,metabolite,69,19.074199711036087,4,2
fid_23449,metabolite,21,5.770050711458822,1,2
fid_23456,metabolite,48,13.877136481099177,4,2
fid_23618,metabolite,64,16.745134611739754,4,2
fid_23585,metabolite,27,8.353958430491112,4,2
fid_23598,metabolite,34,10.009754132869029,4,2
fid_23612,metabolite,30,7.880769361473816,4,2
fid_23556,metabolite,36,10.946648705085254,3,2
fid_23623,metabolite,41,10.646851092013044,4,2
fid_23602,metabolite,35,10.292190877035505,4,2
fid_23586,metabolite,25,7.734665006736373,4,2
fid_23603,metabolite,27,7.634321710056962,4,2
fid_23600,metabolite,26,7.0525951147420365,4,2
fid_23601,metabolite,14,3.719468181114093,4,2
fid_23446,metabolite,27,7.689088300676607,1,2
fid_23607,metabolite,28,7.439962567088022,4,2
fid_23445,metabolite,28,7.747328654439477,1,2
fid_23465,metabolite,8,2.4655112240311303,4,2
fid_23599,metabolite,31,9.17236424442265,4,2
fid_23464,metabolite,21,5.3676982770002954,4,2
fid_23610,metabolite,41,10.749164334870065,4,2
fid_23615,metabolite,66,16.872951112823927,4,2
fid_23572,metabolite,35,9.921587641065342,1,2
fid_23588,metabolite,26,7.334403409250667,4,2
fid_23629,metabolite,26,7.311962371192435,3,2
fid_23467,metabolite,25,6.565369217052789,4,2
fid_23591,metabolite,27,7.631438362393432,4,2
fid_23587,metabolite,26,7.305593698701883,4,2
fid_23575,metabolite,35,9.30893801791317,1,2
fid_23564,metabolite,25,6.264690698773855,4,2
fid_23625,metabolite,14,3.374873017185444,1,2
fid_23466,metabolite,11,2.8634150758433803,4,2
fid_23620,metabolite,24,5.922984497501062,4,2
fid_23604,metabolite,42,10.55247098108521,3,2
fid_23443,metabolite,104,25.646855314121517,6,2
fid_23455,metabolite,37,9.484226944397621,4,2
fid_23611,metabolite,28,7.053443190134443,4,2
fid_23619,metabolite,5,1.246380384703638,1,2
fid_23576,metabolite,28,7.325800685533878,1,2
fid_23644,metabolite,11,2.5731768945499,4,2
fid_23474,metabolite,4,1.0649222430107619,4,3
fid_23584,metabolite,3,0.8767388296867142,1,2
fid_23472,metabolite,14,3.639465673084097,5,1
fid_23462,metabolite,7,1.7442576835630934,3,2
fid_23631,metabolite,13,3.1445615220748504,4,2
fid_23593,metabolite,4,1.0466563148815455,1,2
fid_23637,metabolite,26,6.225562438781057,3,2
fid_23476,metabolite,4,0.9278048783718031,4,3
fid_23457,metabolite,51,12.070983139257024,6,2
fid_23590,metabolite,17,4.033032233908009,4,2
fid_23647,metabolite,25,5.906817485910915,3,2
fid_23469,metabolite,10,2.5870077452036955,4,2
fid_23477,metabolite,2,0.5794094537653303,4,3
fid_23444,metabolite,13,2.9458511536191403,1,2
fid_23592,metabolite,5,1.2046269257174227,1,2
fid_23479,metabolite,14,3.1925320283501453,6,4
fid_23614,metabolite,2,0.48888702908784915,4,2
fid_23630,metabolite,6,1.3465644151869516,3,2
fid_23579,metabolite,1,0.27652752161365424,1,2
fid_23451,metabolite,5,1.079248437146931,6,4
fid_23470,metabolite,8,1.760335147869219,4,2
fid_23468,metabolite,5,1.2276611333319851,4,2
fid_23432,metabolite,10,2.182508080509379,4,2
fid_23450,metabolite,11,2.2903124882118355,3,2
fid_23616,metabolite,6,1.3173177413240076,1,2
fid_23460,metabolite,5,1.1216097783691683,4,2
fid_23609,metabolite,2,0.4643988715259238,3,2
fid_23461,metabolite,7,1.5268532784966584,5,1
fid_23473,metabolite,1,0.2244948423701361,4,3
fid_23582,metabolite,3,0.6215807602555733,4,2
fid_23580,metabolite,1,0.2082160361984984,4,2
fid_23459,metabolite,1,0.20021331476963855,1,2
