name,wY_01,wY_02,wY_03,wY_04,wY_05,wY_06,wY_07,wY_08,wY_09,wY_10
fid_23474,-0.09353827151230953,0.13305977163331245,0.17115340059988413,-0.05148443022617622,0.12947346288164938,-0.06203645510108532,-0.09337178896572891,-0.30500067427385924,0.05949382155138173,0.10128183275330357
fid_23475,-0.024280001758672596,-0.00883971354682105,-0.0339809191363669,0.029689584392651975,-0.052052567880747545,0.023371963971316762,-0.04155122243257373,-0.04526716141376328,-0.011508258035454319,-0.021248193578328103
fid_23476,0.05434535599304105,-0.023641598145065473,-0.04332469309512122,0.03780937532643704,-0.12188089998765145,0.06209097922914853,0.08672688548835725,0.20650203830621344,-0.06703042342433368,0.012359806025633878
fid_23477,2.1383245850331434e-4,-0.09061334382121937,-0.05511480798557413,-0.09278938644224667,0.006980489051012812,0.01709016284210388,0.09341402008741062,-0.08281048263744971,-0.3255317237718765,-0.12282703719330586
fid_23460,0.019197212096210375,-0.15956669998849055,-0.017139994359050798,0.1936278936137193,0.030321713987477607,0.09900906969179503,0.09941678699254974,0.13656513743132775,0.05524070220594533,0.03839023641360665
fid_23479,-0.14753827629731123,-0.19298273635948107,-0.2862946795429091,-0.014827684522444776,0.1819469094473176,-0.3753495109697274,0.19155614251412817,-0.2986362338550628,-0.2467152926430364,0.4066686038903381
fid_23440,0.24362240426335088,0.17302659339686466,0.6480028412308242,0.538443572891071,-0.6171210654277945,-0.709669477571509,-0.17120638827359588,0.8911217967689664,0.13049034005809565,-0.3433115690789032
fid_23439,-0.42349963733976376,-0.09046598300802977,0.003217265766290522,-0.8902423822658805,-0.5727242469982523,-1.2105782758888928,0.7053025020781599,-0.009480241576854323,-0.4547677881791659,0.008368457271211004
fid_23441,0.04557039959209554,-0.1526420192361661,0.5218800581317766,0.7320837580411313,0.2964833341985907,-0.23912105537394934,0.8131061121043525,-0.7888133982020509,-1.3086865783038604,0.23937821761786984
fid_23433,-0.7456005670104785,0.5095227859178411,0.41151805211458936,-0.5112521371306774,0.27553310004831805,0.8694143938475715,0.8053467159011714,-1.9074787047849493,-0.6237960683516136,-0.592372521773718
fid_23432,-0.020899733085691152,-0.07802139257157187,0.013531526983415367,-0.2023355697468847,-0.07446697231577255,0.011799217267599957,-0.06390320743772357,0.06543580736104394,-0.19946545466430574,0.037257992875557144
fid_23431,-0.14744712856678394,0.17201190637149658,-0.23194978832639065,-0.291292102322184,0.27258568245966414,0.0031456987099950664,-0.6540695907015812,0.04426501931902228,0.007480467554588847,0.8744992017072537
fid_23484,0.028401169797938216,-0.18332225479360728,-0.04636688945462945,-0.02836773810089771,0.7119878527804059,-0.10086875886976278,0.00883110471675536,-0.732464513452747,-0.30030185100049833,0.4945070491656707
fid_23526,0.05264648563178471,0.5531021921852827,-0.29845925913800403,0.09036957694549766,0.189324994078929,0.7117357795058437,-1.1126356358605396,0.022052534318834072,-0.14839007278714103,-0.1089284862652497
fid_23561,-0.14267590938626762,-1.0871471070929106,-0.027028328356977292,-0.7303299770513951,-0.2976351213154202,-1.0367024293762497,0.16871953353650573,-0.5415746360798976,0.8952709368319947,0.09673735406645499
fid_23533,0.13520959245230837,0.1809072148921124,0.3522614193778437,0.13509174858336814,0.15871998678342417,0.445606366601329,-0.9971745602259309,-0.5037991725607361,-0.10824833587567888,0.5549996776885061
fid_23498,-0.0402991652570716,0.31745469276227917,0.19152087953216515,-0.36533666388693314,-0.7328571011147966,-0.13701053416864029,-0.7053714332820821,0.5185275638873053,-0.977518997964764,0.9785942243002828
fid_23568,0.33434580095109795,-0.43666446663359315,0.007863307002384438,-0.1503783593253661,0.66454441748109,1.0817044076130702,0.4219424329210389,0.006698848487208134,0.3053236446807107,0.06652774793101619
fid_23540,-0.18372503024290482,0.0665586489821164,-0.38400252106829696,-0.21368690144123134,0.1474820704945956,0.7210134131094058,0.25120508816759385,-0.5588162340286178,-0.2915673488422383,-0.5425780995392153
fid_23505,0.402175840310871,-0.27103294041342596,0.13349545387949016,0.05005539592793861,-0.1354845677831321,0.4168596514761179,-0.7455999607065462,0.025270244464087186,0.8282700892615543,-1.0219921773399039
fid_23575,-0.6321087366386253,-0.40027265280302143,0.3298335679711277,-0.3899529640421856,-0.9179468340281473,-1.2027897889010823,0.04469628895974225,0.09216999761560614,1.0774163153341119,0.728849786911067
fid_23547,0.0751949774447636,0.08758192995079021,0.44083135146433233,0.5512679247624854,-0.15388471807895027,0.13391768104949747,0.42715028806348315,0.6136586551123393,0.22729110645195058,0.31670875792724923
fid_23512,0.1259535596513831,0.3292776400178633,-0.25111330327702625,-0.2768890523526994,0.8264617900333523,0.138121392329712,0.9583887120525368,0.2937201945224339,0.9445782729326526,-0.13442609622257923
fid_23554,0.00783279913986461,0.05785038263847743,-0.22342279829827297,0.20995464086182472,0.060809573714450546,0.8061964033365846,-0.15447985643291898,-0.47375953630658074,0.27309336319032634,0.4524979866859122
fid_23491,0.02228943658324619,0.10776177122734522,0.24977393098919679,0.6417256475315665,0.2225477326424419,1.0055042926257134,-0.6551813793451031,-3.155049974832501e-4,-0.6081775098156956,-0.6129538521701803
fid_23519,0.14808964208138195,-0.031788199712516056,0.14443354469862726,-0.023737862860290587,-0.4031000382817978,-0.24037374969748318,0.994199661599735,-0.5339450558283056,0.38204727679328276,1.1754176117820576
fid_23610,-0.03616153049991391,0.04844197450629997,-0.1657116652183182,0.05841412571478411,0.10560693544011539,-0.012952860100588881,-0.10847897656672999,0.24066956978726703,-0.06167945801926015,-0.1141232297494147
fid_23635,-0.006781945692925568,0.01239182045131094,0.04561384961222697,-0.017082700893985496,0.02559981810329899,0.06857816191202755,0.018980875514451188,0.0034058213885313085,-0.00118087465973242,0.06908202950680792
fid_23615,0.011212810098461663,0.006742031113790314,0.12756306792548855,-0.3927829529954112,-0.19923541998483638,0.04269868365745969,0.09130944101228891,-0.03345908989312312,0.08559874276847722,0.28332833132339347
fid_23590,1.8286429933982707e-4,0.019577834627260576,-0.08409380164401112,-0.1902457498146894,-0.01882079678976004,0.005496471496690029,0.02915560851569491,-0.18049475929145511,0.03612297671316339,-0.10391716574043192
fid_23640,0.08531473307618623,-0.04165626564944363,0.01900890913393049,0.27602862121348376,-0.08576720076799842,-0.2906199066247265,-0.15029075263153202,0.05495443725221264,-0.410642304549679,0.025718775434590876
fid_23620,0.04788777073701264,-0.07970168621145751,-0.01459295835722729,-0.010697840316879547,0.09910070120430023,-0.06140462826974336,0.0922301848558301,0.08181005294473476,0.07639395403498749,-0.18976779046786793
fid_23595,-0.252634049085232,0.29167177966154656,-0.02436102696392188,-0.06640399497340997,0.012791344841586906,-0.011512391164714787,-0.23177451094432536,-0.02497635715638549,-0.30068464811966644,0.48175098909949876
fid_23645,-0.08252237686526509,-0.015435812637950963,0.05252078676276128,-0.14321779274239657,0.05901728321139263,0.005141402598729348,0.14973299005197938,0.023118987628981732,0.540610821829259,-0.3070725244615046
fid_23625,-0.059427341273476035,0.0795989763903562,-0.0976104959210761,0.12831768579685426,0.03166210370555881,0.023962102254346272,-0.24708007769479218,-0.10286279831401865,-0.12295876544783756,-0.018606767713846523
fid_23600,0.032766131271076436,-0.09499853851893338,0.15103855173597205,0.3215308984827346,-0.15963625604452442,-0.18574264031867632,-0.38153856349114745,0.023480601611779273,-0.21197806704589872,0.2304873309391038
fid_23630,0.0031471003443966964,-0.0137834667359484,-0.07272044352084074,0.012327206618627625,0.01890479795697249,-0.11124101855596621,-0.046437296044794664,-0.016220345473004865,0.0882996456591032,0.019963437427314816
fid_23585,-0.01705293223292413,0.028466094128956027,0.008842600000646714,-0.023725558947611792,0.0341987030434212,0.02923272846699068,-0.01311079176692021,0.03996020787155917,0.02973635213694512,0.007665830721346897
fid_23605,-0.03176233373098917,-0.13517705771872046,0.022252104435122436,-0.22212336754270004,0.0707362805581799,0.07924524380890362,0.02262710795738526,-0.1939790966644466,0.0958062065472235,0.11022950081201367
fid_23485,0.14148567855511432,-0.44118464881658764,-0.413427088954663,-0.20330428948855273,0.7408237834096636,0.30863059355132594,-0.011349763931701414,-1.1678560099135515,-0.3991860721161263,1.0731803164060574
fid_23418,-0.21289547770189612,-1.2199440124576637,-0.12984470866003764,-0.8162865141402249,-0.12650592132744268,-0.4491797491328003,0.5898906595798796,-0.16695563235856417,1.4021438835834552,0.6103915922663717
fid_23527,-0.05109828848854046,0.7361670018508675,-0.22306327583138824,-0.030964523274062686,0.3559750506686979,1.2413326185559967,-0.7089566477783654,-0.19789055469487496,0.01812402790662584,-0.04572646111523555
fid_23417,0.08225620988708746,0.2631302307533793,0.20723956910653413,0.050236481765441945,0.06928382151441682,0.6318893993047351,-0.9774428752494765,-0.1838354706293191,0.007930209609798346,0.5832656041176589
fid_23562,-0.1869130365988202,-1.7422864755614418,-0.2382948773705692,-1.1092248916471072,-0.5709902454576526,-1.4367418678380877,0.22490447753845713,-0.30020808866571286,1.679282146613286,0.23878500395415228
fid_23534,0.08209893091919934,0.3553474756548626,0.3688386077113426,-0.22381006229170752,-0.06482190514167989,0.8645655610775371,-1.32003171841366,0.08585090245955727,-0.01700163423664436,1.12915518076012
fid_23499,-0.11054354151395614,0.39169422365054596,0.8129818202976038,-0.698035826696001,-1.9133879139115986,-1.1671355377660821,-0.5697168224656979,1.6668901139480252,-0.5333949276802921,0.2287750173210837
fid_23569,0.19902628718522838,-0.5879889491625413,-0.031510222185353445,-0.3841088228072956,0.903283141142363,1.2445933201179729,0.7440836333324271,0.12232352818200638,0.7739086790867934,0.3379068018094306
fid_23541,0.0500390382081433,0.19702809688262643,-0.3158206776175133,0.3369939769298516,0.4611882086351818,0.326917340260198,-0.5712498283188021,-1.1576634326854331,-0.15519078713245654,-0.8474693031224572
fid_23506,0.541938493019971,0.4504877837984713,-0.11141867095838201,0.927609339232662,-0.05755852210701654,0.953993418880058,-2.8210151578214124,0.5222684164469319,1.3297940069201724,-2.521418132286769
fid_23576,-0.9284931245766609,-0.5432740544549971,0.2832084201416959,-0.759745178893447,-1.2749069694325459,-1.5201157418957807,1.1132011023838628,0.29797021831435766,0.901990401079464,1.2777671702370945
fid_23548,0.1477368389532504,-0.13004267521450869,0.5530391430056523,0.8662419334344051,-0.02976962036480624,-0.20331271568642656,0.19436514388723583,0.6765022139674219,0.6523965024472415,0.8019668980492752
fid_23513,0.02054672400678954,0.3494733386459431,-0.15070033804514227,-0.35916286855399826,0.35650505263900767,0.18494310043005635,0.3576023679891027,-0.4974112022594091,2.328890974532739,-1.1271382147164768
fid_23416,0.24124506799460754,0.2717620327062672,-0.06178764814845072,-5.600788085470176e-4,-0.17177028928061433,0.05169234330803582,-0.647147463388327,-0.09065468618809518,0.6947431776903757,-0.5165361304680708
fid_23555,0.002607434645526169,0.16800776530732564,-0.3738427594328945,0.5664492833701311,0.470154950245752,0.9506150319592798,-0.22602641032904705,-0.8784498263075174,0.6214147633113551,0.9818678886239296
fid_23492,0.09045296891692357,1.0453423752693736,-0.37937992694626155,0.6553731458645757,0.43327017322420097,-0.27159539457864756,-3.050582110036757,0.2530687292893854,-0.9758404616496725,-0.8168569254810811
fid_23520,0.3319122902873826,-0.0997310293936812,-0.09133740241889092,-0.38474612237918754,-0.3715629304921939,-0.33203949464346527,1.7370134642214388,-0.9152954463860801,0.17467749449997644,1.1645521441639322
fid_23611,-0.011512940620290043,0.02103611867341313,-0.12404294050944879,0.07826070393527768,0.10319452134127975,-0.1228504608435124,-0.2774038547568685,0.18866330607599963,-0.18271285916145025,-0.09347726806977558
fid_23636,0.005459345902769022,-0.002866852099427165,0.08507395370487403,-0.03315473881319935,0.04775525574392225,0.14739897738641064,0.0441200618067156,-0.05860412896046806,-0.06758544884764077,0.12039464659144222
fid_23616,0.03953546362336728,-0.05561240856285131,0.05255054988625982,-0.048479454677125486,-0.04724380281962724,-0.14758585457086393,0.2090997351382759,-0.41358395814841353,-0.16378411547902058,-0.022977340399952785
fid_23591,-0.016537775134013902,0.061881813561025366,-0.14351130588295066,-0.3186890454923733,-0.0010173804607034051,-0.02729332384889492,0.05329250096148553,-0.2233578870336294,-0.01764927484320901,-0.1401182086489223
fid_23641,0.07185166431485056,0.043683053183041824,-0.014040580947002617,0.28200672736065874,-0.20619088965867197,-0.4517719427463279,-0.23511507640496743,-0.08768151069158475,-0.4917981973371373,-0.08093923077886422
fid_23621,-0.13580175113944726,0.046730611145658234,0.026623927425661234,-0.4000298931575215,-0.13596763284256666,0.3400512529672218,0.30217833892779744,0.14204409130262388,-0.1312191572444394,-0.10255210527447248
fid_23596,-0.2986805323800795,0.49477830982755694,0.14456729433926993,0.06978526763299768,-0.11849553884474763,0.13707484478725898,-0.5844705646797976,-0.1622892433682326,-0.23459180309642966,0.5363730490346182
fid_23646,-0.1728647187595673,0.03409728827043297,0.07281737208432708,-0.20302068439305157,0.1358753660355846,0.1869652965569206,0.13293191456346537,-0.13222450302387856,0.1440679632168751,-0.42969439205910276
fid_23626,0.01119775224617339,-0.14175768042585224,-0.08552299955080968,-0.26582913688225057,-0.007887326293410178,-0.07785166848899817,0.1117082386140818,-0.12193490202841119,-0.5758058268649481,0.22029506175111388
fid_23601,0.1633286522269754,-0.20400925729615363,-0.17931958991727387,-0.4112678907661196,0.04703238721893958,0.23231824161558678,-0.15510822715572062,-0.4320854853451192,-0.3460092928825405,0.30803268208192164
fid_23631,0.03345854672188172,-0.022709282500447094,0.027235017057220697,0.039920208574316975,-0.001072111390271933,0.023821284066142687,-0.049335321986988936,-0.04575119823452594,-0.0582211771917214,-0.07215050195499027
fid_23586,-0.01848449308713288,0.056437877706457765,-0.003186243619907405,-0.04843662297579608,0.062195102186199,0.05353513735650336,-0.015733354650724642,0.030993725699006422,0.005912200347427827,-0.003875948801651583
fid_23606,-0.04928345394901308,-0.19317301275326595,0.014322289533543866,-0.22866090502846195,0.061362099880748484,0.07219912782060517,0.006494512920751193,-0.28199491967217477,0.17113720692036716,0.12130025482305838
fid_23473,-0.015874034357368286,0.06748542479378156,-0.1889880265126373,0.03812020337880883,-0.047674865096718325,0.034874712056803744,0.02597066404244361,0.09476200426873971,0.056542498171944115,-0.18178243747259534
fid_23404,-0.21894910338323187,-1.6925382397068864,-0.541078548801499,-1.725886162056929,-0.6802865866794519,-2.139340315722939,2.3725871276330954,0.9451435423900387,-0.5069283739253175,0.0936002494812052
fid_23481,-0.7316991751809795,-1.1345045018242172,0.387850670561548,0.09931309290802101,-1.7566928653799179,0.046493204588166054,0.5307177570711259,0.3481944882324346,-1.7447629349892855,0.7346133120008639
fid_23430,0.08856530330867039,0.5282567901938402,0.2223288168657119,-0.014529900621703671,-0.500084057740557,0.059888774265762,0.06124639498432449,1.4238140248600124,-0.5980064411873448,-0.42553730755797275
fid_23523,-0.3305805570271702,-0.49435343299223905,-0.005126506925676636,-0.6946983627871532,-0.3217351263484909,-1.0884789332659996,0.8135051856897921,-0.13450248380697866,-0.6334781084804311,0.4015202239327891
fid_23429,-0.44540753943961403,0.00716205623324457,-0.018111360744951732,-1.0234816886098372,-0.7012035991223698,-1.3552788325638725,0.7619480975831939,0.0821396718651017,-0.41224036932516284,-0.04443988046914938
fid_23558,0.10569612010483191,0.04765590067558272,-0.15878774660200293,0.8612253386901477,-0.8108999913034642,-0.5809003036279418,0.8905524927710242,0.2323090477532944,-2.2346722952343514,0.35083300399040906
fid_23530,-0.5905874948849218,0.10324040462578618,0.022007975273614182,-1.1408035803227707,-0.8025458202606207,-1.8126352836825697,1.1027156763999661,-0.12314851235133017,-0.42110614498751003,-0.22044185680411255
fid_23495,0.6741725116635596,-0.124020574521732,-0.4274732066351443,0.8745945396675631,1.0964238400231903,-0.7228889528212027,1.389047921845278,-2.6632753000436833,-0.68142343223156,-1.483119107281342
fid_23565,0.16532900713005622,-0.10649074043527715,1.1411993129900473,0.7038277411637951,-0.9639151930140949,0.1411872114366482,2.655428533747517,1.0738424985826676,-2.3765038980039686,1.0161844924835446
fid_23537,-0.13346549179284622,-0.20918188969305876,-0.0595812915470952,-0.7636947626907857,-0.5421878713113113,-0.7731398852056984,0.39636862245120097,0.4723911429585828,-0.2417050505050894,0.3490785880825513
fid_23502,-0.642690352222008,0.05111481230099189,0.8420822519474979,0.1667066659178038,0.12083325058790927,-0.6548567514293171,0.07956222354556712,-0.15963386988978243,0.6219332796530215,1.0202469559828935
fid_23572,-0.042215096953431334,0.9482809424761743,-0.24163012072897871,-0.8765572686834909,0.19348158564567317,0.2384353323387602,-2.1146359896213784,1.72094150599557,1.715540250039768,-1.5441470671105415
fid_23544,-0.2931394196806479,-0.0613943974565815,-0.04974232847739798,-0.8207974323481201,-0.39887341966168327,-0.1515672681136375,-0.1767767328668995,0.2067270797846351,-0.6297616611327729,-0.1619751264841823
fid_23509,-0.3169731194103737,-0.6548335675291245,0.08758044155833687,-0.0020091401852429503,-1.2075443339690097,-0.07846364920837003,-0.9512420077738752,-0.4588860884820501,-0.6855804159471869,-0.792392211131733
fid_23428,-0.3699420376926929,0.061979651027889576,0.16682424182186373,-0.11047869075791322,-0.03938629722417293,-0.14789450643797586,-0.09040833294774778,-0.3358323444952016,-0.20059601687176817,-0.2642348302584525
fid_23551,0.2132695162203905,0.1062394897515123,-1.2904909978838832,-0.47370291031276224,-0.14319484096232735,0.8542881892471674,0.4518530232086775,0.4382924007301688,-1.8484659510270376,-1.0922385357092392
fid_23488,-0.4674461879371046,0.3163099964143021,-0.19066556896048675,-1.0394042733656919,-0.2504527898776559,0.2299674865732517,3.2783635217045974,1.5890018456488468,-0.9006339478784627,-1.6208065007206227
fid_23516,-0.440738917239331,0.8712311261367249,-0.15667338967519426,-0.6707722585088715,0.7113356921020367,0.41729088899477657,-0.584178619143479,0.2709581723057997,0.006410608510714305,-0.32151488252998667
fid_23443,0.47617545145449064,0.3224034952285027,-0.12146913095926033,0.35690724563374077,-0.5992150308730708,-0.006939541005441179,-1.2217806347788693,-1.0008414689447744,1.0021024758255934,-0.905592192170969
fid_23450,0.173597438901323,-0.28912325163480496,-0.4456179995798886,0.13285665875504454,0.43222262277328827,-0.2596690622371124,-0.5700113914737209,-0.3153356292229755,-0.5394677355873579,-0.8221031692442087
fid_23457,-0.24263330750334075,0.4271325101205064,0.43176712597816425,0.010618832678312875,-0.32181412779046387,0.11759810843163045,0.6316679872431268,0.11598698755541721,0.5157318593736693,0.9666481859255941
fid_23486,-0.10951835993028369,0.12799037920908374,0.38276074078983235,0.18534735236906139,0.6734406367555221,-0.5961989458722708,0.04198629963798413,-0.19116915033723797,-0.17435202346883324,-0.2016015842660924
fid_23422,0.39378866689802183,0.6737851218330592,0.5566377643968156,0.6526468586614735,0.11986178230272586,0.3391294181124639,-1.0595100302856308,-0.9050559119606437,-1.2466914184829783,-0.9436119199683743
fid_23528,0.33937913391596897,0.026508609600570176,-0.48230520173364116,0.4136928213330593,-0.3362817648633903,-0.8251370576648389,-2.125583480835996,0.6621361475150255,-0.514220502584873,-0.23495419119851169
fid_23421,-0.04599065639101322,-0.20559079811238065,0.0640217073218808,0.23091959055501562,0.2789554320772363,0.12457184791012807,0.6835200192380667,-1.024819654850675,-0.4834271004402212,-0.6025767112001604
fid_23563,0.011268637713744785,1.2174446534489056,0.7230319248820914,0.5855431421437292,0.6568107963848501,0.3712957620751315,-0.046774831662322394,-1.3990874536704636,-1.891171510472906,-0.3532792510290352
fid_23535,0.29309872354798505,-0.3147133567716385,0.32162980919811895,1.1272897680135414,0.8122543867972754,-0.7172175456138388,-0.11465990840273901,-2.150252280753405,-0.33566682752700905,-0.9170256741159071
fid_23500,0.027014846589756475,0.23629933073049014,-0.4198084235524982,-0.0361743712381724,0.42659911551338725,0.8556720619671602,-0.8266681036666641,-0.608639254086866,-1.3652794392110994,1.6812886670599079
fid_23570,0.8732778886757936,0.1854704121717939,0.1460610871466417,0.8339966021341484,-0.3395556138520143,0.37439005360667876,-0.9069242297369187,-0.458258783081643,-1.564649056785765,-1.0386464533360011
fid_23542,-0.8148704585942499,-0.2863119334978965,-0.5642373816165874,-1.6745665624365595,-0.7122432255263005,1.765926319348196,2.4230872541459494,1.1047181061601783,-0.6181036253776208,0.29733672042069365
fid_23507,0.18937304517436207,-1.2038545062957273,0.4203891055436957,-1.10876685848554,-0.23583975054024672,-0.3067516788785571,2.0069565203770385,-0.6065447033783872,0.1140512395892544,0.9742622684318502
fid_23577,0.3723688744921476,0.08673780543746887,0.4250875018875019,0.7344154593373642,0.2051815250226782,-0.004471360651725861,-3.0860833047909115,-0.6158851807834161,1.447792273886659,-1.0189093333364683
fid_23549,-0.15337625629744095,0.6523713423358715,0.08957940337667152,-0.37145608785933465,-0.4762871863826734,1.0276377311835219,0.9905347821071776,0.41699676309414074,-0.8540896789832904,-1.02815218426554
fid_23514,0.28941387151312,0.30589027966750304,-0.4174587227670724,-0.12672595135773668,1.6236076469397556,0.05948414241827143,1.9491244951085762,1.7304689977561134,-1.5475810855381709,1.615361400792569
fid_23420,0.04220413733118168,-0.2974295171592506,0.2298154556839241,-0.10963604671281686,0.37428067420452094,0.31342222769577077,0.8721198573453351,-0.012415311033158054,-0.4759646867526216,1.0170445088969184
fid_23556,0.021049569452738098,-0.3289623892493007,0.3332932791456267,-1.1228306010178843,-1.4972360507627847,0.26099193104309004,0.0631622701687294,1.0417288567438288,-0.9811105131560481,-1.5347454485882726
fid_23493,-0.04462050087454148,-0.8708829256174488,0.9037981143196192,0.6102714220202157,-0.005797515852806084,2.3019849693101975,1.8728156466863564,-0.2573370701326515,-0.1896107424763741,-0.3573420343810932
fid_23521,-0.28884472373265824,0.1455543928469501,0.7230507564653791,0.8360424155485009,-0.4267605106624962,0.028916262523452297,-0.7910660255803437,0.3869732370368792,0.8968551835851366,1.1273712925369697
fid_23612,-0.06468795390313066,0.08363949728610519,-0.13774780731520947,-0.01024044405578849,0.08748116228456697,0.17795790242248144,0.2581318426822388,0.23366879196713813,0.07227831090546274,-0.14045851311589394
fid_23637,-0.03166985429929899,0.05602812951108164,-0.16503005952321348,0.007362640810920702,-0.06602381652673932,-0.24672491622864073,-0.12807491985174688,0.2039117425245598,0.17056962556624167,-0.0425563022967918
fid_23617,-0.055823207478663234,0.03560296634197443,0.0843143975636793,-0.42523618313515527,-0.15271409339889397,0.17502065336300301,-0.046059002653317506,0.233147990965023,0.18067545210488412,0.3145232363726258
fid_23592,0.03523559747244104,-0.08514530555521604,0.13014156287758213,0.275406011945532,-0.031627626367247176,0.03055028948105981,-0.06459790744508738,-0.09007859009342009,0.1557535449369893,0.02845847890872593
fid_23642,0.10534665291595398,-0.31674873041453117,0.2260172408453381,0.294388290867344,0.2591480056861908,0.32864821531311844,0.2394937464081314,0.6460659055653083,7.134753010914581e-4,0.420344391828362
fid_23622,0.20015190712210906,-0.10521872579652387,-0.07588823495442874,0.3803858685454481,0.251451926324675,-0.44042352149683073,-0.23881109367686731,-0.03716487991476188,0.16039279190093136,-0.0868789247588099
fid_23597,-0.11742347009805756,-0.30623887690136953,-0.5329991832991833,-0.4766079497661086,0.375918277280458,-0.38215211194275195,0.729822179022428,0.3314935111794393,-0.4465812221475007,0.2550054399122689
fid_23647,0.274566418631109,-0.185347738012628,-0.008530387853957499,0.18219933029924143,-0.2271489121204436,-0.5514592942791163,0.12338287818567589,0.3010124428126606,1.2931466274431755,0.4079850150090589
fid_23627,-0.08448749577910122,0.20221065179788195,-0.030526638553705646,0.3773545209547266,0.06317594348830624,0.12987019640705327,-0.3399740505351707,-0.0022644333655743422,0.46336103431106507,-0.259287266023054
fid_23602,-0.10520285982585012,0.04805819253917935,0.5178305476790449,1.2276099265003595,-0.3957109366989745,-0.7060711476605769,-0.6389888132626965,0.63753020643327,-0.022732027949303586,0.12374959995276281
fid_23632,-0.03853293331427308,-0.012585764439281125,-0.12339156509592791,-0.009068988588175186,0.05587125156723764,-0.1560897117684758,-0.01611289960060768,0.10503234437702398,0.16555172212079194,0.13723313460080866
fid_23587,-0.008558743300023238,-0.066892550262747,0.038762752574973296,0.08290904290428089,-0.08259622069177937,-0.0206320927725881,0.05255479358176075,0.12587821156399095,0.0489889476450289,0.0054916407957162645
fid_23607,0.07761103406082422,0.23324656579509404,0.12187539465966227,-0.020451818340750577,-0.012721048513311352,0.09027249347779615,0.10166943923556214,0.47947142473881355,-0.3350614572293274,-0.19368352847873788
fid_23470,0.04583660553781779,-0.03513402594790524,-0.08793512416657466,0.21371381760136274,-0.17798093209847957,-0.02139652724437871,0.19184266242211853,-0.1645089239883214,0.35673164454164197,0.2107297710322473
fid_23461,-0.09618708848204215,0.07064228155422153,-0.05970238843499584,-0.07101394282928426,-0.1642532524744894,0.15878164884499327,0.1059030876878054,0.16436802401191503,-0.14204266461661236,0.20761600768808666
fid_23462,-0.06754942478898596,0.040757733165404875,0.0065378621861824065,-0.07185808812841507,-0.05398150640233135,0.1311428423057408,0.14350914337820556,0.09544141860521567,0.2643212129637374,-0.06067507548820018
fid_23480,0.41721019175212154,0.4537076825718754,0.5117155524928528,-0.6868002813037124,-0.2993544161397103,-0.1798038860234402,0.32845919855840094,-0.34687591183407784,0.3183879091062739,0.3920128100929123
fid_23406,-0.07669812794368544,-0.7990547534029596,0.036283348878840695,-0.5117488182300266,-0.10147088596698776,-0.29150895481949096,0.2377603044698797,-0.2933461362724024,0.8560453621315233,0.2850535580580909
fid_23463,-0.02870851552846411,0.006858405250264232,0.003500098667268899,-0.015709535815463957,0.03827983140913884,-0.02067359353843307,0.025259347576029392,-0.044981668870753486,0.015166825414436888,-0.04061893339796176
fid_23465,0.02338511510654347,0.04214565985283435,-0.023433925195415546,-0.06043952936888784,-0.07820763001828086,0.39912647120018857,0.0950438493197903,-0.02143735986519358,-0.33012127151971477,0.05536460558157353
fid_23405,0.04715757530618907,0.13767597624100472,0.16766783288170228,0.07946223895575287,0.125086945802682,0.4879020938253199,-0.5415726249402047,-0.4124752420634206,-0.12453413737567909,0.27216650963765665
fid_23471,0.16522557021362133,0.05629828849975281,0.22111713923429974,-0.036547041235840794,0.628135156624173,-0.07933043398448555,0.20511307613542584,0.15882925161191347,0.03240455061322727,0.024458130304506925
fid_23466,-0.035077964293057574,-0.12234768837375185,0.0986126920634111,-0.11722550883834151,0.07670676197915165,-0.2579916832268832,0.042074895456306466,-0.40328608115262365,0.343519620280799,-0.1091838594372283
fid_23449,0.21502051875467007,0.4579146373536117,0.8147857976082369,0.9608261295656787,-0.5636602682608184,0.4848342566962719,-1.0652487359656981,0.49231237054214955,-0.07741360537938721,1.2669572337092772
fid_23456,-0.021480134179856593,-0.018508521786627107,-0.8122324034272647,0.04418060022634874,0.27147012791227276,0.7491282035072604,-0.4311598199790358,-0.9002158034730986,1.1537928417749839,-0.5209066384577815
fid_23447,0.15234146958611475,0.5513318368768166,0.16399485781181533,0.7268376874174715,0.1219381036447275,0.7539539045238173,-1.1937488741831597,-0.4483671584470497,-0.04733267957933381,-0.18099027542426804
fid_23454,0.4363330107094135,0.14726911388874891,-0.22955360309701725,-0.010525903517664973,-0.45837504126009915,0.267110801323884,0.13991608809448372,0.08212395510021492,0.1684878611029585,-0.499991707115903
fid_23444,-0.2118174972929017,0.3031549062894703,0.8965428103698454,0.11822084012583754,-0.34414427339355974,0.05688060761331527,0.6839728901788219,0.35184112099586445,0.474326330273327,1.0029280599319985
fid_23451,-0.15400926159479408,-0.6314059763968036,-0.8144422388040785,-0.3463157852732922,0.5261068646570786,0.15895940398280017,-0.33417697452180545,-0.36917040661367484,-0.3816964561932557,-0.482662812182908
fid_23445,0.07753512351405187,-0.6116829478483499,-0.8590079581145099,-0.431382027606628,0.1379168640652693,-0.3334466315366358,0.6186365511813913,-0.12285988218470784,-0.13241787055388476,-0.9820298228458424
fid_23459,0.001504413580447715,0.010028556489519957,0.01998188819297917,-0.02030611059475974,-0.03954240113500264,0.12495495342462602,-0.004801610397509697,0.06731920998189281,-0.08888454577759151,0.042174483544016386
fid_23452,-0.25060866726319236,0.1216454380266734,0.5783221552601162,-0.013256534611555305,0.1311228509118755,-0.40531203116142844,0.3018352644587826,0.38342571438641176,-0.19165129950047674,0.5279673478185529
fid_23468,0.009518835722925237,0.021169476237537933,0.01352482498117703,0.011857805170760368,-0.0026410751408390476,0.05593576422235466,0.05269082796390609,-0.0397401453905775,-0.12373728550096393,-0.03760825077366075
fid_23437,0.5524467992735521,-0.8522750033289324,0.931419409377204,-0.026922778767551944,-1.0975207893655596,-1.491650157013707,1.3663362827092487,-0.568128492608648,-0.52848801397328,-1.3488298264457055
fid_23434,1.2432645339856376,0.507063557902244,-0.322091775130697,1.8349514756491216,0.6379174819360075,2.669097570702083,-1.7306521408325028,2.08022468575559,-1.9571846223480174,1.2212167998346135
fid_23483,0.4951822699387642,0.9374967956236359,-0.14809211795920704,-0.2324907838909331,-0.9048355771724824,-0.4853837521407378,-1.1376584046410931,0.93956077590388265,0.6224226609936285,-0.967073210360607
fid_23414,0.047082287227275636,0.8814994993133874,-0.5960742843784231,0.09094404216925012,0.331924219326607,0.37231344970452646,-0.5723205923199673,-0.09146531479275206,-0.5572323143083617,0.05847277978936598
fid_23525,0.2982579222585373,-0.8347516063340916,-0.8050729956723863,0.23896213154583237,0.12939559570202272,0.5453764595678546,-0.4013068386339463,0.9367663947044975,1.5661166212669302,0.8974082603107875
fid_23413,0.008454486939559334,-0.09471130357408883,-0.27323537943445914,1.2062286941557256,0.21114213452823094,-1.3589590571211898,-0.1341987367294512,0.8165350393758787,0.315419489603034,-0.8992309506176055
fid_23560,0.408702594333633,2.572569100229512,-1.0592929599148972,0.24625648380337925,0.16491000750163942,1.0004823081555674,-2.616667161997076,1.9154250353668618,-1.4187297205433593,0.09272529820884574
fid_23532,0.2672894336007957,-0.36795719281941636,-1.0181932163922491,1.3220083156249742,0.9501451642060658,-2.2736361378599947,-0.9150433746046752,1.886449147159436,0.6880730613936785,-1.037948791363409
fid_23497,0.45700535186623226,-0.35505235311060995,0.08831192050806112,1.4568066472630086,0.9855160688985685,0.5665716225343852,0.2709021437246727,-0.8264772751408446,1.6154880135323937,-1.3997790940866495
fid_23567,-1.0698290608652103,-1.2653526655042522,0.5198355848386731,-0.3043054198262488,-0.5054973413706966,-0.8848326517928519,2.0903384124963518,0.050498317416305526,1.730986114212198,-1.3943830886781223
fid_23539,-0.616537980493901,1.097048862773273,0.591547885528402,2.470565435325806,-1.2270550297796325,0.7715687654239923,0.28571793717544924,-1.2752978896623202,0.2064809070694244,-1.6095914517156344
fid_23504,-0.3610021284309153,-0.24320830673453445,0.13950857291839192,-0.9293679761196376,-0.16977561751070225,-0.16811059862803793,0.6047908641661902,-0.7960564745825026,0.8172024681267837,0.335461534253382
fid_23574,0.8697000835901895,0.5469017914351576,-1.0655353363814786,0.3521873739578186,1.1079114778060493,1.3135732598200178,-0.13292023636868117,-3.348063624839696,-2.508273591657699,1.3661899131828437
fid_23546,0.22816187444368385,-1.5464513040751564,1.1778957560941246,-2.296289652361488,0.2122281557696709,-1.8269993609983803,2.382764070943735,0.6505818522242272,-1.0900673140071921,1.47813803213506
fid_23511,0.7114163097503667,0.5765230080467965,-0.27127344939890735,0.8364534676714385,0.06874700379668533,1.224906346082371,1.1254343335064645,0.6371478702219138,-1.3835540566641709,0.8740750657051092
fid_23412,0.1920924882834635,0.015797851911271723,0.10283922688814857,0.4540196606431492,-0.05824818709901853,0.4859340300078881,0.32219963532370366,0.03665124583558673,0.3660090312703437,-0.7683389744561041
fid_23553,-0.551824127251835,-0.5291674366755336,0.5035033621555296,-0.3515510079889552,0.24113267237633815,-1.7313145872644569,0.08495124659548793,0.5432936945557988,2.306910876565594,0.31124911950463213
fid_23490,-0.16239032858463992,-0.32041196943983885,0.8350511565723063,0.6295976980332452,-0.5608021578429434,0.8929011756325647,1.88338699876525,1.3216603489563743,0.5835622735860216,-1.9777970895773098
fid_23518,0.06922450056982843,-0.3703344341626051,0.009803326796381,1.4600187423500053,-0.004839692996156224,1.1025495310396207,-1.0608874979588208,-0.21143190545669913,-1.0746316851282627,-1.8547435775849181
fid_23609,0.01857110311015214,0.10317355126677902,-0.3224222126829782,0.3166440270770488,0.20038717960565858,-0.03030178808369424,-0.33551512128201016,0.1766339128229576,0.06479674549806498,-0.4507697390072134
fid_23634,0.014157374027194643,0.011495148099852978,-0.027045686751654432,0.15428643402921272,0.057050134474427375,-0.028887963750662653,-0.010537199529160022,-0.17226407433398538,-0.09245546155445977,-0.014375115347319228
fid_23614,0.13500559390254477,-0.1564375191763708,0.30300008201725614,0.022701709830756485,-0.1300932521914844,-0.23536432183873618,0.05169115444919976,-0.6333168308770573,0.0494078431073928,0.04880086186594256
fid_23589,-0.07635273891503695,-0.04302471052296985,0.0805331260539073,0.0074719136662913885,0.055075540895119415,-0.004895699855424869,0.07767124519798949,0.43515179836639806,-0.058949052474593665,-0.09200892494934065
fid_23639,0.15697284960188523,0.13434830812576717,-0.06128421672927553,-0.050162046969553155,-0.22939351242655776,-0.2228265477208256,0.10200344715100303,-0.0904641187192452,-0.07554282547394035,-0.12688895923256455
fid_23619,-0.09901392602256137,0.036270873769772706,-0.13724055431149124,-0.254047163142761,-0.05333878563476279,0.49808510312390053,0.5226463101215767,-0.09713368221344973,-0.12139421902978391,-0.44074113356442285
fid_23594,0.36525135153971217,-0.12745982070661838,0.5606526955737821,0.4454312638315281,-0.1817215704515648,0.21840600672775579,0.2250379887776883,-0.03339582119254615,0.8618404703861005,-0.9349882280872777
fid_23644,-0.16336384184089764,-0.09124464466054182,0.34516023742797897,0.09730518825610067,0.2303156223104378,-0.4840163301482399,0.13208735968977542,0.4983461753815639,0.24596795058775353,0.34679372124499713
fid_23624,0.0800994629511743,-0.27756535196622917,0.10865301724453384,-0.05334919319801343,-0.024886952540775508,0.22324751748955507,0.3264492374765184,-0.08634188283396932,-0.23331321351500495,0.4470195830904604
fid_23599,0.09519149954918112,-0.08252728513006054,-0.35886911557972495,-0.29962155649582883,0.3229264646002101,0.0712287639931718,0.6452415093132077,0.26502113260440924,0.5204167707741253,-0.3610079761834216
fid_23629,-0.002145001182555642,0.013777199396015802,-0.010095974467609329,0.0023043145114433755,-0.010174450544655184,-0.04397489933698309,-0.006320453043497263,0.03848343721427903,0.05496599965011082,0.021210869581951435
fid_23584,0.010208250488228625,0.05490983949551658,-0.006850716979458825,0.01690595864928437,-0.003793739218746595,0.037101533206055214,-0.007449424933047922,-0.21500881692580726,-0.05780768170375516,0.14631273416238808
fid_23604,-0.07999300286631543,0.004693323432563025,-0.041946941896250214,-0.13523739255415546,0.018095287266851865,-0.05396845832017295,0.07211116182030741,-0.056129637838723094,0.24110269856081587,0.18285442092539064
fid_23446,0.005353466140500058,-0.4346230714824853,-0.485535601092799,-0.3292187546650084,0.025459325180921137,-0.25487808844804594,0.7017055629357567,-0.004231586711390713,0.0035870822139736054,-0.546492591906683
fid_23458,0.3863309724226077,0.23857291181897133,-0.052970331992394655,0.312069831262018,-0.07377974048764593,0.17938622534796494,0.1389055589859718,0.5298268527676646,-0.40835440176743404,-0.15863049307433832
fid_23453,-0.30441612386953804,-0.14845029392295003,0.24523864137873239,-0.15696126545429884,0.3638387886874499,-0.31974412912940325,0.1780252939956354,0.20112597999073673,-0.33324909807103703,0.27805105725549095
fid_23472,-3.256265601698155e-4,0.052983489825080686,0.09376287301497264,-0.012538725658430814,0.06276182683904627,-0.022010664891755908,-0.04683455438684119,-0.048413602969433055,-0.0587594886890143,-0.05047934707248745
fid_23402,0.12379362063589176,0.29114909715092163,-0.1161337094422774,0.012040070339695837,0.12394233460118934,0.4715996501501026,-0.5559624113560462,-0.019553854794852697,0.05110001537604236,0.006056011661575532
fid_23448,0.3303340243200375,-0.15768162163924201,0.23592859465750307,-0.2843051461932489,0.2855593835634795,0.766772266385426,-0.316867331247778,-0.10699803444451925,0.7219408523476516,-0.7259904050049955
fid_23455,-0.004924466047062551,0.09849465230381642,-0.13731053030482374,0.3289453699435147,-0.06829172242292687,0.21964605338595394,-0.46767885845242313,-0.5216612259915823,0.4364053817072488,0.0982421171713564
fid_23438,0.35932125975766627,-0.011120694871504957,0.029486000699005033,0.5797793671698699,-0.11551901573872438,-0.34467442079535526,0.45221084325588506,-0.534825424634398,0.010410389063674938,0.7231254574956534
fid_23400,0.054324089900392204,-0.04609067210062538,0.04627739986765142,-0.09933152686813206,0.09452413996317717,0.3614937982798339,-0.43755466379014274,-0.3080428736356437,0.21618549272268742,0.21341735257333014
fid_23401,0.0863108117743883,0.2200963641354288,0.03450762853013389,0.0515528316278715,0.1262840009495515,0.4872014660377351,-0.5545766312531558,-0.23584093707267514,-0.03305173434775915,0.1436746119222065
fid_23436,-2.9764304916038977,0.556261016530205,0.22617700860688852,-1.51331865964245,1.9150339326488548,-0.9828438264277563,2.07613458530073,-1.3174676414283113,1.0465889018454166,0.1034494885651413
fid_23464,0.004989247505312285,0.0027516554993779864,-0.026922757429876022,0.019419644437568512,0.05491282288523326,-0.08596774283639945,-0.031918884503177355,0.03446691594833049,0.0710811407626487,-0.02877407247095562
fid_23427,-0.010347114249717357,0.4939610245885865,0.19241499300592377,-0.15707067325456808,-0.5543750846437725,-0.13906256628200322,0.19969636925173928,1.3658881959287692,-0.6869079910916773,-0.4061986801275443
fid_23415,0.2283349769176628,0.06940712210823276,0.017132553792525533,-0.028333277565401497,-0.4773755965796554,0.3583550582964365,-0.6475072833173326,-0.08508251216976005,0.3939657411005604,-0.3710998525212174
fid_23442,0.182672919519694,-0.008147173594969179,-0.035903885230880166,0.01993379538428021,0.1727457789861198,0.4658659668311758,-0.28359954964159917,-0.15992931934716276,0.28931927925631706,-0.5046741135780025
fid_23419,-0.3758316208104317,-0.32913827646259286,0.08303576700260935,-0.31658522578364257,1.4946703166292217,0.3727797041018968,0.10144421879746944,-0.8436421340337888,-0.19514565002879072,1.6834199875046647
fid_23482,0.24614588293484133,0.17620504411478172,-0.270401342969853,0.09576201391808795,0.059960079765806966,-0.6142003291562701,-0.5987552149963195,-0.30476136313322966,0.10803231787534506,0.4864846861267356
fid_23426,-0.02563134427060139,-0.01666660381020842,-0.2811928769355986,-0.27615396157556027,0.09757685657668785,-0.004540022747611414,-0.08794203921893784,-0.13239281983872248,0.1554825066765208,0.15791839771058017
fid_23524,0.04348784599351279,0.30835519666348227,-0.43591368336839964,-0.04634874521958294,0.15892227175472645,0.5785883819914338,-0.9920802359293744,0.2996495774396313,0.20940605999823858,0.003382587155437356
fid_23425,0.04506310910088998,0.06722362126296177,0.059138962895205864,0.3601517155008271,0.14990796544736332,0.048699279755535785,-0.4043661483906944,-0.12265454892040024,0.013818164960153435,0.011242478244086584
fid_23559,0.10283848367863918,0.6762979946371074,-0.48793188023056555,-0.2692751496422186,-0.12227797426382973,-0.054464573749371394,-1.1548436935990436,0.6870699161435758,-0.13694423205393375,0.08197938750004509
fid_23531,0.17600503525811437,0.035200330703122694,0.04718362714700273,0.40711575137922534,0.34403553511979307,-0.14719540368923403,-0.9016190056898978,-0.03355090518127877,0.025354105588451213,0.23942767139901605
fid_23496,0.022652134321302676,0.21026750263313856,-0.16398648253636453,0.5150479788057196,-0.04272461784800992,0.1540174541326179,-0.8046928797742662,-0.015739879489657885,0.6176774998361185,-0.236063289996331
fid_23423,0.06557366829001644,0.09656012196414714,-0.22036261620758535,0.041838040378539824,0.0914214781474892,0.051051871608880646,-0.5186275430299364,-0.05418149581315362,0.25813633517762724,0.12627958741174403
fid_23566,-0.3812866337350828,-0.9445326612795437,0.2635954892102523,-0.2778533516189812,0.09524414771254018,-0.0542051353456936,1.2826754036215609,0.033387019145567395,1.1879018542869542,-0.6035840419654056
fid_23538,-0.23016085980363296,0.2911351583854741,-0.08330396873757676,0.5094528293232302,-0.21205067100535976,0.6751738271487665,0.24142628447467257,-0.700114601811996,-0.06268438352527152,-0.7717317464376415
fid_23503,0.12905108428951237,-0.2561890059851022,-0.48901454481147216,-0.7903093710281502,0.18344051932990438,-0.2248874034660027,-0.051633309687029116,-0.06215470715799164,1.1395506415630718,-0.03312997593099222
fid_23573,0.3927693160123732,0.07329703015888475,-0.5678842750349947,-0.09588709161474285,0.3272027300588074,0.40415821393501067,0.04647037487772592,-1.7859658604309896,-1.4177048861592794,0.984388954893481
fid_23545,0.010629182258340423,-0.2939421391265949,0.5395069472592096,-0.38148864274386324,8.252163867591656e-4,-0.39514926669186357,0.8618833392602228,0.7377056064993142,0.013936719768184468,0.6763141382190826
fid_23510,0.10691514118682384,0.3115449140939307,-0.14680159053219366,0.4848554676735161,0.12974812417728154,0.3353912383457276,0.08904321046087972,0.1581274152777583,-0.5532383604376616,0.08117855302198376
fid_23424,0.08627588354532334,0.0394181482113625,-0.15943659194420148,0.05234249263884108,-0.04456153005167231,-0.14563617613522048,-0.33090799878826715,-0.026915653416099906,0.4009116804562444,0.10958744793755378
fid_23552,-0.3035155894824942,-0.2810652596733661,0.18125875591555998,-0.07567074904933833,0.23653661964920622,-0.579097914166072,0.06256241344755487,-0.04658093733555899,1.3770772253678587,0.3775479955759729
fid_23489,-0.18584754000414083,0.0024226716912319223,0.39976133234983485,-0.10327632402000671,-0.3779498184664904,-0.11242723790983723,-0.1574859283728058,0.47187404878860395,0.46151770346261006,0.004252297087448821
fid_23517,0.0880566026719016,-0.2696898624792282,0.13395261739555872,0.5566267766720471,-0.5689625681976291,-0.06331312883280561,-0.05791781575534723,-0.3248667069157859,-0.14273605247301066,0.2285642416625344
fid_23411,0.14712367617570785,0.4210415152001281,-0.5379959844386704,0.6486148477719985,0.24018246337023058,0.07981711782583216,-0.34068365894251135,0.3551293587894477,0.11943574966703291,-0.43764327262769587
fid_23407,-0.03087543300926559,0.009913394642166864,-0.33629142860969624,-0.1859500829217124,-0.07199861796613152,-0.5181851970710092,-0.5652411605113996,0.07334336909819189,0.41117431536380056,0.3126689596832704
fid_23487,0.252573998702294,0.10259063387798413,-0.365327276432192,0.21388983927043945,0.07644371253898431,-0.8013426217861842,-0.6648452745522306,-0.4574445331264003,0.10672164057084989,0.8352633697689739
fid_23410,-0.08877651491701902,-0.6557179461846165,0.05093144837879739,-0.8073586050463111,-0.10765941503352805,-0.6063516124188197,0.9672952637993462,0.9073391613121015,0.2961653291536319,-0.1479707549739519
fid_23529,-0.7620840023504759,0.8668431430677834,-0.5685485779668908,-1.8070958179173608,0.04543709862097098,-0.7346487221439746,-1.228488542601323,0.6014767184752805,-0.7056082921294883,-1.3014332243590558
fid_23409,0.20238012804828862,-0.1850073710730244,0.03215390611615447,0.09091538589834965,0.13284609007158316,0.13056920819084847,0.32611724020378086,-0.1586235616537529,0.27005488642515996,0.6064175350220029
fid_23564,-0.32016907400902384,0.8986528358504577,0.6622779007275926,-0.028489883346852495,-0.9288037748424443,0.16887727880298364,-0.26287998592413425,1.60562738252427,1.4623326046774046,-0.008908196375017469
fid_23536,0.2026694431621438,-0.3276031196906886,0.04342557805160586,0.22969912050784477,0.08270379294453271,0.25766249091284354,0.8910359242108555,-0.7092054122509803,-0.5993158023770618,0.6925749200727158
fid_23501,-0.13204360969181198,0.38465009229942365,-0.45965238624587906,0.5581222931471778,-0.12150781967700229,0.12924092942390186,-1.2892974712750058,0.06251768370935894,0.9876662536933001,-0.3738845901575253
fid_23571,-0.96122059113284,-1.5948047882996172,0.5292680535388271,-0.7629276523968314,-0.28750556134299765,-2.557704865987022,1.3182307820761094,0.29332047981400045,2.72621946774998,0.12314773758700817
fid_23543,0.9384992478634832,-0.47502529374943825,0.6361436721803859,0.46763806330144697,-0.011097577738250989,-0.4212566972157445,-0.3092822602835084,0.17513165741699613,1.5894898011597909,0.23707017834657584
fid_23508,0.1510288278266922,-0.20656650757568473,-1.0423282001388054,-1.0799563632367928,0.4902466540487951,-0.6000364705871061,0.07746795816854914,0.22382428606249885,1.2529605300047533,0.4257133384260492
fid_23578,1.0064894307043666,-0.6169550637639466,-0.9090470143705093,-1.4069972755937799,0.32103944986810856,0.956596381596188,1.018386539637996,1.6341261779490133,-3.0277602486909325,-0.5715170396121259
fid_23550,-1.1787760675674892,1.0618308163842838,-1.1035698282704183,-1.2366058495778594,0.5079785172553203,0.4505575589479554,-1.2067174747093627,1.7448118218336153,1.8593777337372202,0.7145756986307228
fid_23515,-0.238480255308585,0.09721182133208889,0.04041133901123818,0.9043094498787303,-0.4862682221159885,-0.039334062091373675,-1.230296790225297,-0.2553315069796493,-1.3448266165383898,-0.15504547604306915
fid_23408,3.0444326881053094e-5,0.047709916646317845,-0.37923321976888086,-0.05953368713359608,-0.09836541430678922,-0.5285259402671155,-0.7282546272499052,-0.02729666910268369,0.47120262547158553,0.41268139442088325
fid_23557,0.115895740864165,-0.25245153363504996,-0.08817469904345569,0.44986331433468074,2.1381203731320406,0.6689603000719848,2.278177951200247,-3.786406587730201,-1.3314480255534724,0.2238418583099503
fid_23494,-0.26187637809676706,0.06862589658320975,0.30063862507269296,-0.6053562242122371,-0.5276497506522981,-0.8314480845159484,-0.6371391325279283,0.35301397742962315,0.7947031036957907,0.8658264226780078
fid_23522,-0.07581879750670824,-0.6283288552356942,0.20832945798253458,0.572117131280454,-1.493181137378599,-1.150648338020765,-1.327079045707819,0.17679599004180474,-0.1975155179097008,0.5122789804052658
fid_23435,-0.15622558966391023,-0.5309841557466234,0.5748724157575391,0.23054891600060673,0.6793965424534125,-0.3361897445884612,0.4140850540782451,0.6150537464330904,0.01630337139273311,0.28053779459331457
fid_23613,0.02742239416453915,-0.10513229967272283,0.3420512078001006,-0.20509059057512272,-0.20425187340011985,0.027089402374033154,0.2830396201037035,-0.36976075374018474,0.10594201113064061,0.35083750050805035
fid_23638,-0.019017881545941907,-0.014849568714934999,-0.04598314337788155,-0.12369313193734567,-0.11928024050472409,-0.08072382745601338,-0.027136528042691916,0.17533662849282527,0.09726510481826674,-0.14218097528869372
fid_23618,-0.053133369337747885,0.0789210872293881,-0.2689951234123932,0.4033204081326198,0.22182414915635978,0.028984240848505323,-0.09178894273535265,0.3488154252300806,-0.13880059101876632,-0.26602671321037313
fid_23593,0.04354179225825076,0.011099544324888227,0.019918868697476555,0.12843484168250746,-0.020310727718061493,3.5010013273840555e-4,-0.05482996861429394,-0.11529444644239797,0.018887276296742663,0.1253237986144215
fid_23643,-0.2567880754903646,0.019226209248834624,0.023226560173944633,-0.4263240311841333,0.3292838158603728,0.6328791569798424,0.16447907415494067,-0.07457099137958813,0.718424147609486,0.05404352701952025
fid_23623,-0.010136559037196001,0.07227281153161524,0.15481355701122793,0.14890851027229796,-0.08937130980130376,-0.1707973159377149,-0.35022462509273566,-0.041280856569569487,0.04630355215830641,0.4147761282182428
fid_23598,0.12311197554993074,-0.20429021890573187,-0.09981910502266893,-0.039140762642690875,0.02515425905460418,-0.05202987742337776,0.15231591938558517,0.02905416820756445,0.06101415175466105,-0.18279880889997024
fid_23648,0.2999581406069888,0.11897585780727697,-0.45483036486855183,0.14972182176862436,-0.2856319878762709,0.4864391704864309,-0.32305568638436677,-0.4750883896470968,-0.9695174024186524,0.17552816683007297
fid_23628,-0.017553104837784595,0.1968589018450672,0.00558470852402698,-0.1001886154445525,-0.014580719148375857,-0.318135115657053,-0.02866440672366094,0.21502440211351387,0.4002508945420115,-0.46314940143257294
fid_23603,-0.05860314539777951,0.08785384715704854,0.003967052943207382,-0.12325431225444602,-0.0038260041764977154,0.10688837653522648,0.0757083198526117,-0.12121971190201254,-0.01117757777058842,-0.04583258127165755
fid_23633,6.665572479569746e-4,0.003182792151193659,0.12431132524347031,-0.03153274070279247,-0.03806030290790834,0.22581019225118615,0.06466946641451285,-0.10432958467777284,-0.22837784775284,-0.07927945811058566
fid_23588,0.017510087848255564,-0.04327501916123077,8.6828490922356e-4,-0.0030747284192199405,-0.0300278578500339,-0.040795194687657556,0.023467818658852668,0.026958904196250376,-0.008357428863037612,-0.044638608646704506
fid_23608,0.0459673584409565,0.15615921326922538,-0.008182213558144054,0.26518154145471534,-0.07507250778533173,-0.10494261606833612,-0.0375698582179513,0.25740484060859115,-0.1561136334768318,-0.18966323259756382
fid_23469,0.03047242621814929,-0.0022118155589778326,0.008321137484483883,0.13955523969148528,-0.007020770813363002,0.11706401017120069,-0.29429853094942476,0.1881794325865698,-0.14535719293961227,0.36028483013684226
fid_23403,0.1640053537734695,0.03737475225598728,0.062431539674161436,-0.04889840060304092,0.06440251179931128,0.16310980608065354,0.010035340767605462,-0.06509341137470168,0.18716567939559192,0.1303317899708848
fid_23467,0.0071363048422273465,0.03882734010120188,-0.16613431575246387,0.14417592079705394,0.11142424098096762,-0.19359301182338284,-0.14405844689800273,0.3727639439059772,0.05578362700168238,-0.0673586483957547
