name,wY_01,wY_02,wY_03,wY_04,wY_05
fid_23474,-0.07067301539805519,0.01816484582905342,-0.007525139513110886,0.2874885274384187,-0.1612739861242643
fid_23475,-0.08742589236530841,0.01700199958467924,0.05622985428928129,-0.1774274259328972,0.18961227980377582
fid_23476,0.02652091050089974,0.0056656456674491346,0.015595019460233575,-0.08457842588169617,0.12455450464910506
fid_23477,-0.012698781235000784,0.0028716301823164085,7.774991037898969e-4,-0.09654469651917048,-0.11774998784129112
fid_23460,-0.020005951953654677,-0.05981434467346357,-0.0373924320881818,-0.1692843670136185,-0.09543650545679398
fid_23479,-0.09711948662809647,0.05758775563071036,0.2834318141080243,-0.29141554793094215,-0.21550889833009376
fid_23440,0.3152032582969748,-0.34446361979413764,0.2991339952869456,0.11225210352658171,-0.19496488039119797
fid_23439,0.033268618239359,0.15486757324138567,0.3946497498838805,0.05486668198962549,-0.004570450552049723
fid_23441,-0.09326593571784839,-0.14667212784294265,-0.3905179211318694,0.049466279833428994,-0.023870523510702537
fid_23433,-0.6810899636974407,0.17796391289771002,0.31445011679383134,0.13468687331487633,0.6419323003730105
fid_23432,-0.005947654838135937,-0.2025651580736396,0.024001244350053956,0.08997494829391432,0.13638092714532069
fid_23431,-0.18151082336429625,-0.3011159119716753,0.24759888708218838,0.06311914767659979,-0.3202186463667157
fid_23484,-0.061628087952518354,-0.12802285546072306,0.1208329185801148,-0.03621029095324537,0.34886035965622364
fid_23526,-0.08223687593541107,0.1799824058596046,-0.11217203921169477,-0.10228653818434028,0.37729783589169646
fid_23561,-0.10460865802326519,-0.26672151279406336,-0.23277483605237326,-0.18304516713619898,-0.5984409670989647
fid_23533,-0.15308411125749086,-0.2137193555745663,-0.33324402124756763,0.1627180690870285,0.24376136922640493
fid_23498,-0.2469474894217375,-0.21656699619160993,-0.04192418483447348,-0.004018564526383123,-0.2314630584375369
fid_23568,-0.050533009854153293,-0.08789889657081407,-0.051372215127740345,-0.26203798554418917,0.3350342309240501
fid_23540,0.037147682872225134,0.07223589196100615,-0.0977098389608634,-0.3173948678065957,0.3567079687706366
fid_23505,0.05917422442477857,-0.022453897280021867,-0.050035954230575864,0.2259589066472114,-0.058602630298547544
fid_23575,-0.02562706730952817,-0.18279152923098035,0.08399067208118181,-0.09275200453912083,0.09331644515651538
fid_23547,-0.2557271346846098,0.15174878981486267,0.18687484265190943,-0.08807517987580225,-0.6408347391082875
fid_23512,0.08357485801122323,0.22906413390956942,-0.35077670536967914,-0.12566750199643928,0.6887256755576451
fid_23554,0.06731200652959529,0.14516415227379126,-0.11000766768403773,-0.1510157609993725,0.1150728068631312
fid_23491,0.04888037624930735,-0.14352944633077144,0.026132588521883097,0.5287847081547987,-0.45719113844824827
fid_23519,0.16549871925368678,-0.12847564835179995,-0.24125365401354382,-0.16279271708396495,-0.2737757016410175
fid_23580,5.4478978046688054e-5,0.0011307008943521899,-0.0067287443921951184,0.0145898265932849,-9.18303583101277e-4
fid_23610,0.020330462397631952,0.03500089785331676,0.07659375868636714,0.15547687293949225,-0.16118724463835832
fid_23635,-0.012192892941533454,-0.019200619223983882,-0.007126764006069203,0.009462862057167995,0.01641967731811738
fid_23615,-0.04120110130524151,-0.01478164832012565,-0.10199014574669911,-0.03700283134996308,0.17230207956616894
fid_23590,0.0038929706831829173,-0.049090289469137904,0.030769026478922587,0.005991637146166786,0.02117538878809929
fid_23640,0.09113768404836048,0.004127168997355521,-0.06224400301446994,0.015121153290843667,0.13730112707393746
fid_23620,0.09394388843057688,-0.05673223523099179,0.03518461128047858,0.0028386237743688765,-0.06323202260273449
fid_23595,-0.158940484968603,0.0851319286135055,0.053154130298222926,0.07421750003773865,0.19307274862865753
fid_23645,-0.181807432502752,-0.013890083075183603,0.05651766941570771,0.08056016607022867,-0.3557768183733679
fid_23625,-0.05921186388656957,0.04182388995990874,0.07577293442152815,0.024271874807197103,0.06345779845582941
fid_23600,-0.019823149971091126,-0.14663195582104122,-0.08076391662593473,0.07849670148299352,-0.09478069319997712
fid_23630,0.019766148040770336,0.01083270458385002,0.020373810786802764,-0.019585740875102807,0.04757984651084031
fid_23585,-0.014494601003353246,0.010334939622021566,0.020491876189368225,-0.03740023508352841,0.03891267897330771
fid_23605,-0.03506224762887986,-0.1754844734672692,0.10135877821069116,-0.06133480019219464,0.059851760674513275
fid_23485,0.03482800374489644,-0.21797392106409713,0.38751142037034125,-0.4178292953083293,0.7481829596213925
fid_23418,-0.1740606225483817,-0.33655714940805365,-0.044815645507057245,-0.43898794318230805,-0.31058739018955356
fid_23527,-0.18976071660217553,0.227532860518739,-0.2508098394395387,-0.005806250938694558,0.23864718804725255
fid_23417,-0.1762198610127486,-0.22425283031016746,-0.2202670743618806,0.06308911090141506,0.34106588689859224
fid_23562,-0.1853926318844942,-0.4663010677649793,-0.19484235244505504,-0.34670606865272335,-0.8687669270403557
fid_23534,-0.22011038285339782,-0.38644024922592946,-0.2747616000354651,0.2795765899716143,0.5814116482441737
fid_23499,-0.5284604088455691,-4.7298390315482876e-4,-0.4226119914084858,0.3864017154837369,-0.14907280178726626
fid_23569,-0.19059941763568092,-0.15595775907730888,0.027498214540467757,-0.43215591924716706,0.33752967544496787
fid_23541,0.04538013208178168,-0.01613519202701665,-0.2099505813414472,-0.43042236328546474,0.2580312464176531
fid_23506,0.2840873337496363,0.46062467069377894,0.28362582002942205,0.3317286002422899,0.3151019108979926
fid_23576,-0.028946024788462168,-0.2467672607014606,0.30246417656933405,-0.2125538870090201,-0.1417966834181073
fid_23548,-0.4060108718824037,0.2533795921484291,0.07363863365912206,-0.04643702631299158,-0.9612487278668453
fid_23513,0.03283657038535251,0.24724556574239753,-0.5796964625715507,0.1957685206251224,0.7494315521944521
fid_23416,0.11656118106510081,0.09229265734181671,-0.1292447339356596,0.14211743593072573,0.19804310605688305
fid_23555,0.030982517227453293,0.16594007267606012,-0.19127327311820988,-0.3283349318311156,0.21646878165501524
fid_23492,0.26533955615381943,0.1330239513685916,-0.25541234491427606,1.1764437964251464,-0.4841640229404391
fid_23520,0.359444660879194,-0.2782205325362464,-0.1645413083460023,-0.43222486035586827,-0.42124882870711916
fid_23581,-0.003706318539877346,0.011423456503525612,-0.0185647688911132,0.02171169509206522,-0.006536844313425325
fid_23611,0.02614824620073647,0.08267418717654942,0.08436510509287783,0.12308064094599572,-0.12246328129059585
fid_23636,-0.033897447036067056,-0.06182631915771814,-0.04878293307733493,0.03221395250488972,0.008934582440235771
fid_23616,-0.027472329573364363,0.0713466305450264,-0.09646407946923449,-0.10365856485022765,0.07130448566598362
fid_23591,0.009229428777968755,-0.016407974620914194,0.1443521746311173,-0.01149888021503821,-0.03347413543534738
fid_23641,0.1589463203639829,0.08580179241239437,0.03791069875548786,0.04010541937274246,0.15304043487882596
fid_23621,-0.0988155847430271,0.027693412146769892,0.05766863799811944,0.17090855209773045,-0.08194745324188524
fid_23596,-0.1982124460870694,0.11679810392108389,-0.08850329003528547,0.27852036538744507,0.3191073070751265
fid_23646,-0.24016703909332565,0.028701473180679317,0.07029089788117042,0.060496474071006195,-0.2787681395085692
fid_23626,0.07155082893183555,-0.24311115507718895,0.15272313256781722,-0.06721757493699813,0.11411338289893955
fid_23601,0.08408608478712978,-0.12780569875752187,-0.02163934879704044,0.08170808631353188,-0.46334577263313464
fid_23631,-0.01049207546578421,0.014127364741849162,-0.07207753923550606,0.025236570824616108,-0.019472913150656607
fid_23586,-0.01687776642828628,-0.007302769785640276,0.019985421868386068,-0.05613678695950166,0.09217387223228989
fid_23606,-0.04358972679615986,-0.2290592422248276,0.134524574547577,-0.08147955387617914,0.08539449858077316
fid_23473,-0.0010077744088182034,0.03250206986619618,0.03859136446436605,-0.0040849108842320086,0.026684649194372575
fid_23404,0.01363821395669323,-0.41988010702792433,0.39396282250547543,-0.06487424688933636,-0.970341374177495
fid_23481,0.1151663054149629,-0.3943175173366317,-0.513073109773366,-0.2311882321376303,-1.7939145995351857
fid_23430,0.001085678887222873,-0.06588820070584536,0.13696769834955727,0.24259993009529102,-0.5317735151412541
fid_23523,-0.02942984166631936,-0.11570086265434572,0.40135452804377936,0.044703813685909005,0.04074456376215323
fid_23429,0.06396890286672997,0.20959150842505855,0.41990469275084374,0.04335848599298831,-0.005431392977844811
fid_23558,0.0546941800583396,-0.2825859216495019,-0.08851064045762591,0.008195550486075594,-0.4420514188600426
fid_23530,0.08571994414126632,0.5155151173210821,0.5338277482891169,-0.022697888517528495,-0.2632763543473268
fid_23495,0.034842744058190975,0.5622571360483757,-0.32099261120668393,-0.7517233792493683,-6.188001689252384e-4
fid_23565,0.48108290026206196,-0.5584220564088438,-0.04375740649663979,-0.421177234421452,-0.14139946004617468
fid_23537,0.021387049098496355,-0.31683229335402363,0.17645947140906978,0.09940547615421592,0.3805446294733809
fid_23502,-0.001231859135134813,0.6991751081349219,0.3137155795757308,-0.3069722418917578,0.7729105084078309
fid_23572,-0.35411913444039916,0.4207306466292926,0.2867446270116633,0.6806973242636554,-0.630210835296498
fid_23544,0.03954443144880872,-0.23098885077384082,0.2736483326144339,0.2831226820664253,0.4497836102691827
fid_23509,0.0334051076308237,-0.41722696461755715,0.09689083380639235,-0.025503817110912964,-1.703054298935404
fid_23428,-0.07285919710089925,0.2507581328228124,0.04557810930385248,0.03754987059279832,-0.16621443860474816
fid_23551,-0.040700107306978185,-0.16773464921537598,0.23850547094535773,-0.14029622663890567,0.15547240744910754
fid_23488,-0.30423578819259267,-0.17471772691667087,-0.11543702667077635,0.27559928540492334,-0.13223108895302663
fid_23516,-0.23345007261305442,0.4293787242261513,-0.023123797505876703,0.6814121620022093,0.5480503934990196
fid_23478,-0.0055210115116251434,0.012823996275502438,0.045781181081866844,0.046444263910979444,0.08368549422535107
fid_23443,0.48153906045035944,0.49929229423538046,-0.18800508572946736,0.14903836455297242,0.2864527945138426
fid_23450,0.028459484366102343,-0.3680792847927273,0.10972568054672499,0.14616870503347276,-0.007085254536944255
fid_23457,-0.04302447751514304,0.4395730625315048,-0.14070526161304053,0.07357854587309198,-0.04296998047724254
fid_23486,-0.17827867070341713,-0.02113284342179179,-0.2063610946333874,0.4281353490155949,-0.12805498910114194
fid_23422,0.2865040254100615,0.30797838429719565,-0.4320771748062572,0.4752669685051465,0.4513684511111661
fid_23528,0.22146874501329714,0.02719673179877799,0.2963708816921146,-0.37038120170557937,0.7677523042768456
fid_23421,0.0312165525067681,0.22793659797264423,-0.2081675654800625,-0.1294808090591393,-0.24143475811860077
fid_23563,0.18273167498622975,0.43210264493129125,-0.362487421831044,0.39421467508712693,0.36240986456261115
fid_23535,0.02086798276649098,0.2456645253826301,-0.4984383391460573,-0.17232199849084667,-0.6707794462819117
fid_23500,0.02892883273568327,-0.4171745023350243,0.3274142803219512,-0.38799992653849974,-0.3024165860026103
fid_23570,0.5085558385015272,0.1964231876084242,-0.39097358807315863,0.43478975842399686,0.3131312483405244
fid_23542,0.009162083895732316,0.31026429442615333,0.2191702337093267,1.492979540679346e-4,0.5979333326936666
fid_23507,-0.23116754042151252,-0.6425138635170788,-0.46578390352072835,0.07269107032194064,-0.5332012625102936
fid_23577,-0.01190609646523695,0.0614656009179842,-0.5792242157417956,0.2672843518442345,0.775306890205037
fid_23549,0.18214793302089027,-0.14464337537060676,0.4897019544734937,-0.18846741491842514,0.27140282010869893
fid_23514,0.1705743450630864,0.18889605044261654,0.05815485545469169,-0.6955133861771894,0.5685598601321168
fid_23420,-0.12333683377411472,-0.2673128621340306,-0.10276009267311345,-0.06837577985480953,-0.17510378114591316
fid_23556,0.1966824875977978,0.05400870473979734,0.1933628679471917,0.5126461878352399,-0.24419965296353074
fid_23493,-0.1768800127779864,-0.4245908406754879,0.3187282080707992,-0.16872717535328083,-0.4136628208818973
fid_23521,-0.30856722592020674,0.20846693903193556,-0.4275564105821055,0.4932169864793405,0.11319695031743325
fid_23582,0.01004555261783001,-0.02013656397747497,0.023386709872866597,-1.260886894582734e-4,0.010787851435661673
fid_23612,-0.007736980117372237,-0.051186299739414326,0.06723181202737764,0.11685995578685561,-0.18844419120187977
fid_23637,0.07315143758094383,0.11141992396555933,0.13560559736912053,-0.09009340846240715,0.03646007153141966
fid_23617,-0.04728250653070644,-0.08529150209346946,-0.04776737581352697,0.037025890297433556,0.1742786723749163
fid_23592,0.009318116062644606,-0.0946640057878666,-0.2344486433993662,0.07070613864664874,0.16573129617432053
fid_23642,-0.17031893615610252,-0.3269446345077954,-0.41472937556360123,-0.11174412074453506,0.0075360064851216855
fid_23622,0.1873969911923693,-0.08923936374259604,-0.013821290280376127,-0.1509344671810644,0.03308200333164275
fid_23597,-0.05577065190519342,0.018197575590859275,0.4559701868628676,-0.5039713330304051,-0.15119086257349112
fid_23647,0.1961483382855722,-0.13763068148873475,0.033829478186094886,0.026815403075878274,-0.29284880003864844
fid_23627,-0.15101310898032239,0.2908479808676452,-0.09265512564284285,0.08505505153309594,-0.038629428684418037
fid_23602,-0.14821239189296673,-0.1335196338727214,-0.13748489845246076,0.05897676986023863,0.392980879449884
fid_23632,0.03779111117519409,-0.015982593656684464,0.10403179707966351,-0.06970681985043603,0.08916177921636181
fid_23587,-0.006629212653532656,0.0751647452718816,0.012995925650327858,0.06025688009042004,-0.1931752893563127
fid_23607,-0.025350999429723135,0.2098563983103011,-0.1028847752556236,0.06673500309439949,-0.2154065331483184
fid_23470,0.017321928148194568,0.029093978839776727,-0.017163922733804224,-0.06266358214010119,-0.002375879482960035
fid_23461,-0.04729512298602836,0.06466959554288405,0.09367859320508211,0.040455394799716576,0.09005253594326552
fid_23462,-0.03480239758329123,0.005481238882882692,0.0028217428627108324,-0.03410282809418167,0.08404908866458402
fid_23480,0.34407291969432857,0.18657685917829583,-0.3013869122453407,0.6818616669498802,0.13480696300258066
fid_23406,-0.07481589717697777,-0.19685842831582237,-0.14007905849029675,-0.21858505146038262,-0.150882206974517
fid_23463,-0.015278244005234372,0.004345810320458321,0.012919467774495553,-0.02346628516587198,-0.03552639696449881
fid_23465,0.011118731144596508,0.04216158157945497,-0.07007054500407153,-0.03605262583002048,0.2056303540492204
fid_23405,-0.11623242469902788,-0.10803831471778984,-0.2262339479966647,0.008649354249774557,0.1851720711784243
fid_23471,0.08781261605309137,0.03323346911301015,-0.07914327564988674,0.10420729091190067,-0.3162409132362194
fid_23466,0.006580938637609849,-0.10229850864777687,-0.05608092788521049,0.07478667284857864,-0.19972530958234117
fid_23449,-0.10719101640343477,0.3342503699811725,-0.5294050711648585,0.2003181837857821,0.5441142349949927
fid_23456,0.3032715234636022,0.006994037668483899,0.22630308478605518,-0.31982497926011216,0.6898486522493908
fid_23447,0.11774946497326551,0.29071266162335013,-0.0681040806940569,0.49304314967519614,0.00470541253079564
fid_23454,0.37768934165758106,0.1936205150922592,-0.17483598092580738,0.08751971462839477,0.31413459746400446
fid_23444,-0.16045159621641053,0.333615725360059,-0.24600214926361552,-0.07170197512885246,-0.2267920692765794
fid_23451,-0.11522781843274871,-0.5025717029170335,0.3540514196402397,-0.36865067209052405,0.23310815216704123
fid_23445,0.045541686907914235,-0.4225947722630955,0.15300666434681073,-0.2638842744165034,-0.13241520519170272
fid_23459,-0.003967721639404222,0.001739510357922955,-0.009683136598210284,0.046403535294719044,-7.484320261939135e-4
fid_23452,-0.26571789279892377,0.10783360090242562,-0.06675866169380981,0.13052583551789781,-0.43804954568372023
fid_23468,0.02640529019736093,0.0013079427116973073,-0.02454579189081609,-0.031402795990372545,0.09246903975360418
fid_23437,0.09820744662241278,-0.523000407426135,-0.6806255243883831,0.08935815557704678,-1.378748597306334
fid_23434,0.6273022812715703,-0.04981055806988529,0.382746896361288,0.09583464453895268,1.693749818815441
fid_23483,0.22966081416977446,0.32671256025737494,-0.1803751737989157,0.4359593134529755,-0.0673259024206051
fid_23414,-0.07586051911620172,0.3801271684506137,0.16908668214011838,0.4073426390364425,0.1882657980610056
fid_23525,0.22279911993452728,-0.3102461079219542,0.4239834434108621,-0.07206511554068663,0.8838142693922258
fid_23413,0.16926931923656996,0.02511911599038454,0.5047654329614482,0.062204785142121403,-0.9588568580712074
fid_23560,-0.04306290569653277,0.9700414366414284,0.25170969255140885,1.064135452581736,0.7406703755322978
fid_23532,0.1645792855628115,-0.012593120871610953,0.87254252432337,-0.06675137459175486,-1.3070331694578143
fid_23497,0.4706391478356576,-0.6677899596427614,0.40072685061500135,-0.897903088341186,0.01889897908184995
fid_23567,-0.28788811229309774,-0.25680572264186835,-6.898491295531318e-4,-0.18362951467595642,-0.7668723703834113
fid_23539,0.3231081858541127,0.5830911512579641,0.13010685120667123,0.0069932635546644615,-0.10619931752075698
fid_23504,0.11868925895347335,-0.46519274115389697,-0.4963969801562441,-0.2154736630221717,-0.11062197367782581
fid_23574,0.14167946837835738,0.1679595400963693,-0.09078205077017483,0.01562954167159078,0.3851460184203723
fid_23546,-0.18450182791129457,-1.0926280092250986,-0.35051432547034517,0.7588840857303929,-1.212730140917435
fid_23511,0.3130597366783676,0.43007437519194835,0.25464283927063963,0.09492120608636957,0.543338708631268
fid_23412,0.18313957068183023,-0.17386514454628382,0.013624400806080236,-0.15765993642958329,-0.048745452094492374
fid_23553,-0.06033850597239705,-0.335169466183598,0.5334833132576225,-0.3058243615423835,-0.14653408613371788
fid_23490,-0.06628969715110947,0.09622363126383372,0.19744947004449598,0.12290534409719933,-0.32649095130853123
fid_23518,-0.21474335841395154,-0.3338048085339347,0.13857404001586193,-0.11171227428429728,-0.39663146244716946
fid_23579,-0.012506656234653525,0.013668757092018962,0.018470749793963785,-0.031154289227002457,-0.021177614079702676
fid_23609,0.05567842797420858,0.23337192132774331,0.16984688595413178,-0.06878357177432966,0.05241317956151101
fid_23634,0.03883796582777117,0.009103278252968425,0.027289314411004097,0.04682162408295528,-0.06251059497702012
fid_23614,0.024495509229059666,0.016453863244155993,-0.22760567850157798,-0.2058718167840212,0.3195157573904731
fid_23589,-0.01506571744571476,0.07447885274359312,0.0688795708789267,-0.03617033564247269,-0.15574405692313695
fid_23639,0.21251264633106354,-0.020434833176353272,0.26975112343190283,-0.19479948488948137,0.6592768973680491
fid_23619,-0.056547378748304185,0.004251771191938462,0.13420939748476207,-0.04906280796713882,0.015200015309793272
fid_23594,0.08935658469949716,-0.0961204693194347,-0.1985142642549531,0.2358094542838363,-0.08712715592435688
fid_23644,-0.15874174870026192,-0.10064423169185036,-0.3295609976843287,-0.08808841020495807,-0.2576976450221718
fid_23624,-0.002519864863282668,-0.24330596261195522,-0.05326683348782105,-0.025952361121725623,0.017562878041536594
fid_23599,0.30832160868920294,0.361526995627614,0.06371420104742735,-0.13281125328949375,-0.1556723813628806
fid_23629,-0.0032601554837849277,-0.02126931079963244,0.0034879114622550205,0.008979405203179469,0.02009988442377451
fid_23584,-0.014451510355237202,-0.009008050745482082,-0.018587208747401204,-0.03636287333624791,0.17682186488511184
fid_23604,0.044832710785734815,-0.07820920614891595,0.10318996815901701,-0.05343472779275076,-0.08503039167254518
fid_23446,-0.005506817700482458,-0.2662288781997449,0.06245567027642728,-0.24536599349214508,-0.1753151903774874
fid_23458,0.29540639343742425,-0.06495048474206438,-0.13444195776353263,0.2041393132572269,-0.01635880307970458
fid_23453,-0.30656634725571197,-0.10571828857151191,0.08233784608739703,-0.0202259153870133,-0.32858333408723456
fid_23472,-0.02571962600861655,0.0016096631994460566,-0.008327103156600109,0.020761411328199347,0.040163048075942176
fid_23402,-0.03571066127484722,0.05136444278529254,-0.12083209379119435,-0.01942648319240211,0.21207058741064416
fid_23448,0.30094986433195225,0.16606727189225087,-0.41121577485325,0.3409156229026918,0.25314165827941676
fid_23455,0.0605093295951894,-0.039642728607537696,0.07648936107604702,-0.05384292106972306,0.20202454808310477
fid_23438,0.19507181308007374,0.19003266776184807,-0.30297877856237615,-0.21253643249284349,0.2184158508398122
fid_23400,-0.09095043314061602,-0.08708141767767077,-0.209478262065723,-0.07776019234794208,0.14178616894628124
fid_23401,-0.07583064518916006,-0.025284429913307937,-0.17679687412846215,-0.004780823834911201,0.19945520162601077
fid_23436,-1.0322941304521065,0.5677434300568717,0.3486678098834173,-0.8599663550927403,-0.7420536190969416
fid_23464,-0.004678527051193073,-0.0021736812777565983,0.014215320804382035,-0.04096060881568676,-0.0201609299657404
fid_23427,-0.010982879926520863,-0.028600773082826467,0.18354786369617457,0.2311415204453511,-0.5176723921641506
fid_23415,0.00403334090853747,-0.1747655807083623,-0.4717720558342532,-0.09135366668546185,0.24346364743839152
fid_23442,0.16141616219649033,0.07244905552840507,-0.1555625896361574,0.22941107448358036,0.03434518724022275
fid_23419,-0.33965121956946254,0.1342562758497113,0.46850041980586826,-0.046016614702790816,-0.1027821069615458
fid_23482,0.09247137854331224,0.14393179242298185,-0.14274640421242404,-0.030635653340969012,0.3419148583791867
fid_23426,-0.086450305326386,0.0767496429657272,0.014222431826788494,0.07996166586359257,0.018825594163082816
fid_23524,-0.042816170112362086,0.06913980530890881,0.116217603258963,-0.098186098189161,0.3976414956973812
fid_23425,-0.04058672027403421,-0.06765446017782414,-0.06130475667422641,0.005790655586112828,-0.05965755771997701
fid_23559,-0.06801031657908041,0.33779954968370685,0.0039510958747270295,0.43716076379671576,0.03799670974280248
fid_23531,-0.07381827179806756,-0.14575508001363138,-0.09012048985016395,0.07880384157818288,-0.05172114048798173
fid_23496,0.22695621656600268,0.011581364531582115,0.3677330403055517,-0.19197333073009057,0.238262938436627
fid_23423,-0.01290693925600339,0.045366980434465395,-0.0034170555464541046,0.016774154179039748,0.15247162248762972
fid_23566,-0.19240439866985445,-0.1927155596459399,0.024485870696655872,-0.2635210963149938,-0.20931749015745937
fid_23538,0.14347948290036877,0.17009144481636462,-0.05772033841753853,-0.22181228733996408,0.23059675437332264
fid_23503,0.010942269768644586,0.019663870434090357,-0.35530811672657153,0.2182861911298079,0.4112646398468864
fid_23573,0.08372624984562627,0.0052151338728264945,-0.11217035558123892,-0.05225978666881505,0.2546908623297353
fid_23545,-0.2894378764913989,-0.1846164602057482,0.10844372805937919,0.13814747222358767,-0.7165566663934627
fid_23510,0.19069002739383553,0.18346879467437088,0.2792453462312697,-0.06545367079858852,0.3130513022349854
fid_23424,0.06604104424403015,0.05779703526707263,-0.01822503438104491,0.006630668370580927,0.19376476421690086
fid_23552,-0.017477680659908432,-0.13408291151790633,0.25330666091122583,-0.2733414538314465,-0.02011641052358939
fid_23489,-0.24546259304893206,0.07735985635261781,0.04810763049632805,0.056359909443606686,-0.21723401703686263
fid_23517,0.032107472447947455,-0.22881635354773402,-0.22035628649410424,0.004170538209650614,-0.4664397089523957
fid_23411,0.1091910302074561,0.14375199921583853,0.330446763875025,0.20220050664136685,-0.0624084863939089
fid_23407,0.01882844102652872,0.16676668101498568,0.059268886504712945,0.0038179673841856523,0.29139988869032285
fid_23487,0.10735043075820312,0.18712666426087665,-0.21795555515063256,-0.14442214253074506,0.4332485233829787
fid_23410,-0.11703292348558264,-0.15565980132509533,-0.01222213206009429,-0.15833558175267368,-0.1541791759017148
fid_23529,-0.27262781064630887,0.1602175792487233,1.2660416982373432,-0.08413984456293386,-0.8397734901230005
fid_23409,0.1201864886281328,0.023202554173398483,-0.19584446283919232,-0.2224956329084455,0.5732015196934837
fid_23564,0.15047184524305124,0.5007394538972312,0.16760335388552083,0.8200818715396327,0.01758276920471148
fid_23536,0.12496710986965699,0.19013542035627182,-0.3587653166869273,-0.35848235357032204,0.7572387688452985
fid_23501,0.3673541224410303,0.4274766529750529,0.5587102683822327,0.015414080979439903,0.5746676689374435
fid_23571,-0.33921691258122805,-0.384835140790768,0.5354660219270388,-0.465320305089815,-0.4733441266996014
fid_23543,0.5868787741130258,-0.5294813287200336,-0.4049104001169665,0.08927860811516644,-0.008313348806441547
fid_23508,-0.06877846164002813,0.24819396649940897,-0.41399251966441813,0.35385108172978225,0.8492856541293868
fid_23578,0.007705359246925606,-0.3106964397705556,-0.7493244921093676,-0.3477639594507676,0.04937367145318321
fid_23550,-0.7386221380934138,0.2721672944684188,0.9177685983342488,-0.18350981484679446,0.7675974289834665
fid_23515,0.18538161395734212,-0.020604161623800302,0.8069740253334035,-0.07524525734574469,-0.20297845311023544
fid_23408,0.03794667650508577,0.20746168246575222,0.02480615159665437,0.03989397928056016,0.35488794579039123
fid_23557,-0.3922672723440435,-0.23986790273922884,0.043835503869004276,-0.9821877843967203,0.1882889963831559
fid_23494,-0.40151550791414214,0.15324899277506443,0.008715577955182493,-0.14268100305468176,-0.08738285046225314
fid_23522,0.023135034282180823,-0.24228788653989472,-0.5501256015947406,0.5425806540197659,-0.8417091382742232
fid_23435,-0.09275934491144865,-0.3148671420929065,-0.26702047392561756,0.18375831612887497,-0.49295674095273306
fid_23583,0.002233486305676417,-0.00637678166791612,-2.9957707056993342e-5,-0.0029270415995584723,0.00870856440321141
fid_23613,-0.04293331364276357,-0.14240277723514594,-0.16535036312203616,-0.1428937144759668,0.16171306918734815
fid_23638,-0.016706881836420627,0.04057055402731677,0.007834555840090183,-0.06510140518836215,0.039636394311267795
fid_23618,0.03555035343424171,0.008284411259044546,0.1997753293720177,0.14179606915099371,-0.3131712917628756
fid_23593,0.009039016259820386,-0.012090413782776288,-0.06578297358520767,0.015063540306708556,0.07139320289153687
fid_23643,-0.3057632947437489,0.005463399091076067,-0.10236896624681323,0.11866283223546371,-0.6677528385327516
fid_23623,-0.07506725304998679,0.0682524498251294,-0.13621846441620467,0.010672345233570114,0.08179193802140561
fid_23598,0.10863741835332522,-0.04471831287513583,-0.0020248074304381396,-0.10669752955165113,-0.13525619312470316
fid_23648,0.4189606017265174,0.11461186432134529,0.2277784052626099,-0.037691555605051934,0.7873808815438351
fid_23628,0.0673669717775558,0.20634386212792505,-0.044342833611711444,0.011976002104696517,-0.07744107030360396
fid_23603,-0.07831197248091949,-0.013363637171578242,0.03421677679397203,-0.014652234341655322,0.1132057744521004
fid_23633,-0.02764902650528785,0.034550146359831856,-0.03549784178713649,0.02525139920428889,-0.09863659117313517
fid_23588,0.02154660990765869,-0.006973033693482785,-0.011664788995156312,0.049536522135333355,-0.09271929226442165
fid_23608,0.024744305414810923,0.21871956201645948,-0.13887502217680275,0.08285578046290552,-0.042191370128194766
fid_23469,-6.283362006095182e-4,0.02000143391808187,2.3418897018331138e-4,-0.011605676132008436,0.11888924835970685
fid_23403,0.01683500340285869,-0.06174059516405382,-0.1196396945577766,0.059501722128533906,0.03857309636615027
fid_23467,0.0035244214145841147,0.012849202940839992,0.12256068847581622,-0.11837656307916979,0.00447241829319663
