name,wY_01,wY_02,wY_03,wY_04,wY_05,metabolite_label
fid_23474,-0.08175761442374421,0.0375835763220661,-0.013034245474477891,0.2876070025874536,-0.14639223237850427,3-Hydroxybutyrate
fid_23475,-0.08210076473174363,0.00972437923511745,0.05334920951076855,-0.17515065294385138,0.1891029676248544,Acetate
fid_23476,0.02855982379960483,-0.00356355051856455,0.02490954298011217,-0.09030074756331462,0.09099452301081792,Acetoacetate
fid_23477,-0.00494740600837089,-0.01183659995419427,-0.00570989569372279,-0.09913431342757248,-0.10350742617919909,Acetone
fid_23460,-0.01310290314947655,-0.06264272043821302,-0.03341231435863569,-0.15674649894746212,-0.07382427803526152,Alanine
fid_23479,-0.08689885571511953,0.0331900827588027,0.2587934751250337,-0.28871466646840593,-0.19307826327459776,Albumin
fid_23440,0.8081442061160043,0.4854032833721239,5.855648125406622,4.923524831338709,-1.15406090224667,Apolipoprotein A1
fid_23439,6.637272805178584,4.3836995695873515,63.23445862053807,45.25802651987651,56.142016017197776,Apolipoprotein B
fid_23441,-0.04309580402593603,-0.24145356581235372,-0.5401065782215755,-0.00263776203879665,-0.1081964543303732,Apolipoprotein B to Apolipoprotein A1 ratio
fid_23433,-0.7618680267270439,0.4112866858921757,-0.10818882330284744,0.31543229477379026,0.8568896842817344,Average Diameter for HDL Particles
fid_23432,-0.03116295257888173,-0.20639609996448455,-0.01095029840911401,0.1796933060905253,0.15284945307675998,Average Diameter for LDL Particles
fid_23431,-0.23434138976138047,-0.384272965031826,0.31706075172532255,0.06860748250896351,-0.425973265851311,Average Diameter for VLDL Particles
fid_23484,-0.6203753768894497,11.3184945965554,3.6028237570164032,-5.086753407197764,-31.474248258218687,Cholesterol in Chylomicrons and Extremely Large VLDL
fid_23526,16.444472788077366,33.3285989506174,-15.052816339536523,-4.052332896597268,6.164084328502698,Cholesterol in IDL
fid_23561,0.2733987907091622,9.859163450438004,-6.496839207891696,-7.392532843550516,-35.07203570258911,Cholesterol in Large HDL
fid_23533,18.927093839549183,7.6652573739266225,22.66028050908576,15.436831056487136,-0.7927117772623468,Cholesterol in Large LDL
fid_23498,10.14450864394894,-14.258662559465906,0.647492932809858,14.47773993563028,-13.031736050633569,Cholesterol in Large VLDL
fid_23568,18.64772894164257,-3.248986076739163,15.64093987313761,-7.432615248481594,2.4593577775261584,Cholesterol in Medium HDL
fid_23540,8.03248204875157,-2.599317474439533,-13.81374264906926,13.726628097734142,8.925607349505093,Cholesterol in Medium LDL
fid_23505,-8.807029578933392,-12.903485874484074,-29.489518602747335,0.5474819225207597,-8.856280131160194,Cholesterol in Medium VLDL
fid_23575,-3.846640543043777,-29.52065885209307,0.13961009085978657,7.197733272501711,10.458531225417389,Cholesterol in Small HDL
fid_23547,-7.29812399175332,8.868450284667041,-26.03384461718074,1.3530352269490913,1.3650755754029644,Cholesterol in Small LDL
fid_23512,-2.134098395350717,8.351047326416378,-0.3635698505277872,12.997131597773995,-0.4488340642209147,Cholesterol in Small VLDL
fid_23554,5.14611168911336,17.220255845307854,2.3278534480624415,7.627645188481051,-27.463637188188606,Cholesterol in Very Large HDL
fid_23491,-5.0680930091308065,-9.937389342003666,1.418625723729721,12.971535888665718,-6.305984784328563,Cholesterol in Very Large VLDL
fid_23519,19.86576340473983,26.8145835544531,17.18026696622817,-36.13891563071942,-44.08502722386517,Cholesterol in Very Small VLDL
fid_23580,-8.096686593383351,-1.4504063564239766,-8.947122338872731,-2.9028807719282694,4.80399965393464,Cholesterol to Total Lipids in Chylomicrons and Extremely Large VLDL percentage
fid_23610,9.05096972636129,-41.84204781289122,-39.23356385295897,61.837645281103434,-18.946638221784813,Cholesterol to Total Lipids in IDL percentage
fid_23635,5.4028129443477875,59.409943033354416,64.44283576281353,-8.64117488325166,25.98599070311365,Cholesterol to Total Lipids in Large HDL percentage
fid_23615,23.4735648852943,5.573330139805975,3.8055474100663473,31.07996258525792,-12.28953795549502,Cholesterol to Total Lipids in Large LDL percentage
fid_23590,-14.829719397201783,-30.788649951289106,-32.23003832431413,-25.202740936030263,-24.77404932418065,Cholesterol to Total Lipids in Large VLDL percentage
fid_23640,-34.82599239048488,-0.960873626349391,-23.994040074632185,25.67038479068849,11.561999519287092,Cholesterol to Total Lipids in Medium HDL percentage
fid_23620,-10.543487668844325,17.109530907484817,-38.091334572824735,-40.014131343677306,18.98089571752886,Cholesterol to Total Lipids in Medium LDL percentage
fid_23595,22.02981204652731,-20.17531022654022,-2.3159068011186763,-2.9346426553318667,-24.032516885400433,Cholesterol to Total Lipids in Medium VLDL percentage
fid_23645,3.509870471142107,-11.401500732861678,-41.69505651377152,10.987710441971757,3.312863726464563,Cholesterol to Total Lipids in Small HDL percentage
fid_23625,8.34616436938899,25.058003413505592,-18.466938799168343,29.34857418001584,-2.4088708944554837,Cholesterol to Total Lipids in Small LDL percentage
fid_23600,5.804146826794513,-38.883318214507085,-21.90317135801235,6.950137340294171,-18.488881876854332,Cholesterol to Total Lipids in Small VLDL percentage
fid_23630,-6.500275273487878,45.8325445975076,-19.38171529210304,54.87976045841685,-5.688377878102903,Cholesterol to Total Lipids in Very Large HDL percentage
fid_23585,7.364901672783758,3.5041039643323373,9.328632164158249,-11.13436891415642,26.120200682591825,Cholesterol to Total Lipids in Very Large VLDL percentage
fid_23605,8.494336379278575,13.618077259174964,-21.22658766795478,6.346166064417396,42.17503658280515,Cholesterol to Total Lipids in Very Small VLDL percentage
fid_23485,-1.6398254071395086,-6.764435509097053,-3.1193904323180286,-1.702263855247249,13.857118487702376,Cholesteryl Esters in Chylomicrons and Extremely Large VLDL
fid_23418,-9.774498962618932,-22.843517699198017,28.472108239068056,-82.47559148201722,58.48504846214932,Cholesteryl Esters in HDL
fid_23527,15.723318742926006,-8.829863835970993,22.285556736922004,-0.1872216041041135,22.7634989803855,Cholesteryl Esters in IDL
fid_23417,-30.434753570688866,5.8366424348425,35.96428187298438,28.672139172215115,-19.17116245196876,Cholesteryl Esters in LDL
fid_23562,11.949187847638932,11.72606410765771,-6.618230060601314,8.238262272989392,-12.266795918727302,Cholesteryl Esters in Large HDL
fid_23534,9.428760046672071,-20.056991117123243,1.882004296333473,-22.910905421120503,16.180763654788006,Cholesteryl Esters in Large LDL
fid_23499,-7.894106585399851,9.378323367631882,-1.8463532776974831,-10.520534948891504,3.220611434498892,Cholesteryl Esters in Large VLDL
fid_23569,5.739296463703899,10.190217485622869,-29.795532842773135,2.938757777129463,-19.6601621737256,Cholesteryl Esters in Medium HDL
fid_23541,0.3958388304572687,0.4560108153712759,-1.1362160557971888,-11.31310194763525,-13.78174441966695,Cholesteryl Esters in Medium LDL
fid_23506,2.9343707973074222,6.808982535910406,15.069511381176424,-9.58133868328796,3.454582187974358,Cholesteryl Esters in Medium VLDL
fid_23576,0.8494011558531483,21.127417893534695,5.687971221403395,-18.673893689123375,-16.35715646250032,Cholesteryl Esters in Small HDL
fid_23548,19.970578779655128,-12.350783822571287,6.316704059236362,6.827205119069266,-3.011140539027042,Cholesteryl Esters in Small LDL
fid_23513,-0.8580796502624658,-5.139834179599405,-2.8951206691925147,-8.0108366596115,-3.4715088795648423,Cholesteryl Esters in Small VLDL
fid_23416,-0.02053211125601238,2.4151758428075096,-4.564728529551807,-11.323418448259863,22.602642399723944,Cholesteryl Esters in VLDL
fid_23555,-3.6130908221599785,-2.483680925164134,-9.515910772574234,0.17908752403627226,7.223566431678273,Cholesteryl Esters in Very Large HDL
fid_23492,3.0817122769010816,6.370303634364417,-1.048205316012674,-9.563523470630416,0.15003450199390117,Cholesteryl Esters in Very Large VLDL
fid_23520,-11.88786063504705,-21.195686738039942,-18.778017022995883,19.159041071343378,35.769452300214944,Cholesteryl Esters in Very Small VLDL
fid_23581,-0.00343351024190995,-4.437933880105543,9.389525588660826,8.014634245259753,2.6377988250517603,Cholesteryl Esters to Total Lipids in Chylomicrons and Extremely Large VLDL percentage
fid_23611,6.165653830216676,32.10657865508822,49.121577094716976,-8.389662552394421,-51.11796620113531,Cholesteryl Esters to Total Lipids in IDL percentage
fid_23636,-8.499626149577537,-34.180765539792915,1.955969190615366,-7.427508576033462,-1.1106732059989879,Cholesteryl Esters to Total Lipids in Large HDL percentage
fid_23616,-15.447837304944343,-0.5007825423071743,-4.412555107307593,-6.461249364625912,20.335477066002568,Cholesteryl Esters to Total Lipids in Large LDL percentage
fid_23591,29.348842646717085,17.933193561181188,29.577741351402263,24.686432098058113,13.648501089005176,Cholesteryl Esters to Total Lipids in Large VLDL percentage
fid_23641,27.37958809791782,-4.54934482600622,-13.726597475265171,-10.358213961365689,21.926132681861095,Cholesteryl Esters to Total Lipids in Medium HDL percentage
fid_23621,1.06701003588766,-10.854603877825769,7.785721863170666,36.0865506877959,11.718777852077633,Cholesteryl Esters to Total Lipids in Medium LDL percentage
fid_23596,-18.37836524009111,35.005512514405844,-12.712589252159296,20.09886593127223,27.223759737556772,Cholesteryl Esters to Total Lipids in Medium VLDL percentage
fid_23646,-8.461424641858892,6.666708193187924,41.46599745897914,-43.33070907165924,15.134824728444416,Cholesteryl Esters to Total Lipids in Small HDL percentage
fid_23626,-20.70222539048249,-33.6836843452614,-4.834328560715182,-12.080030228316245,52.34271179590758,Cholesteryl Esters to Total Lipids in Small LDL percentage
fid_23601,2.983446737233581,14.157113870391695,11.56152573384754,-7.8602749823722515,9.208800299358684,Cholesteryl Esters to Total Lipids in Small VLDL percentage
fid_23631,-3.24422242040647,-29.350562653183623,19.014747672983766,-29.70382586808794,19.96321973725769,Cholesteryl Esters to Total Lipids in Very Large HDL percentage
fid_23586,2.4133854648702533,-1.9605906526022832,2.0849898564789964,21.52966576454649,-17.77569295566548,Cholesteryl Esters to Total Lipids in Very Large VLDL percentage
fid_23606,-41.40448205987247,-4.214689727436096,21.017992892118055,-8.166527666837483,-25.326229689418707,Cholesteryl Esters to Total Lipids in Very Small VLDL percentage
fid_23473,-0.00131598412184851,0.03080330119305499,0.03827610994419227,-0.00349584280650936,0.0200508749087341,Citrate
fid_23404,-0.22543792109269112,-3.521662706195895,4.299787017718138,0.02712405841752093,-3.528468948667161,Clinical LDL Cholesterol
fid_23481,2.0364544175852477,-0.319531312488506,-0.6311029494207546,-1.4975702242361673,-8.099679855117257,Concentration of Chylomicrons and Extremely Large VLDL Particles
fid_23430,31.427449547176803,-6.430358635389372,41.272267371350374,53.23372276456642,16.423881969801272,Concentration of HDL Particles
fid_23523,0.6623886426647616,-0.3911698050694942,-10.189580931941528,-7.885597930370914,-11.172919914061934,Concentration of IDL Particles
fid_23429,2.8111348900217488,9.59492013235432,8.598577085621491,-46.39236101627627,-34.36142221491833,Concentration of LDL Particles
fid_23558,4.96714446941047,-8.318692210751403,-10.150968640512309,-17.06209581394882,-13.991567502285235,Concentration of Large HDL Particles
fid_23530,0.20083056643465513,-6.146645823142877,-29.25394206595888,10.419973656158485,-5.101559766967339,Concentration of Large LDL Particles
fid_23495,2.46696320866644,5.171835167220058,-0.11071209225176708,-6.126487484193899,-1.9951104375529016,Concentration of Large VLDL Particles
fid_23565,9.639645765909783,-15.50938428258088,-7.388199375530141,-29.11415370170289,-10.234313358799712,Concentration of Medium HDL Particles
fid_23537,-0.00841558978035002,-3.1870941893436124,-12.564067190918736,4.820324752348012,-1.7098257127419922,Concentration of Medium LDL Particles
fid_23502,4.578534818778751,9.93237272272638,2.7189921017905365,-6.543783899982945,2.7059133566157723,Concentration of Medium VLDL Particles
fid_23572,9.986722652458935,-13.871734313834988,-10.643780623957928,-30.99305062359659,-18.861318145099226,Concentration of Small HDL Particles
fid_23544,0.04802593855170956,-1.6637462160349072,-6.111888089083889,2.6175002473908515,-0.4339145741660184,Concentration of Small LDL Particles
fid_23509,4.58166531482023,8.046178599200987,2.379555882613332,-6.701214404192328,-2.7890260831682334,Concentration of Small VLDL Particles
fid_23428,-15.89494120742702,-31.79490901903956,-12.648523609511418,19.4997129160612,-6.350676071746658,Concentration of VLDL Particles
fid_23551,1.4619372481774122,-2.863556503585579,2.289780674139594,-2.2395790755144582,4.627305438864549,Concentration of Very Large HDL Particles
fid_23488,-1.8427114136845004,1.9916060518251468,-2.582588561523792,4.9490021715408945,3.0855348711740733,Concentration of Very Large VLDL Particles
fid_23516,4.730358350450291,10.3770827532819,1.740641844298337,-6.652921262078527,0.1711808959171426,Concentration of Very Small VLDL Particles
fid_23478,-0.00999003690807034,0.01762979446231567,0.03253752937325686,0.03706145039004408,0.04580823698699862,Creatinine
fid_23443,0.4532987333041956,0.5777074169245087,-0.34804345624217364,0.1026408553328035,0.00204562241886307,Degree of Unsaturation
fid_23450,-0.04078525971336161,-0.5567617783050143,0.3884286739037248,0.12865681237988713,-0.11357474372917643,Docosahexaenoic Acid
fid_23457,0.00108885906471278,0.6303468478030245,-0.4312213395635444,0.04761492708999794,-0.0312391135987832,Docosahexaenoic Acid to Total Fatty Acids percentage
fid_23486,-2.697115528288132,-6.89705538076302,-1.3624749900788489,-1.3071722930085423,11.436389800906394,Free Cholesterol in Chylomicrons and Extremely Large VLDL
fid_23422,2.5411861406362566,-10.90635254263352,35.151890275589224,28.62079549344675,-3.8696329823680737,Free Cholesterol in HDL
fid_23528,6.073184062063352,-3.5630275184177775,8.326564432587366,-1.1776203809175845,7.953709182930347,Free Cholesterol in IDL
fid_23421,-24.525882110982373,15.640865523249428,2.814499956531961,-4.799254869973862,-19.905934435096597,Free Cholesterol in LDL
fid_23563,2.316940134118436,7.220513671084465,-17.95568270790695,-22.55533386556308,10.385878272057148,Free Cholesterol in Large HDL
fid_23535,12.066656909003925,-14.74397855774842,6.034486095152862,0.24263586976306412,13.414630989799845,Free Cholesterol in Large LDL
fid_23500,-6.844087415836403,6.915814035745715,1.4411060506218338,-13.734877940900516,2.419928994572142,Free Cholesterol in Large VLDL
fid_23570,2.50456018801143,5.888665220622116,-20.981048654322205,-13.73097122915319,0.6520471669925382,Free Cholesterol in Medium HDL
fid_23542,3.2430729519706616,-2.5396024506281014,3.690583176470253,0.44646775253727095,-0.7248971283012061,Free Cholesterol in Medium LDL
fid_23507,0.15283553052164878,-0.21662273403264537,15.694637183770478,-9.693006486722869,-1.7775009788008609,Free Cholesterol in Medium VLDL
fid_23577,-2.263753156528086,8.437157574744733,-5.538031595056828,-17.95631838761992,0.44608145877603333,Free Cholesterol in Small HDL
fid_23549,9.586731085774774,-6.189043953618982,4.913071033461435,3.295946575273422,2.1517444053728507,Free Cholesterol in Small LDL
fid_23514,-1.307114388647544,-3.188147922534707,3.038113806354654,-9.42013145036266,-1.2026932540023172,Free Cholesterol in Small VLDL
fid_23420,4.39940262245245,10.228446130396826,-16.21671404662751,-3.800662310378238,16.83192095128451,Free Cholesterol in VLDL
fid_23556,-1.2651694373468512,-0.9408163958423608,-4.84653807762282,-5.65611022596147,3.978552047964499,Free Cholesterol in Very Large HDL
fid_23493,1.1354386491387316,0.713848882838232,2.0719041453846567,-13.648845104073503,0.16206722450263508,Free Cholesterol in Very Large VLDL
fid_23521,-7.557644045399318,-6.482193566055365,-6.324600560887308,10.967261449047909,17.80834720721907,Free Cholesterol in Very Small VLDL
fid_23582,0.01738255750846877,-2.338564905562547,4.92611079343336,4.157154490918084,1.4167797257581296,Free Cholesterol to Total Lipids in Chylomicrons and Extremely Large VLDL percentage
fid_23612,2.7044543721073864,14.105828956231194,21.74845319878329,-3.5744445507647473,-22.575442758154576,Free Cholesterol to Total Lipids in IDL percentage
fid_23637,-2.0283737590571596,-8.348836353914084,0.6261985446658177,-1.9417311649691755,-0.2638398694747414,Free Cholesterol to Total Lipids in Large HDL percentage
fid_23617,-16.821242986638097,-0.7880000805521219,-4.457805281718534,-6.619050328476789,22.018573962283437,Free Cholesterol to Total Lipids in Large LDL percentage
fid_23592,11.637252536437437,7.03145683208912,11.43785653385955,9.863115692325442,5.591973054329455,Free Cholesterol to Total Lipids in Large VLDL percentage
fid_23642,6.673812441992406,-1.4635049770239847,-3.754789960852323,-2.7879354251776225,5.665435338285545,Free Cholesterol to Total Lipids in Medium HDL percentage
fid_23622,1.4839373804602278,-10.601673350026696,7.375277827418433,34.169488645836374,11.297044056895034,Free Cholesterol to Total Lipids in Medium LDL percentage
fid_23597,-6.297444953308966,12.516496666048962,-4.026408822614783,6.345279903395268,9.772337037968478,Free Cholesterol to Total Lipids in Medium VLDL percentage
fid_23647,-2.0531165303564314,1.7650669297521384,11.779590164602885,-12.14945730801474,4.180236596642136,Free Cholesterol to Total Lipids in Small HDL percentage
fid_23627,-19.03841888043851,-29.93488122456198,-4.76836754873776,-10.448470530982997,46.7963611694647,Free Cholesterol to Total Lipids in Small LDL percentage
fid_23602,1.907441878036047,11.108581373920146,8.658784330051779,-5.361697841681822,8.038147635404126,Free Cholesterol to Total Lipids in Small VLDL percentage
fid_23632,-3.372027677696562,-30.884159051688787,20.211072853651807,-31.324495712902273,21.21264961438362,Free Cholesterol to Total Lipids in Very Large HDL percentage
fid_23587,0.6361941525046427,-0.37112960604480744,0.5597308855173729,5.631600570471268,-4.859793417768273,Free Cholesterol to Total Lipids in Very Large VLDL percentage
fid_23607,-6.105789799194308,-0.6046450565015283,3.089600258964979,-1.374537340933766,-4.2710989235027,Free Cholesterol to Total Lipids in Very Small VLDL percentage
fid_23470,0.00496005537944922,0.01796495503091426,-0.01560164338850029,-0.07907512362022087,-0.03687975541558853,Glucose
fid_23461,-0.04507718880145262,0.06498201266623489,0.08772799402460396,0.04045333470630264,0.06380938217576257,Glutamine
fid_23462,-0.03597656616728931,0.00302368486351005,0.00732487814589668,-0.04005813486615187,0.07963827707525908,Glycine
fid_23480,0.3320802258160757,0.17308498448581583,-0.30500030620700225,0.6307227261048975,0.07782151233762903,Glycoprotein Acetyls
fid_23406,-16.27901755926146,-20.644112199276694,-24.765381177326436,73.5813253572652,-31.955928612098873,HDL Cholesterol
fid_23463,-0.01314861074007896,0.00465965730387348,0.00693111959156011,-0.02269620847476419,-0.03016465960463981,Histidine
fid_23465,4.325713539568023,-6.435436199122268,4.789723568835656,1.1838731973354673,0.3968884729056166,Isoleucine
fid_23405,-0.04364932351798481,-38.99530599958669,-23.244675181422405,3.2821158483595307,-21.533363829244173,LDL Cholesterol
fid_23471,0.09583781836716908,0.01850077485487913,-0.07271408472181186,0.10046655799081962,-0.27417737888371746,Lactate
fid_23466,6.615547203468364,-10.029625586374994,7.405495312840495,1.9417923864841076,0.12225450288173192,Leucine
fid_23449,-0.06338878695892988,0.624413281441878,-0.6609870227367445,0.4829054893544028,0.6626759367093349,Linoleic Acid
fid_23456,0.3670905179395653,-0.08241338408943573,0.22491091387736836,-0.4102997814319856,0.6285606694873588,Linoleic Acid to Total Fatty Acids percentage
fid_23447,-7.383408448403512,2.162761337324445,-13.324532498291914,-21.180174038757073,15.599904290413964,Monounsaturated Fatty Acids
fid_23454,-19.226308354499736,31.58814179906744,3.69883411710169,24.414836778975584,7.646245967470556,Monounsaturated Fatty Acids to Total Fatty Acids percentage
fid_23444,-0.9303537567835216,-2.359658954667094,-2.810641133622088,-1.2489515474186794,1.8433894419689203,Omega-3 Fatty Acids
fid_23451,-1.7356371419269845,7.420711925760366,3.727527063870858,-4.4915250939135305,9.365987850777412,Omega-3 Fatty Acids to Total Fatty Acids percentage
fid_23445,-2.304141033536048,-9.698573544909303,-7.0031195882740125,-3.941368012988767,6.398598723501318,Omega-6 Fatty Acids
fid_23459,-0.00949498382503562,0.00738824551634486,-0.00844855498048323,0.04691458824796647,-0.00601516976620814,Omega-6 Fatty Acids to Omega-3 Fatty Acids ratio
fid_23452,-4.05033774481266,18.964626629366773,7.13736939034472,-9.372840343681585,20.295486632309707,Omega-6 Fatty Acids to Total Fatty Acids percentage
fid_23468,0.02833879317675958,-0.00470465461260281,-0.02391935943057797,-0.0279107535878926,0.08356614230328786,Phenylalanine
fid_23437,-0.21492710287009345,-0.5899325652656308,-0.7838909408798517,-0.07266089083497561,-2.1041130401695316,Phosphatidylcholines
fid_23434,2.2651763111184557,-0.06415696483466939,0.7277547998793417,1.5846578375922862,5.663562682636351,Phosphoglycerides
fid_23483,-2.465856723851839,-0.43380872550095895,-2.843122418708728,3.5544517862098175,2.7061949863400563,Phospholipids in Chylomicrons and Extremely Large VLDL
fid_23414,5.568903619101093,-14.964743312677472,8.875006971336637,5.521056340859728,-86.02251099198294,Phospholipids in HDL
fid_23525,10.995761507248863,0.2210043835030669,15.881227330250232,2.6482031873015823,14.662494435669752,Phospholipids in IDL
fid_23413,7.095835405270189,12.41949939739165,10.388903667556104,-1.3149038135960305,-21.069235524428564,Phospholipids in LDL
fid_23560,-3.861348143119648,-0.19753726841155023,1.1745195294194812,0.7397112532903434,24.98066431983614,Phospholipids in Large HDL
fid_23532,-1.122107719409608,-22.274703359152017,15.15027729986974,11.410874088830017,4.758398472477796,Phospholipids in Large LDL
fid_23497,0.2479498143923124,-2.731016810241439,-0.04081294793353401,-3.6177566884582375,0.837650501249056,Phospholipids in Large VLDL
fid_23567,9.234739829531645,-14.89507446868332,-10.429383495933696,-8.283863478075322,19.742690227120494,Phospholipids in Medium HDL
fid_23539,-1.1658812407081565,-8.492814574902457,-3.047709244231955,7.206848765247949,-3.57938078527721,Phospholipids in Medium LDL
fid_23504,-3.17156299023073,-5.949035488120897,-7.854148028516028,0.7344128724763006,4.341052967073468,Phospholipids in Medium VLDL
fid_23574,-16.702971074924548,-18.624638482954225,15.682839882929928,-28.00953370119134,27.464809749963415,Phospholipids in Small HDL
fid_23546,5.920604347163358,-9.005904963316844,-7.214273636048032,9.067802460141992,-0.9322988750902704,Phospholipids in Small LDL
fid_23511,-2.117996353623562,-1.7524711126882786,-2.2220050650007934,9.46459611874463,-1.3433042141715137,Phospholipids in Small VLDL
fid_23412,7.768247963512704,-11.30361213932208,17.617923493517047,-15.448320921114966,3.845647849011801,Phospholipids in VLDL
fid_23553,-5.19107229819812,-0.00836846971211234,-8.14367380142405,0.1827350531771427,-7.043728419753248,Phospholipids in Very Large HDL
fid_23490,0.24277561301984085,7.149380876351107,0.9468096625367124,-1.1541675536258666,-4.765332768972206,Phospholipids in Very Large VLDL
fid_23518,0.5157767396158125,-4.174060731412847,-4.72648641292181,1.4275913128988589,7.350137074650913,Phospholipids in Very Small VLDL
fid_23579,-2.829536714423534,-2.648323509141309,1.4453173580934204,2.8142114245175422,2.9213177743151193,Phospholipids to Total Lipids in Chylomicrons and Extremely Large VLDL percentage
fid_23609,5.148764697641018,-0.7193246616023327,6.537742017717451,15.92387828948429,-25.265039786177688,Phospholipids to Total Lipids in IDL percentage
fid_23634,-2.395998994757727,11.328608237754018,37.46774940792978,-9.630451540148078,13.746249712300132,Phospholipids to Total Lipids in Large HDL percentage
fid_23614,0.8768855977819147,2.223628287942787,-1.3315926249714518,10.040634791637771,7.897952799764483,Phospholipids to Total Lipids in Large LDL percentage
fid_23589,17.625042665173552,-6.400338513131884,3.897561096594657,4.672534403099725,-6.2458921353815455,Phospholipids to Total Lipids in Large VLDL percentage
fid_23639,-1.4628524831439125,-2.5550488383608827,-16.704784019390196,5.729372776501888,16.470406000498556,Phospholipids to Total Lipids in Medium HDL percentage
fid_23619,-5.011261447624095,3.988160419154593,-15.931168600935964,-4.96947993332301,14.82424844437826,Phospholipids to Total Lipids in Medium LDL percentage
fid_23594,-0.483042009568456,7.067546864101654,-5.504064036414581,6.6253387263303445,3.0955713700127774,Phospholipids to Total Lipids in Medium VLDL percentage
fid_23644,-3.0860274065616373,-3.3938461780238427,-0.1408419661006942,-21.964734581116492,12.242211672883236,Phospholipids to Total Lipids in Small HDL percentage
fid_23624,-9.74218016280408,-5.602798422078208,-20.712291638965883,16.23131400724068,41.37321879841638,Phospholipids to Total Lipids in Small LDL percentage
fid_23599,5.245094332379872,-5.906440282302068,-0.8563388064558184,-3.5358985404865444,-0.8811135548737092,Phospholipids to Total Lipids in Small VLDL percentage
fid_23629,-14.68820351446628,4.47374083243098,10.732423923075734,15.723677796784996,30.481451479778183,Phospholipids to Total Lipids in Very Large HDL percentage
fid_23584,3.382040062811688,0.3439950699257549,3.791503053460314,4.881347045892104,1.6427192308638765,Phospholipids to Total Lipids in Very Large VLDL percentage
fid_23604,-7.223798425974052,1.8222396476547584,0.3505494690038154,-0.5345067273691262,2.646209602741752,Phospholipids to Total Lipids in Very Small VLDL percentage
fid_23446,-4.510816904297686,12.016765040030664,-4.834061391517645,-17.94686035271044,7.829581667720026,Polyunsaturated Fatty Acids
fid_23458,0.32739193124361826,-0.07287422620812484,-0.20626671864496765,0.12000440454202456,0.00103484315385347,Polyunsaturated Fatty Acids to Monounsaturated Fatty Acids ratio
fid_23453,-24.334531227855894,24.85839266508507,-1.5007836939680228,44.658497027349334,-11.212203850067366,Polyunsaturated Fatty Acids to Total Fatty Acids percentage
fid_23472,-0.0271284049518837,0.00267187054297481,-0.00705131880318136,0.01751507574623695,0.04259704321164225,Pyruvate
fid_23402,-15.717066431514649,-7.486060447541264,38.04726423630098,-0.3013009229657943,5.618317601822975,"Remnant Cholesterol (Non-HDL, Non-LDL -Cholesterol)"
fid_23448,-8.238395493565614,2.5612560682986674,-15.720688480199971,-25.127812170515114,18.348281389802032,Saturated Fatty Acids
fid_23455,-14.7311774114753,23.56138923250054,3.026307831545647,18.378652869314426,5.719877738146286,Saturated Fatty Acids to Total Fatty Acids percentage
fid_23438,0.24754996372179708,0.15095148207694598,-0.3073005361770259,-0.17722163784705003,0.36014834579875904,Sphingomyelins
fid_23400,21.573483625219087,-6.591698219418144,-30.28055309786819,1.4127681224993212,17.617117633709537,Total Cholesterol
fid_23401,11.091778347825793,24.15163385866462,3.6212832160625648,5.1439915006433985,-18.346924207472192,Total Cholesterol Minus HDL-C
fid_23436,-2.4517112313070015,0.6376580933378942,0.25506191449914506,-2.0251011043542024,-3.685100787002248,Total Cholines
fid_23464,-20.188111239630015,30.30417471481636,-22.72375157127035,-5.752923510963888,-0.8948909854669722,Total Concentration of Branched-Chain Amino Acids (Leucine + Isoleucine + Valine)
fid_23427,-54.08257775291409,34.92656032575764,-23.8751641027249,3.1867827130902477,15.36230737883324,Total Concentration of Lipoprotein Particles
fid_23415,-21.187556112256985,1.524655621580677,41.43489547092637,-12.183822234826232,58.05461616991797,Total Esterified Cholesterol
fid_23442,21.735085692040883,-5.282714793436932,38.87031497734808,64.35653627165287,-46.45945766243751,Total Fatty Acids
fid_23419,-9.222421283671157,1.084692685139884,17.491275927786145,-5.304548485230423,23.54593571471401,Total Free Cholesterol
fid_23482,4.695593048888208,-2.1225327464632953,5.87756437663254,9.096291844440296,-2.4424765820462877,Total Lipids in Chylomicrons and Extremely Large VLDL
fid_23426,-18.236731242352985,-32.36377451324504,10.359976684605693,54.509662018831925,45.34368297400425,Total Lipids in HDL
fid_23524,-46.95811081758739,-33.590956656514464,-58.54652835774889,2.153944885333829,-66.44865751931766,Total Lipids in IDL
fid_23425,-22.472899093479004,3.268407862793869,-41.92815103278581,3.754255548373373,-66.34107484370273,Total Lipids in LDL
fid_23559,5.501833094625931,13.46115650308052,2.4128827921833547,-7.147533294085173,6.5684179782165675,Total Lipids in Large HDL
fid_23531,-2.1522546204749036,35.95113693065866,-46.9133144510934,-20.208597850742912,36.16682770517753,Total Lipids in Large LDL
fid_23496,-1.1876468578759685,-12.35737717755036,1.4376191211671985,15.53909807169873,-7.894155092926532,Total Lipids in Large VLDL
fid_23423,23.47487011682345,4.14253365370961,-3.0064667250238437,30.21134926903283,-46.92732479311092,Total Lipids in Lipoprotein Particles
fid_23566,-23.135983685180072,27.932839973164945,21.521817208871127,4.514854116137829,-19.845420133897395,Total Lipids in Medium HDL
fid_23538,6.697607784543557,7.428179101915366,15.61423339514549,-19.45106739211927,44.055453133436714,Total Lipids in Medium LDL
fid_23503,2.464697047140061,4.252205998976716,2.674020039304185,24.594441496214476,-29.103923177023457,Total Lipids in Medium VLDL
fid_23573,28.80682508421321,37.63143441530033,-30.75125123416085,42.5004136566779,-16.878832906887077,Total Lipids in Small HDL
fid_23545,-23.262830908135417,12.685329453625393,23.30283853523314,-23.173303415371585,7.897384804802932,Total Lipids in Small LDL
fid_23510,2.107672956291688,-0.4357795190986623,3.429223235381264,-14.9786020881962,-5.270200247644818,Total Lipids in Small VLDL
fid_23424,8.996018743241422,10.635866177053629,3.4312214942868344,16.37913016348822,-12.28632567100352,Total Lipids in VLDL
fid_23552,8.127350126961627,-5.709401444944054,12.707481691884968,-11.567080236813478,17.343894394807773,Total Lipids in Very Large HDL
fid_23489,-8.773927249184538,-16.512056989720097,-6.942240599943658,22.95546972128628,-7.333912490369801,Total Lipids in Very Large VLDL
fid_23517,-7.613907189257824,-1.0866251898372232,11.42623148490592,0.35868520728876246,-33.551645563769505,Total Lipids in Very Small VLDL
fid_23411,-2.845094981402952,47.59485138987574,-13.981694568756897,-34.9883717450198,35.4702793355356,Total Phospholipids in Lipoprotein Particles
fid_23407,-5.499546823799172,-8.483136575141323,-32.81892296257584,21.407710275053276,51.84242405042739,Total Triglycerides
fid_23487,-1.4569643164126318,-3.046951131282345,5.035568822216606,-11.382696906935978,0.9395884909569364,Triglycerides in Chylomicrons and Extremely Large VLDL
fid_23410,7.6198885628378354,2.450098715492364,3.255637318624391,24.84007441793392,13.61723235968101,Triglycerides in HDL
fid_23529,3.5812307290112955,3.913254365728868,9.146295485886624,-1.2489786775602474,2.435284120965777,Triglycerides in IDL
fid_23409,-17.951314279465187,-2.5920026060904573,21.148619314853978,16.44837870082167,-26.269781149483393,Triglycerides in LDL
fid_23564,-1.2070380710558517,0.7981924059273294,0.22006604719902836,-6.577178629304904,-6.863390755373806,Triglycerides in Large HDL
fid_23536,12.221773240983252,-0.31225312624104756,-8.127705674213736,-11.545455814784209,18.005691111634352,Triglycerides in Large LDL
fid_23501,2.46167727170593,3.248299859304312,6.714492586158081,-12.03270675026635,2.6479625352428444,Triglycerides in Large VLDL
fid_23571,-1.896831974464601,-0.8613442585585821,0.6746536057396136,-12.126283536340036,-4.880721323325498,Triglycerides in Medium HDL
fid_23543,6.131591742850703,-1.9618721144174316,-6.549429062202718,-4.428936142437894,2.8339334074708513,Triglycerides in Medium LDL
fid_23508,-0.4676391879590827,-5.752034533477456,5.978518496142318,-17.329557773370357,15.98091262248929,Triglycerides in Medium VLDL
fid_23578,-3.914791606551663,-6.408411502753428,-2.290385715469286,-18.291444445628972,-6.043045306365608,Triglycerides in Small HDL
fid_23550,2.127944640058002,0.8325351668626693,0.5077058331330109,-0.27941211530703347,6.3164863468314305,Triglycerides in Small LDL
fid_23515,0.38724277740444474,-2.3401824630077592,3.8022265164977247,3.469754173819885,1.4978153497420068,Triglycerides in Small VLDL
fid_23408,-11.662111633035664,16.85129342752143,-5.95324484194278,-15.753939118253369,-13.487253561323984,Triglycerides in VLDL
fid_23557,-1.4403187927654373,-0.2418030800994802,-1.812582832038821,-3.769090898281363,-2.1892381117474504,Triglycerides in Very Large HDL
fid_23494,5.303443482626278,7.704853682579772,9.789214121164658,-16.98567021428365,3.500380555482137,Triglycerides in Very Large VLDL
fid_23522,2.207865922049811,-0.8473355008605065,-2.179051519997054,-0.31742253008580046,5.811143646817384,Triglycerides in Very Small VLDL
fid_23435,-0.26873984060618455,-0.20629817321770183,-0.21724044212975271,0.35118061608793766,-0.3798426475668037,Triglycerides to Phosphoglycerides ratio
fid_23583,-9.00934818171636,-8.493497706772628,4.573675902240557,9.072703194354624,9.482354920764088,Triglycerides to Total Lipids in Chylomicrons and Extremely Large VLDL percentage
fid_23613,13.322480486008876,-2.6236755934404545,16.289365537111546,41.17423932368363,-64.72145142750225,Triglycerides to Total Lipids in IDL percentage
fid_23638,-2.476125470270983,11.467757617011934,37.781792465395945,-9.781203730550668,13.99167033269136,Triglycerides to Total Lipids in Large HDL percentage
fid_23618,1.881379967357934,4.759296237160832,-1.7052846067841156,23.0034667058668,15.125185024221777,Triglycerides to Total Lipids in Large LDL percentage
fid_23593,30.26750350701285,-11.280666461202578,6.372439752893272,7.991617206005344,-10.421879913205942,Triglycerides to Total Lipids in Large VLDL percentage
fid_23643,-2.9225766107531292,-3.939183091745596,-24.667941601692917,8.504813552549601,21.41200726473436,Triglycerides to Total Lipids in Medium HDL percentage
fid_23623,-9.132441935892558,7.580616392617574,-29.722360460565945,-8.964409409131925,27.602019473691957,Triglycerides to Total Lipids in Medium LDL percentage
fid_23598,-2.3080337122891015,33.30948078545175,-24.1743116870324,29.198123929318097,14.922752925832103,Triglycerides to Total Lipids in Medium VLDL percentage
fid_23648,-2.470901968074631,-2.7586708001071285,0.6511728621263064,-22.21789523599342,14.095128996452006,Triglycerides to Total Lipids in Small HDL percentage
fid_23628,-9.252205441039909,-5.110607037451102,-20.220627930580676,15.997421582949608,39.38471645496476,Triglycerides to Total Lipids in Small LDL percentage
fid_23603,15.015146217895529,-20.741885703821307,-3.5140621432184695,-9.04877860218456,-2.5773807539998126,Triglycerides to Total Lipids in Small VLDL percentage
fid_23633,-7.726143369780192,2.3947822105315018,5.612552554636178,8.280894564220777,15.86331382501336,Triglycerides to Total Lipids in Very Large HDL percentage
fid_23588,10.533031758285247,1.1720233192134897,11.9268270716119,15.247725551430308,4.415501074628546,Triglycerides to Total Lipids in Very Large VLDL percentage
fid_23608,-33.2393793840453,8.41947237364464,1.6170509621876838,-2.2146800885111837,12.068314513206092,Triglycerides to Total Lipids in Very Small VLDL percentage
fid_23469,-0.00278854419896474,0.02061821925877673,0.00682111817436582,-0.01176620061976524,0.1292117222531445,Tyrosine
fid_23403,17.44423915240733,-5.746957509030108,-18.25501687050436,44.84389506886613,1.0572715212881203,VLDL Cholesterol
fid_23467,10.056360647961432,-15.076183477296638,11.448960005567148,2.74329177444215,0.4287536025240023,Valine
