id,label,type,degree,strength,module_louvain,module_walktrap
LDLR,LDLR,protein,184,84.16997989565036,1,3
PLA2G7,PLA2G7,protein,113,51.82122079496819,1,3
SERPIND1,SERPIND1,protein,25,7.788987298455414,2,3
PLTP,PLTP,protein,63,25.356000448888466,3,3
CFI,CFI,protein,44,14.30451752503462,3,3
APCS,APCS,protein,83,25.04032691856201,1,3
RARRES2,RARRES2,protein,93,31.57647668847914,4,3
APOA1,APOA1,protein,56,20.700080182376727,3,3
OLR1,OLR1,protein,2,0.8420790457350603,5,2
MFGE8,MFGE8,protein,116,44.6110423204365,4,3
IGSF9,IGSF9,protein,120,43.33063292948073,4,3
FGFBP1,FGFBP1,protein,100,39.457636271058654,1,3
TNFSF14,TNFSF14,protein,8,2.1241756762990827,6,3
APOM,APOM,protein,103,36.38433340821965,1,3
ORM1,ORM1,protein,25,5.58202906983518,3,3
PRAP1,PRAP1,protein,118,42.66118016147555,4,3
MXRA8,MXRA8,protein,65,22.915834331289116,3,3
CFB,CFB,protein,22,5.459653421882388,3,3
MAMDC4,MAMDC4,protein,44,13.932985221556978,4,3
CES1,CES1,protein,102,35.12097555665145,4,3
APOC1,APOC1,protein,94,30.11617945554562,1,3
F9,F9,protein,26,8.538009021240962,3,3
NPY,NPY,protein,119,41.503545143970776,1,3
IGFBP6,IGFBP6,protein,1,0.45998067128376513,6,1
ADIPOQ,ADIPOQ,protein,87,28.806787802392314,3,3
FURIN,FURIN,protein,104,35.51797779448148,4,3
PON3,PON3,protein,88,29.106158935593875,4,3
ASGR1,ASGR1,protein,79,25.72784325815568,4,3
AGRP,AGRP,protein,104,37.62684725954536,1,3
CST3,CST3,protein,25,6.714882209891269,6,3
MMP8,MMP8,protein,2,0.7412465465261062,5,2
MMP9,MMP9,protein,2,0.7193406132685807,5,2
CCN1,CCN1,protein,102,35.50371999118017,1,3
TGFA,TGFA,protein,18,4.282033574235021,6,3
RELT,RELT,protein,21,4.957488764778441,6,3
FAM20A,FAM20A,protein,26,7.996157299374431,2,3
NPDC1,NPDC1,protein,5,1.353062959228305,6,3
ST6GAL1,ST6GAL1,protein,15,3.5004812916264596,2,3
OSM,OSM,protein,6,1.596835851283818,6,3
CD40LG,CD40LG,protein,2,0.6728710288632969,5,2
GP5,GP5,protein,2,0.6638028587856084,5,2
IGFBP4,IGFBP4,protein,25,6.56625470499704,4,3
CPM,CPM,protein,69,22.582160941123863,4,3
GHR,GHR,protein,108,35.454462760856934,1,3
SSC4D,SSC4D,protein,41,13.659697735083274,3,3
HSPG2,HSPG2,protein,5,1.255829386307298,6,3
LCAT,LCAT,protein,104,33.463058498649865,1,3
CD38,CD38,protein,25,6.748104213762003,6,3
SIT1,SIT1,protein,37,12.261424506577482,3,3
COL6A3,COL6A3,protein,25,6.04904554670807,6,3
ACY1,ACY1,protein,57,18.029949247957457,4,3
SCARB2,SCARB2,protein,25,5.777471108203914,6,3
TNFRSF19,TNFRSF19,protein,1,0.4108243516457072,6,1
HBEGF,HBEGF,protein,16,3.5753597505252834,2,3
COLEC12,COLEC12,protein,25,5.777505472073839,3,3
FGA,FGA,protein,1,0.4067695668927817,5,3
TAFA5,TAFA5,protein,1,0.40542097417713424,6,1
IL1RN,IL1RN,protein,57,18.359696310625825,3,3
PRSS8,PRSS8,protein,45,14.336738829293074,4,3
SMOC1,SMOC1,protein,53,16.763208653129638,1,3
IL1B,IL1B,protein,2,0.678812536201838,5,2
GCG,GCG,protein,66,22.215454249533657,4,3
HHEX,HHEX,protein,76,24.972254807393483,1,3
SERPINF1,SERPINF1,protein,36,11.755503577371927,3,3
PAMR1,PAMR1,protein,38,10.454786568873278,1,3
HGF,HGF,protein,32,9.789313711994101,6,3
F7,F7,protein,92,27.393168443045063,1,3
LGALS9,LGALS9,protein,27,8.109823923975103,3,3
GUSB,GUSB,protein,29,9.56555907194499,2,3
LEP,LEP,protein,45,14.495050257518297,4,3
PIK3IP1,PIK3IP1,protein,2,0.5951639457659523,6,1
TTR,TTR,protein,55,14.5869716384939,1,3
TFPI,TFPI,protein,73,24.947384745787755,1,3
RBP5,RBP5,protein,31,10.027628746480707,2,3
RNASE4,RNASE4,protein,25,6.417235248247699,2,3
FGF21,FGF21,protein,29,8.931727049796311,2,3
PAG1,PAG1,protein,33,10.711511324778977,3,3
IGFBP1,IGFBP1,protein,56,16.920830651606956,4,3
FABP4,FABP4,protein,29,9.146456667077041,3,3
EFNA4,EFNA4,protein,25,5.793568424019609,6,3
COL18A1,COL18A1,protein,25,6.79959208761011,6,3
INHBC,INHBC,protein,45,14.54690395795384,3,3
ADH4,ADH4,protein,52,17.221117637244497,2,3
NHLRC3,NHLRC3,protein,26,7.784595347647706,2,3
TNFRSF1A,TNFRSF1A,protein,27,6.786072111129845,3,3
ERBB3,ERBB3,protein,71,19.016855634887285,1,3
TGFBR2,TGFBR2,protein,8,1.917183833580061,6,3
RTN4R,RTN4R,protein,34,10.873058448503954,3,3
PROC,PROC,protein,89,26.584272384877654,1,3
CD4,CD4,protein,33,10.69528305354367,2,3
LPL,LPL,protein,47,15.49362947971257,2,3
AMBP,AMBP,protein,25,6.988286292163209,6,3
NBL1,NBL1,protein,1,0.3745469968206054,6,1
BID,BID,protein,6,1.477742764039017,5,3
EREG,EREG,protein,2,0.5964476360615406,5,2
CD84,CD84,protein,1,0.37334884757381936,5,2
SDC4,SDC4,protein,1,0.3731444435771714,5,2
BGN,BGN,protein,1,0.3719274352944618,5,2
GPR37,GPR37,protein,38,11.346570798494854,4,3
KITLG,KITLG,protein,31,8.714175354794401,4,3
GOLM2,GOLM2,protein,25,6.152997759089313,3,3
IGFBP2,IGFBP2,protein,33,10.236870288820645,3,3
PDGFB,PDGFB,protein,5,1.1959430741530654,5,3
GFRA1,GFRA1,protein,25,5.989709639110091,6,3
JAM2,JAM2,protein,1,0.3714398642846061,6,1
UPB1,UPB1,protein,34,10.830673281419758,4,3
RGMB,RGMB,protein,1,0.37078849963190047,6,1
SSC5D,SSC5D,protein,65,19.607502976320628,1,3
IL18R1,IL18R1,protein,26,7.398277494903381,6,3
MEGF9,MEGF9,protein,29,8.353708085933722,2,3
MAD1L1,MAD1L1,protein,30,9.279026316481069,6,3
MENT,MENT,protein,31,9.451708828543062,3,3
ADM,ADM,protein,26,6.9372133042133335,6,3
EGF,EGF,protein,1,0.3614255938467114,5,2
SERPINE1,SERPINE1,protein,21,4.751542319957422,2,3
XG,XG,protein,1,0.36410648557268505,6,1
OGN,OGN,protein,1,0.3636823624851277,6,1
ANGPT1,ANGPT1,protein,1,0.35629901370311695,5,2
ADAMTS15,ADAMTS15,protein,26,7.712298797903095,2,3
RBP7,RBP7,protein,2,0.6205022289310669,5,2
SLC39A5,SLC39A5,protein,35,10.834739974510466,2,3
CLMP,CLMP,protein,5,1.2258306706141304,6,3
PTH,PTH,protein,54,17.36895925782726,2,3
CD99L2,CD99L2,protein,30,8.420484952238153,1,3
OXT,OXT,protein,36,9.954524434934996,4,3
IL6,IL6,protein,8,1.9319265644930497,6,3
DPY30,DPY30,protein,25,6.866242661658943,6,3
P4HB,P4HB,protein,25,6.877043755254317,2,3
AFM,AFM,protein,37,11.354238349363287,2,3
ITGA6,ITGA6,protein,1,0.351630920674813,5,2
CKB,CKB,protein,32,9.742074135237477,3,3
CCL27,CCL27,protein,45,13.201910009219404,2,3
TNFRSF12A,TNFRSF12A,protein,25,6.489803965657302,4,3
DAG1,DAG1,protein,11,2.486862547013089,2,3
GSTA1,GSTA1,protein,27,8.457185199570175,2,3
SEMA3F,SEMA3F,protein,26,7.530469352410214,6,3
FSTL3,FSTL3,protein,25,5.907035020048023,6,3
CDHR2,CDHR2,protein,27,8.162378756515308,2,3
PDGFA,PDGFA,protein,1,0.3457296668091162,5,2
PLAT,PLAT,protein,28,8.938419825623203,2,3
TMSB10,TMSB10,protein,4,1.0558937203133907,6,3
VWA1,VWA1,protein,25,6.926361572604343,4,3
APP,APP,protein,1,0.3461234595071182,5,2
A1BG,A1BG,protein,5,1.1860376982193017,6,3
EFNA1,EFNA1,protein,6,1.492759470382988,6,3
STAB2,STAB2,protein,25,6.959247232063679,2,3
NOMO1,NOMO1,protein,25,7.20117322513253,2,3
LAMP2,LAMP2,protein,34,9.96955962492763,2,3
FTCD,FTCD,protein,26,8.19973583543995,2,3
APOF,APOF,protein,44,11.434227797923898,3,3
TMPRSS15,TMPRSS15,protein,44,12.654597274375917,4,3
ITIH4,ITIH4,protein,1,0.3484949748710414,5,3
LAYN,LAYN,protein,1,0.35009946493636585,6,1
ACVRL1,ACVRL1,protein,4,0.985616357176605,6,3
PLA2G10,PLA2G10,protein,62,16.978416933659513,1,3
CFHR5,CFHR5,protein,1,0.3507494818934874,5,3
SERPING1,SERPING1,protein,1,0.3476766601433378,5,3
SEMA4D,SEMA4D,protein,2,0.5671459547859928,5,2
ACE2,ACE2,protein,28,8.01893932355957,4,3
PPY,PPY,protein,25,5.817360170016727,4,3
PYY,PYY,protein,36,10.080076390559562,4,3
SCARF1,SCARF1,protein,2,0.6014682164818699,5,2
SKAP1,SKAP1,protein,25,7.14639778770468,3,3
LY6D,LY6D,protein,1,0.3470016256688759,6,1
VEGFC,VEGFC,protein,6,1.3686668125488084,2,3
APOA2,APOA2,protein,26,5.919278621178817,3,3
CDNF,CDNF,protein,1,0.34395232595209313,6,1
LILRA5,LILRA5,protein,1,0.3372491649400343,5,3
TREML1,TREML1,protein,1,0.34324204588991225,5,2
HS6ST1,HS6ST1,protein,31,8.661020346338127,2,3
FAM3C,FAM3C,protein,7,1.7037506504117874,6,3
FCAMR,FCAMR,protein,28,8.534555018213695,3,3
VMO1,VMO1,protein,32,9.167572012599818,2,3
DKK1,DKK1,protein,17,3.748907178900578,2,3
BDNF,BDNF,protein,1,0.34052775145957076,5,2
SMOC2,SMOC2,protein,2,0.5491864047633027,6,1
SELP,SELP,protein,11,2.498339773572384,2,3
CD300LG,CD300LG,protein,27,7.987051098196687,3,3
CLUL1,CLUL1,protein,28,8.11835679400947,3,3
AGRN,AGRN,protein,25,6.888955666539766,6,3
CFP,CFP,protein,59,16.265307753346796,1,3
CRIP2,CRIP2,protein,26,7.756480795831086,6,3
F10,F10,protein,35,9.20126886014717,1,3
SHBG,SHBG,protein,28,8.552998150307593,3,3
CCN2,CCN2,protein,3,0.7414148537155455,2,3
GSTA3,GSTA3,protein,25,7.8593495563291516,2,3
CCL23,CCL23,protein,34,9.995757996213609,2,3
GGT1,GGT1,protein,25,6.863036016199077,2,3
CNTN3,CNTN3,protein,26,7.934432318953131,2,3
CREG1,CREG1,protein,25,6.562153831830883,2,3
CD63,CD63,protein,11,2.468272440233306,2,3
ANGPTL4,ANGPTL4,protein,5,1.395379296299388,4,1
BAIAP2,BAIAP2,protein,25,7.154652258161649,6,3
FGFR2,FGFR2,protein,25,7.084517832661665,2,3
BTN2A1,BTN2A1,protein,1,0.3343985997435415,6,1
PTGDS,PTGDS,protein,15,3.2548608987970598,3,3
HSPB6,HSPB6,protein,1,0.33224012924228147,6,1
PRCP,PRCP,protein,26,7.621616861830991,6,3
MVK,MVK,protein,28,7.837552721072862,4,3
CA14,CA14,protein,31,8.296905437461485,4,3
CD302,CD302,protein,6,1.4897332520325093,6,3
CCL22,CCL22,protein,25,6.060938883867693,2,3
SERPINA5,SERPINA5,protein,62,17.0475909191226,1,3
NPPC,NPPC,protein,25,5.526398686600327,2,3
IL16,IL16,protein,25,7.387847608922817,2,3
EPHA1,EPHA1,protein,28,8.187660994947676,3,3
SERPINE2,SERPINE2,protein,1,0.33078577717899416,5,2
GPD1,GPD1,protein,25,7.465972144659469,2,3
NECTIN4,NECTIN4,protein,1,0.32980059958608965,6,1
NTRK3,NTRK3,protein,31,8.648774796142645,3,3
CRELD1,CRELD1,protein,25,6.856259325082094,6,3
KRT18,KRT18,protein,25,7.251505485493059,6,3
SUSD1,SUSD1,protein,2,0.5268752247991945,5,2
CLEC4A,CLEC4A,protein,26,7.4304424792865795,3,3
BCHE,BCHE,protein,46,12.97962463555483,1,3
IGSF8,IGSF8,protein,25,6.90903495219286,2,3
GLA,GLA,protein,25,7.341174938196729,2,3
SERPINA3,SERPINA3,protein,1,0.32718566770463575,5,3
PCSK9,PCSK9,protein,25,6.385718499311898,2,3
PROS1,PROS1,protein,60,14.96720712432519,1,3
CKAP4,CKAP4,protein,2,0.534362350043142,6,1
CPB2,CPB2,protein,35,7.955490293488977,1,3
NOS3,NOS3,protein,27,7.628913185934042,6,3
C2,C2,protein,1,0.319168837218741,5,3
SCLY,SCLY,protein,25,6.982052180237642,2,3
C1RL,C1RL,protein,18,4.090992688123035,3,3
C9,C9,protein,31,8.383293194017153,2,3
GGH,GGH,protein,26,6.514774525738222,3,3
ADAMTSL2,ADAMTSL2,protein,26,7.235890645108601,4,3
RAB6A,RAB6A,protein,42,10.904508579390733,1,3
SMAD1,SMAD1,protein,27,7.881041149339619,2,3
IGSF3,IGSF3,protein,27,7.122531816503608,6,3
CCL16,CCL16,protein,25,6.914765346634598,6,3
KYNU,KYNU,protein,25,7.084014959833061,2,3
SORT1,SORT1,protein,25,6.4867409753477014,2,3
MME,MME,protein,25,6.869513271046457,2,3
EDA2R,EDA2R,protein,1,0.3197634279916089,6,1
LGALS4,LGALS4,protein,32,8.090996086985328,4,3
CRHBP,CRHBP,protein,25,6.296825067438755,6,3
TNFRSF10A,TNFRSF10A,protein,28,7.425684328790661,4,3
SCG2,SCG2,protein,3,0.7258974984192574,4,1
PCBD1,PCBD1,protein,25,7.352305067448751,2,3
AIFM1,AIFM1,protein,25,5.582993643547315,6,3
LGALS1,LGALS1,protein,25,6.0185229552502,3,3
PPBP,PPBP,protein,1,0.32007387349922733,5,2
ANXA3,ANXA3,protein,2,0.5166646853303044,5,2
TNFRSF11A,TNFRSF11A,protein,25,5.950605953758579,3,3
CPXM1,CPXM1,protein,1,0.31163071779807616,5,2
FABP5,FABP5,protein,9,2.116234510305912,6,3
GYS1,GYS1,protein,2,0.5167468946840388,5,2
CDHR5,CDHR5,protein,26,7.026089779695994,3,3
GZMB,GZMB,protein,1,0.31180485785752743,5,2
HSD11B1,HSD11B1,protein,31,8.400667259627017,3,3
DEFB4A_DEFB4B,DEFB4A_DEFB4B,protein,26,7.6599462831582725,2,3
SIAE,SIAE,protein,14,3.153106868240656,2,3
TRIAP1,TRIAP1,protein,2,0.5650497453423762,5,2
ITGA5,ITGA5,protein,25,6.242735495462428,2,3
VWC2,VWC2,protein,3,0.7327478555624978,6,1
ART3,ART3,protein,1,0.3153019467678864,6,1
SUMF2,SUMF2,protein,25,6.691728409768268,2,3
CANT1,CANT1,protein,25,6.341371777621969,2,3
PF4,PF4,protein,1,0.31516318776434965,5,2
NAGPA,NAGPA,protein,28,7.579389405599112,2,3
NID2,NID2,protein,1,0.3075593336380346,5,2
RSPO3,RSPO3,protein,1,0.3125947990174235,6,1
PLG,PLG,protein,10,2.4958166903124095,1,3
LAT,LAT,protein,4,0.9649423531018506,5,3
CDH2,CDH2,protein,25,6.61465742369144,6,3
ERBB2,ERBB2,protein,25,7.177467005595283,2,3
GDF15,GDF15,protein,26,6.442484364240304,4,3
CLEC1B,CLEC1B,protein,12,2.6838375528458838,2,3
HCLS1,HCLS1,protein,2,0.5279651052429007,5,2
TNFRSF14,TNFRSF14,protein,25,5.7472609837551385,6,3
BPIFB2,BPIFB2,protein,25,6.1509933882855075,3,3
C1S,C1S,protein,12,2.5792801388845294,1,3
LILRB4,LILRB4,protein,25,6.098899361094702,6,3
NUCB2,NUCB2,protein,24,5.303608104622816,2,3
CHMP6,CHMP6,protein,27,7.264353798187293,2,3
VSIG4,VSIG4,protein,25,5.572384110056061,3,3
IFI30,IFI30,protein,25,6.120996322816426,6,3
TGFB1,TGFB1,protein,25,5.934431058867374,2,3
NPC2,NPC2,protein,25,6.346068370509811,6,3
CDKN1A,CDKN1A,protein,25,6.863711241291683,2,3
GP6,GP6,protein,2,0.5080885235511711,5,2
F2R,F2R,protein,2,0.5300206830444858,5,2
EPHB4,EPHB4,protein,1,0.3035275020861547,6,1
DPT,DPT,protein,4,0.910800816386479,3,1
MFAP5,MFAP5,protein,18,3.9487607499278496,6,3
THY1,THY1,protein,5,1.1265100644939328,3,3
CTSO,CTSO,protein,25,6.145618194945174,6,3
RIDA,RIDA,protein,25,7.12952788883606,2,3
CD5,CD5,protein,26,6.725946721280562,3,3
ANGPTL2,ANGPTL2,protein,25,6.68529933842615,2,3
ADH1B,ADH1B,protein,25,7.384256316169519,2,3
CD226,CD226,protein,1,0.3055506288047609,5,2
LTBR,LTBR,protein,3,0.7286726023211565,6,1
TNFSF10,TNFSF10,protein,40,9.514821990050972,1,3
CD72,CD72,protein,28,7.366272916446043,3,3
SCARA5,SCARA5,protein,1,0.2996020595185136,6,1
PLA2G15,PLA2G15,protein,18,4.074734842528827,6,3
SPARC,SPARC,protein,1,0.29343383060344314,5,2
KLKB1,KLKB1,protein,58,14.278855779935064,1,3
HPSE,HPSE,protein,4,0.985970418699428,5,3
CLEC4D,CLEC4D,protein,7,1.663218421354117,6,3
LRP11,LRP11,protein,3,0.7240869881919492,6,1
KHK,KHK,protein,25,6.912201887440498,2,3
SELE,SELE,protein,25,6.239589315351484,6,3
CD300E,CD300E,protein,10,2.2772961631288675,6,3
CHI3L1,CHI3L1,protein,25,6.074549776816584,4,3
FGFBP2,FGFBP2,protein,28,7.031698884945516,3,3
GUCA2A,GUCA2A,protein,1,0.2994003716632591,6,1
CLEC14A,CLEC14A,protein,1,0.29860209795916426,6,1
HJV,HJV,protein,25,6.433193193503406,2,3
F11R,F11R,protein,25,5.861438731178998,2,3
MRC1,MRC1,protein,4,0.9244307104829325,3,1
LAIR1,LAIR1,protein,12,2.582022938185525,3,3
DLL1,DLL1,protein,2,0.5091020563438389,6,1
STX7,STX7,protein,1,0.3012789114709962,5,2
TIMP3,TIMP3,protein,9,1.9740678157370406,6,3
PALM2,PALM2,protein,25,6.175609158876972,6,3
MB,MB,protein,1,0.29535937104489,6,1
CCL7,CCL7,protein,5,1.1082580871196697,6,3
BSG,BSG,protein,2,0.4974583202393513,6,1
APLP1,APLP1,protein,5,1.1738422240311743,6,3
DBI,DBI,protein,2,0.5295292704167596,5,2
FETUB,FETUB,protein,25,5.4354658186516245,6,3
SORCS2,SORCS2,protein,1,0.29750663875561306,6,1
DNAJB1,DNAJB1,protein,25,6.723709327147394,2,3
EGLN1,EGLN1,protein,25,6.206630084958353,6,3
IL10RB,IL10RB,protein,25,5.86965500707671,6,3
HLA_E,HLA_E,protein,2,0.5054287909162377,6,1
TCTN3,TCTN3,protein,25,6.440890108242838,2,3
USP8,USP8,protein,2,0.5041038201277283,5,2
NRP1,NRP1,protein,26,6.482697190124126,2,3
AGR3,AGR3,protein,25,6.727838882169333,2,3
IFNGR1,IFNGR1,protein,1,0.2930848610710807,6,1
DSG2,DSG2,protein,25,6.820224309519481,2,3
LEPR,LEPR,protein,27,7.0414337660865005,3,3
SPINK1,SPINK1,protein,1,0.29268936724562905,6,1
EPHB6,EPHB6,protein,1,0.2938929869349313,6,1
ERP44,ERP44,protein,25,6.594904685218254,2,3
SERPINA4,SERPINA4,protein,26,6.71214678439189,2,3
TOMM20,TOMM20,protein,10,2.219146397113611,6,3
ERMAP,ERMAP,protein,3,0.7005249030020808,6,2
ADGRD1,ADGRD1,protein,25,6.145073942390673,2,3
S100A11,S100A11,protein,2,0.487611268386353,5,2
EFCAB14,EFCAB14,protein,25,6.292658798494443,2,3
NOTCH3,NOTCH3,protein,25,6.310618888582146,3,3
SNAP29,SNAP29,protein,25,5.59170722948781,2,3
VEGFA,VEGFA,protein,13,2.9397217523098944,6,3
BPIFB1,BPIFB1,protein,25,6.360225101347522,3,3
LATS1,LATS1,protein,25,6.38005187633371,2,3
MZB1,MZB1,protein,3,0.747326736523843,3,1
TIMP1,TIMP1,protein,14,3.1855792386024127,6,3
VSIR,VSIR,protein,4,0.9438015721577184,5,3
ITGAV,ITGAV,protein,32,7.653730856957674,3,3
STC1,STC1,protein,25,6.063458180192053,6,3
PGF,PGF,protein,25,6.302053793628141,6,3
FUOM,FUOM,protein,25,6.588756734827028,6,3
TNFRSF6B,TNFRSF6B,protein,25,5.824697828407294,4,3
CD40,CD40,protein,5,1.1665909668907286,6,3
ARSB,ARSB,protein,3,0.7195975031657638,5,3
MPI,MPI,protein,2,0.5049287408649215,5,2
LBR,LBR,protein,13,2.8599060096515,6,3
VPS37A,VPS37A,protein,25,6.487857891598655,2,3
SORD,SORD,protein,25,6.323945227080449,2,3
MCEMP1,MCEMP1,protein,1,0.28945974856727813,5,2
FIS1,FIS1,protein,12,2.7087521972036113,1,3
CTSF,CTSF,protein,20,4.724611016858225,3,3
IL32,IL32,protein,26,6.618516527826794,3,3
RET,RET,protein,25,6.119482731084404,2,3
LSP1,LSP1,protein,25,5.992038627988158,6,3
FLI1,FLI1,protein,25,6.169292451824334,2,3
TNFRSF10B,TNFRSF10B,protein,22,5.008962163606332,4,3
SERPINA6,SERPINA6,protein,25,6.3804188648079325,3,3
OCLN,OCLN,protein,25,5.794828591114858,4,3
CHRDL1,CHRDL1,protein,1,0.28275794324569675,6,1
DTX3,DTX3,protein,1,0.28213506514232284,6,1
PTS,PTS,protein,25,6.550566438741396,6,3
GIP,GIP,protein,20,4.652922214120011,4,3
CSF1,CSF1,protein,25,5.640607873370549,4,3
TNFAIP8L2,TNFAIP8L2,protein,2,0.5154642375130902,5,2
PSRC1,PSRC1,protein,25,6.5014600458175,2,3
CASP1,CASP1,protein,1,0.2769967229711685,5,2
NPL,NPL,protein,25,6.4330835514747,2,3
ADAM22,ADAM22,protein,1,0.280857437576921,6,1
MYDGF,MYDGF,protein,6,1.3994161672940248,5,3
ADGRG1,ADGRG1,protein,30,6.884637767770853,4,3
ENO3,ENO3,protein,25,6.764011904619669,2,3
GRPEL1,GRPEL1,protein,5,1.1229672684341816,6,3
TXNDC5,TXNDC5,protein,2,0.5216213663238916,5,2
YTHDF3,YTHDF3,protein,25,5.529436252775655,2,3
CEACAM8,CEACAM8,protein,3,0.6852632605268847,6,2
LGALS3BP,LGALS3BP,protein,18,3.9065872130475947,3,3
THBD,THBD,protein,1,0.2791518310863809,6,1
CRELD2,CRELD2,protein,16,3.5032727051998007,2,3
CCL5,CCL5,protein,5,1.0833379383277622,5,3
GMFG,GMFG,protein,2,0.48914638200455984,5,2
RNASE6,RNASE6,protein,25,5.6661663239643145,4,3
LAT2,LAT2,protein,25,5.6103564768624095,2,3
MTDH,MTDH,protein,12,2.5855217162045876,6,3
DPEP2,DPEP2,protein,1,0.2713407325838738,5,2
GP1BA,GP1BA,protein,2,0.4785761873458616,5,2
PON1,PON1,protein,25,6.017316465250865,3,3
EZR,EZR,protein,25,6.198307169887358,2,3
GCC1,GCC1,protein,6,1.3371892835295958,2,3
LRCH4,LRCH4,protein,25,6.098176895020842,6,3
EEF1D,EEF1D,protein,25,5.683468434392785,2,3
PTPRB,PTPRB,protein,25,5.910511764697205,2,3
FYB1,FYB1,protein,22,4.664592340891987,2,3
SYAP1,SYAP1,protein,29,7.075634607035155,1,3
IL13RA1,IL13RA1,protein,25,5.387869729212804,2,3
LRIG1,LRIG1,protein,1,0.26743344386927936,5,3
SERPINB6,SERPINB6,protein,2,0.47784505250776865,5,2
IL17RB,IL17RB,protein,25,5.50833529218789,4,3
CLEC4G,CLEC4G,protein,1,0.26857614805505814,5,3
MPIG6B,MPIG6B,protein,2,0.47943863008008925,5,2
ICAM1,ICAM1,protein,6,1.319483477179745,6,3
ANG,ANG,protein,5,1.116912556089193,6,3
CA5A,CA5A,protein,25,5.999414576923834,6,3
ANXA4,ANXA4,protein,1,0.26937161071900734,5,2
SERPINF2,SERPINF2,protein,48,11.547657948836846,1,3
MSRA,MSRA,protein,2,0.4975614585397349,5,2
TBCC,TBCC,protein,2,0.48754176955245954,5,2
NECTIN2,NECTIN2,protein,7,1.6760496423735491,6,3
NUMB,NUMB,protein,25,6.168298861063365,2,3
CA6,CA6,protein,25,5.903235847347975,3,3
PPP1R12A,PPP1R12A,protein,2,0.48413655797705774,5,2
LGALS8,LGALS8,protein,2,0.48927942091541055,5,2
TNFRSF1B,TNFRSF1B,protein,21,4.437357906634608,3,3
DCXR,DCXR,protein,25,6.104127242866063,2,3
IGF2R,IGF2R,protein,25,5.7926391523175536,2,3
VTA1,VTA1,protein,1,0.2648341349361879,5,2
YES1,YES1,protein,25,5.283314514073818,2,3
IPCEF1,IPCEF1,protein,25,5.423117244142481,2,3
NT5C1A,NT5C1A,protein,25,5.509649845929421,2,3
CDH3,CDH3,protein,1,0.2698508272683395,6,1
ESAM,ESAM,protein,2,0.4642393804137046,6,1
PLAUR,PLAUR,protein,8,1.8089425694916703,6,3
POLR2F,POLR2F,protein,14,3.117401599779889,6,3
AK2,AK2,protein,2,0.4710382693764732,5,2
CD74,CD74,protein,25,5.627330718055574,6,3
ATRN,ATRN,protein,31,7.780881770509108,2,3
SCPEP1,SCPEP1,protein,9,2.003355070172452,6,3
CNDP1,CNDP1,protein,11,2.5280289519037806,1,3
SNCA,SNCA,protein,25,6.559709342783642,2,3
MESD,MESD,protein,2,0.4981213768264827,5,2
NRGN,NRGN,protein,2,0.4794420156704702,5,2
SPINT2,SPINT2,protein,1,0.26374524646722436,5,2
CMC1,CMC1,protein,2,0.5130059903698002,5,2
ECHS1,ECHS1,protein,2,0.4773898479790789,5,2
CD14,CD14,protein,1,0.2673183653271456,5,3
CTSZ,CTSZ,protein,16,3.6354041266287958,6,3
DNAJB14,DNAJB14,protein,2,0.4952997057583166,5,2
SIGLEC7,SIGLEC7,protein,25,5.848877758421845,6,3
ULBP2,ULBP2,protein,3,0.6921564977407534,6,1
CXCL16,CXCL16,protein,1,0.2622458826669809,5,3
DDAH1,DDAH1,protein,25,5.5905745656798045,2,3
PDAP1,PDAP1,protein,2,0.48025378454282397,5,2
SERPINB1,SERPINB1,protein,2,0.46612180034708606,5,2
PLXNB3,PLXNB3,protein,2,0.49385309141625844,5,2
LYN,LYN,protein,2,0.4969563743834365,5,2
HEG1,HEG1,protein,25,6.379550461971231,2,3
NUDT5,NUDT5,protein,2,0.4865901041270042,5,2
ABL1,ABL1,protein,18,3.82284687838846,2,3
DNAJA2,DNAJA2,protein,2,0.4703227386110244,5,3
GRHPR,GRHPR,protein,5,1.0830615327874298,5,3
FGFBP3,FGFBP3,protein,53,12.599253856099894,1,3
PLIN1,PLIN1,protein,25,6.045917362430981,2,3
HAVCR2,HAVCR2,protein,24,5.1549527726808035,3,3
HAO1,HAO1,protein,25,5.808124456437312,2,3
CEP20,CEP20,protein,15,3.1866093676385407,2,3
LECT2,LECT2,protein,25,6.1423751762493,2,3
CCN5,CCN5,protein,1,0.2663409948732378,6,1
SCAMP3,SCAMP3,protein,3,0.6949059373505344,5,3
NUDT16,NUDT16,protein,2,0.4993496206447602,5,2
PPIB,PPIB,protein,2,0.5011474648422821,5,2
COL4A1,COL4A1,protein,25,5.80505062654369,1,3
DFFA,DFFA,protein,1,0.2591656579605099,5,2
KDR,KDR,protein,25,6.099199781380496,2,3
NCS1,NCS1,protein,25,5.346943256689584,2,3
ITGA11,ITGA11,protein,25,6.0229359221457415,3,3
CNPY4,CNPY4,protein,2,0.4830660950303165,5,2
TXLNA,TXLNA,protein,10,2.1612330353182587,2,3
SNAPIN,SNAPIN,protein,25,5.992002432784809,2,3
CD99,CD99,protein,1,0.26522101214821586,6,1
LGALS3,LGALS3,protein,1,0.259812575208122,5,3
FN1,FN1,protein,25,6.0967212142487135,2,3
STX8,STX8,protein,2,0.4658312936147846,5,2
PLXNA4,PLXNA4,protein,5,1.107405360864041,5,3
CXCL6,CXCL6,protein,25,5.9781025306821025,2,3
DLK1,DLK1,protein,4,0.8847564374910453,6,1
MYH9,MYH9,protein,25,5.913370044887421,2,3
ERP29,ERP29,protein,2,0.5079055597189065,5,2
CLEC1A,CLEC1A,protein,1,0.2669050568468305,6,1
INPP5D,INPP5D,protein,25,6.041395085545336,2,3
CD27,CD27,protein,4,0.8964796961690914,3,1
CHCHD10,CHCHD10,protein,25,5.487939674435423,6,3
CD79B,CD79B,protein,14,3.089813006771243,3,3
SNAP23,SNAP23,protein,4,0.9134949298011017,5,3
WNT9A,WNT9A,protein,1,0.265795961618964,6,1
ISM1,ISM1,protein,25,5.419912297925863,2,3
PAXX,PAXX,protein,25,5.836567902224135,2,3
UFD1,UFD1,protein,25,5.895264193426278,2,3
HAVCR1,HAVCR1,protein,25,5.5718795134062535,2,3
MIF,MIF,protein,1,0.25785802197567476,5,2
LBP,LBP,protein,1,0.25721819506194404,5,3
PLXNB2,PLXNB2,protein,4,0.8722333249535437,6,3
OTUD7B,OTUD7B,protein,7,1.5519036543795055,2,3
DAB2,DAB2,protein,2,0.45651603224752163,5,2
HYOU1,HYOU1,protein,5,1.1482789000660882,6,3
PPP1R2,PPP1R2,protein,2,0.4949770990350637,5,2
CXCL13,CXCL13,protein,25,5.689659250122684,6,3
LACTB2,LACTB2,protein,2,0.46613272007705575,5,2
PTGR1,PTGR1,protein,10,2.241486566000604,4,3
ADGRG2,ADGRG2,protein,32,7.3053763278721275,3,3
TIA1,TIA1,protein,2,0.5005407557216432,5,2
GFER,GFER,protein,12,2.6539252778797846,2,3
AHNAK,AHNAK,protein,25,5.792895028547373,2,3
NAA80,NAA80,protein,25,5.687061872623452,2,3
THTPA,THTPA,protein,1,0.26204038998726303,5,2
SNCG,SNCG,protein,25,5.606886441991529,6,3
SMAD2,SMAD2,protein,25,6.093536122252683,2,3
DAAM1,DAAM1,protein,11,2.3663762310065177,2,3
METAP1D,METAP1D,protein,2,0.48407289618395943,5,2
GPI,GPI,protein,2,0.5024687917165318,5,2
ATOX1,ATOX1,protein,2,0.4818604242135994,5,2
MIA,MIA,protein,1,0.2602636440407091,6,1
PARP1,PARP1,protein,25,5.624913760170263,6,3
TOP2B,TOP2B,protein,22,4.686065390321455,6,3
FKBP14,FKBP14,protein,2,0.49523470600991026,5,2
FCN1,FCN1,protein,5,1.1808693922695064,6,3
ELN,ELN,protein,25,6.110204498418006,2,3
GLOD4,GLOD4,protein,1,0.2553683792334502,5,2
FXN,FXN,protein,2,0.474274454014458,5,2
PHOSPHO1,PHOSPHO1,protein,1,0.26077038277764103,6,1
NIT2,NIT2,protein,6,1.3372897690227081,5,3
CD36,CD36,protein,21,4.4940441188242986,2,3
CD69,CD69,protein,2,0.49294439399031886,5,2
PDIA4,PDIA4,protein,2,0.5062140766361516,5,2
DECR1,DECR1,protein,2,0.4809164040512829,5,2
PRKRA,PRKRA,protein,25,5.846527815298122,2,3
HNMT,HNMT,protein,25,5.39853044137663,6,3
EIF4G1,EIF4G1,protein,2,0.4581035077789599,5,2
CRYBB1,CRYBB1,protein,2,0.50140528385445,5,2
PCYT2,PCYT2,protein,2,0.46770043880985473,5,2
SHISA5,SHISA5,protein,20,4.337483719838976,3,3
SULT2A1,SULT2A1,protein,21,4.573399148572974,4,3
TPD52L2,TPD52L2,protein,5,1.1284421329770034,5,3
LZTFL1,LZTFL1,protein,2,0.48403823970354176,5,2
SELPLG,SELPLG,protein,25,5.900462740000849,2,3
NID1,NID1,protein,2,0.4763728941827803,5,2
DUT,DUT,protein,20,4.419137206489471,3,3
PDCD5,PDCD5,protein,2,0.45183019098010413,5,2
DOK2,DOK2,protein,2,0.49210451119565046,5,2
SMNDC1,SMNDC1,protein,25,5.773191400887823,2,3
HARS1,HARS1,protein,2,0.4674514864421299,5,2
PARK7,PARK7,protein,1,0.25142577342304534,5,2
CYB5R2,CYB5R2,protein,1,0.25800023746468975,5,2
VPS4B,VPS4B,protein,2,0.46150228572920127,5,2
PCBP2,PCBP2,protein,5,1.088323669443705,2,3
HDGFL2,HDGFL2,protein,8,1.7301147240145112,6,3
HSPA1A,HSPA1A,protein,2,0.48234937443429254,5,2
GH1,GH1,protein,25,5.72410756606949,2,3
JPT2,JPT2,protein,1,0.25639352321082864,5,2
UBE2L6,UBE2L6,protein,2,0.48729361135764426,5,2
FADD,FADD,protein,2,0.4512479614111359,5,2
ACAA1,ACAA1,protein,25,5.6840552969642735,2,3
NFASC,NFASC,protein,21,4.712692952449486,4,3
IST1,IST1,protein,2,0.4723890595401006,5,2
CACNB3,CACNB3,protein,9,1.9330416876847316,2,3
RNASE1,RNASE1,protein,15,3.2085641017113957,3,3
TMEM106A,TMEM106A,protein,1,0.25555351439235957,5,2
PLPBP,PLPBP,protein,1,0.2505057820484444,5,2
DTD1,DTD1,protein,1,0.25785747651256313,5,2
DTYMK,DTYMK,protein,26,6.249298977644309,2,3
CIRBP,CIRBP,protein,2,0.4968982895333897,5,2
GADD45GIP1,GADD45GIP1,protein,2,0.4930098956642502,5,2
CRADD,CRADD,protein,1,0.2501636563018102,5,2
SLC9A3R1,SLC9A3R1,protein,2,0.49367774907015516,5,2
STK11,STK11,protein,2,0.4694007950324566,5,2
GALNT10,GALNT10,protein,19,4.164301242576892,2,3
VAMP8,VAMP8,protein,2,0.48613190010263974,5,2
C4BPB,C4BPB,protein,1,0.24799009571092548,5,3
CHMP1A,CHMP1A,protein,1,0.24963012293019785,5,2
LRG1,LRG1,protein,1,0.2531594365108942,5,3
AP3B1,AP3B1,protein,2,0.47851355350947067,5,2
TBCA,TBCA,protein,1,0.25605423267441435,5,2
MANF,MANF,protein,2,0.47463695818970597,5,2
SUOX,SUOX,protein,25,5.542421447399952,6,3
GRP,GRP,protein,26,5.7593719107719235,2,3
IMPA1,IMPA1,protein,1,0.24855919825967865,5,2
RGS10,RGS10,protein,1,0.2528116390641146,5,2
MAN1A2,MAN1A2,protein,23,4.950195135542829,1,3
SRPK2,SRPK2,protein,1,0.2477350841455062,5,3
LONP1,LONP1,protein,2,0.4955138784189719,5,2
FUS,FUS,protein,8,1.7488724597021543,6,3
RWDD1,RWDD1,protein,1,0.24628147791750643,5,2
GTPBP2,GTPBP2,protein,2,0.46111392008159235,5,2
NT5E,NT5E,protein,20,4.124162043254006,2,3
GLRX5,GLRX5,protein,2,0.47756160496929073,5,2
IRAK4,IRAK4,protein,2,0.45789341172595155,5,2
PLA2G4A,PLA2G4A,protein,2,0.4518884855016595,5,2
FCN2,FCN2,protein,25,5.334893627708656,2,3
STAT2,STAT2,protein,2,0.47740200074359546,5,2
B4GALT1,B4GALT1,protein,2,0.4568830347947689,6,1
ATP5IF1,ATP5IF1,protein,2,0.4897009432056103,5,2
MAP2K1,MAP2K1,protein,1,0.251707380608327,5,2
CCN3,CCN3,protein,1,0.2503328765476594,6,1
BTN3A2,BTN3A2,protein,13,2.8344968886558144,6,3
HS1BP3,HS1BP3,protein,2,0.49386101387173,5,2
MCAM,MCAM,protein,25,5.504823646291272,3,3
L3HYPDH,L3HYPDH,protein,2,0.4909865370628058,5,2
PTPRN2,PTPRN2,protein,1,0.25227612292668256,6,1
ENO1,ENO1,protein,1,0.2460271155259857,5,2
RNASET2,RNASET2,protein,13,2.813392935488263,6,3
ATG16L1,ATG16L1,protein,6,1.2753336519553726,5,3
ARHGEF1,ARHGEF1,protein,2,0.47660328911152405,5,2
MECR,MECR,protein,2,0.500400129115009,5,2
LDLRAP1,LDLRAP1,protein,17,3.659986289459625,2,3
MED18,MED18,protein,2,0.4612908643864535,5,2
IL1R2,IL1R2,protein,16,3.5026513131862007,2,3
NDUFB7,NDUFB7,protein,2,0.48276435022692354,5,2
RBM17,RBM17,protein,2,0.46010992934275774,5,2
TPP1,TPP1,protein,5,1.143025045231751,5,3
PSIP1,PSIP1,protein,25,5.5761908254699675,6,3
PEBP1,PEBP1,protein,2,0.45026515503849807,5,2
APBB1IP,APBB1IP,protein,25,5.478543132706402,6,3
PPP3R1,PPP3R1,protein,1,0.24560169543613583,5,3
CRKL,CRKL,protein,2,0.4557299942999794,5,2
USO1,USO1,protein,2,0.461866765510936,5,2
NCK2,NCK2,protein,4,0.8911593337817276,5,3
BTD,BTD,protein,25,5.737218537047752,2,3
ELOA,ELOA,protein,20,4.385270271142643,6,3
EHBP1,EHBP1,protein,8,1.6976095255300483,2,3
BCL2L1,BCL2L1,protein,2,0.45567846556704306,5,2
PDZK1,PDZK1,protein,20,4.389682172868067,4,3
AKT2,AKT2,protein,1,0.2492391742985274,5,2
NOS1,NOS1,protein,1,0.25172338171775077,6,1
KLK11,KLK11,protein,1,0.2492767332327515,6,1
CCL18,CCL18,protein,1,0.24484536716686656,5,3
EBAG9,EBAG9,protein,2,0.4884696475948611,5,2
TNFRSF13B,TNFRSF13B,protein,13,2.7076873459697177,4,3
OTUD6B,OTUD6B,protein,1,0.2490275617916736,5,2
SEC31A,SEC31A,protein,3,0.6704190016225868,5,3
MDK,MDK,protein,2,0.4718606018532323,5,2
TNFRSF4,TNFRSF4,protein,13,2.7884108935029226,3,3
AP1G2,AP1G2,protein,25,5.420793330358319,2,3
CTBS,CTBS,protein,25,5.643088489591555,6,3
PIGR,PIGR,protein,13,2.9147121720657276,4,3
PHACTR2,PHACTR2,protein,2,0.47117455037814826,5,2
ANGPTL7,ANGPTL7,protein,11,2.389617608263925,4,3
DIABLO,DIABLO,protein,2,0.45843492303389133,5,2
MGLL,MGLL,protein,2,0.4623973215744833,5,2
CCL15,CCL15,protein,1,0.246579281045842,6,1
CASP3,CASP3,protein,2,0.4415929000247041,5,2
CASP7,CASP7,protein,2,0.4636966444327295,5,2
TBCB,TBCB,protein,2,0.44913357674678756,5,2
MAP4K5,MAP4K5,protein,2,0.45626251023882436,5,2
DSC2,DSC2,protein,3,0.6902324283201554,3,1
PRKAR2A,PRKAR2A,protein,17,3.590589352647378,2,3
FXYD5,FXYD5,protein,1,0.24383049288614544,5,2
FHIT,FHIT,protein,1,0.24417112105483116,5,2
ADGRF5,ADGRF5,protein,2,0.4643978642861352,5,2
MCFD2,MCFD2,protein,2,0.4744205094461589,5,2
RRAS,RRAS,protein,2,0.4689954765768689,5,2
CES2,CES2,protein,22,4.715213666844409,2,3
CIAPIN1,CIAPIN1,protein,1,0.24085128731020145,5,2
TMED8,TMED8,protein,2,0.45955646302021536,5,2
MTHFSD,MTHFSD,protein,19,4.022699153119017,2,3
HNRNPUL1,HNRNPUL1,protein,5,1.1192312545993064,6,3
TNFRSF9,TNFRSF9,protein,14,3.024012941578488,3,3
PIBF1,PIBF1,protein,1,0.2451795342091297,5,3
VASP,VASP,protein,2,0.47075248307800877,5,2
TALDO1,TALDO1,protein,5,1.0956825681190279,6,3
MUC13,MUC13,protein,25,5.525472705991077,4,3
LAMA4,LAMA4,protein,1,0.2397635163483149,5,2
PMM2,PMM2,protein,1,0.24853836783929129,5,2
DBNL,DBNL,protein,2,0.4544609138049721,5,2
VASH1,VASH1,protein,2,0.4521672137874233,5,2
EIF2AK2,EIF2AK2,protein,6,1.314964711525342,5,3
PPM1F,PPM1F,protein,1,0.244412927012354,5,2
MINK1,MINK1,protein,2,0.44655497224303947,5,2
ENPP7,ENPP7,protein,16,3.4414611850183867,2,3
RILPL2,RILPL2,protein,2,0.4740372920493936,5,2
SIRT2,SIRT2,protein,1,0.2394125521714599,5,2
VTI1A,VTI1A,protein,2,0.4713896748223494,5,2
S100A4,S100A4,protein,1,0.23865880459368183,5,2
PLSCR3,PLSCR3,protein,1,0.24418261890928453,5,3
EGFR,EGFR,protein,33,7.079706461669711,1,3
FGD3,FGD3,protein,2,0.45875644937313353,5,2
QDPR,QDPR,protein,2,0.44998035143926357,5,2
GPC1,GPC1,protein,1,0.2426052804039397,6,1
ARF6,ARF6,protein,25,5.541297842098759,2,3
RBPMS2,RBPMS2,protein,1,0.24615825486116016,5,3
MITD1,MITD1,protein,2,0.4630420834592507,5,2
FUT8,FUT8,protein,1,0.23917202777844093,5,2
SOST,SOST,protein,25,5.665864570959995,2,3
ELAC1,ELAC1,protein,2,0.4498745270467789,5,2
YAP1,YAP1,protein,4,0.927370556308533,6,3
CCL17,CCL17,protein,3,0.6523088750205266,5,3
CDC37,CDC37,protein,1,0.23741883516205897,5,2
ITIH3,ITIH3,protein,25,5.391711867765156,2,3
TREML2,TREML2,protein,1,0.2375424335986066,5,2
FST,FST,protein,13,2.759709658839555,2,3
ANGPTL3,ANGPTL3,protein,12,2.5751468291401864,1,3
PRDX3,PRDX3,protein,2,0.4623952202796942,5,2
MTIF3,MTIF3,protein,2,0.48044035614965797,5,2
IL7,IL7,protein,1,0.2370838296060881,5,2
YARS1,YARS1,protein,2,0.47174359949407185,5,2
WFIKKN2,WFIKKN2,protein,25,5.380756467873904,3,3
CXCL10,CXCL10,protein,25,5.432273190942378,2,3
PBLD,PBLD,protein,25,5.359062021904421,2,3
RSPO1,RSPO1,protein,1,0.23714491495847376,5,2
ACOT13,ACOT13,protein,2,0.46111648955135404,5,2
BCR,BCR,protein,1,0.2363659040533424,5,3
MSR1,MSR1,protein,2,0.4365138621325262,5,3
ERBIN,ERBIN,protein,2,0.4580441806510229,5,2
NUB1,NUB1,protein,2,0.43959120512941746,5,2
EIF4E,EIF4E,protein,1,0.24442121659598717,5,2
CSTB,CSTB,protein,15,3.181525665028092,3,3
ERN1,ERN1,protein,10,2.19226333950072,6,3
DRG2,DRG2,protein,1,0.2361814733983591,5,2
PRELP,PRELP,protein,1,0.24097219697218708,6,1
SMAD5,SMAD5,protein,25,5.290692336236682,2,3
CACYBP,CACYBP,protein,2,0.47918237742674985,5,2
GGACT,GGACT,protein,1,0.24018752767306217,5,2
HTRA2,HTRA2,protein,1,0.23470335400267583,5,2
GAL,GAL,protein,5,1.072809598039686,3,3
IL7R,IL7R,protein,18,3.9562448044316243,3,3
TNFRSF21,TNFRSF21,protein,1,0.2387635624150231,6,1
NFU1,NFU1,protein,2,0.4646803566581945,5,2
SARG,SARG,protein,25,5.423044183049585,2,3
RTN4IP1,RTN4IP1,protein,2,0.4690491404385278,5,2
PDLIM7,PDLIM7,protein,1,0.23374021045013835,5,3
STAT5B,STAT5B,protein,2,0.43835032689767384,5,2
HPCAL1,HPCAL1,protein,1,0.2330333358691889,5,2
CCL20,CCL20,protein,1,0.23268211403499245,5,3
FOLR2,FOLR2,protein,14,2.962085437726723,3,3
MEPE,MEPE,protein,1,0.23905190441131977,6,1
F11,F11,protein,1,0.2403435384400525,5,3
LGMN,LGMN,protein,2,0.4471667788914243,5,2
DCTD,DCTD,protein,2,0.45336415048426104,5,2
RAB10,RAB10,protein,1,0.2385109620949637,5,2
ROR1,ROR1,protein,1,0.23939116545536143,6,1
NCAM2,NCAM2,protein,15,3.2519765401572323,3,3
MAP2K6,MAP2K6,protein,1,0.2340074361140174,5,2
PTPN6,PTPN6,protein,1,0.23339398963755423,5,2
PXN,PXN,protein,18,3.899951917440096,6,3
FLT4,FLT4,protein,1,0.23251524534995108,5,3
CD22,CD22,protein,14,3.0119366826659704,3,3
TWF2,TWF2,protein,2,0.4690609440492619,5,2
CD274,CD274,protein,3,0.640587057530886,6,3
RGCC,RGCC,protein,1,0.23761856638251116,5,3
THOP1,THOP1,protein,25,5.400456098619853,2,3
GRAP2,GRAP2,protein,2,0.45569780051359,5,2
PRKAR1A,PRKAR1A,protein,1,0.23323910629877911,5,3
GLB1,GLB1,protein,4,0.880476188831204,6,3
PTRHD1,PTRHD1,protein,1,0.24042780571291655,5,2
JAM3,JAM3,protein,2,0.46711328346363534,5,2
LCN2,LCN2,protein,1,0.23748341095398168,5,2
GORASP2,GORASP2,protein,2,0.46028283788546187,5,2
DNAJB6,DNAJB6,protein,3,0.6774319875274516,5,3
SYTL4,SYTL4,protein,2,0.44618335703099854,5,2
IGFBPL1,IGFBPL1,protein,7,1.4704833446572585,4,3
GPKOW,GPKOW,protein,25,5.4856573472139125,2,3
DGKA,DGKA,protein,2,0.45201406464659805,5,2
CCL26,CCL26,protein,1,0.2327003899418573,5,2
NUDC,NUDC,protein,2,0.4505404441516012,5,2
CA13,CA13,protein,1,0.23315504981694377,5,2
ALDH1A1,ALDH1A1,protein,24,5.080334912655134,6,3
IFNLR1,IFNLR1,protein,4,0.8696379105461624,6,3
ENO2,ENO2,protein,1,0.23098968180794088,5,2
TIMM10,TIMM10,protein,2,0.4445203571248693,5,2
CMIP,CMIP,protein,4,0.852822025461014,5,3
TACC3,TACC3,protein,1,0.23201995308465756,5,2
GMPR2,GMPR2,protein,1,0.23914966690293377,5,2
CD83,CD83,protein,10,2.1364162336121804,6,3
SIGLEC1,SIGLEC1,protein,7,1.498775718391545,3,3
IGFBP3,IGFBP3,protein,25,5.404381562207281,1,3
WASHC3,WASHC3,protein,1,0.2358603712748289,5,3
FABP1,FABP1,protein,17,3.555111440342327,4,3
PGLYRP1,PGLYRP1,protein,1,0.23051498147044075,5,2
PSMG3,PSMG3,protein,17,3.625092881876316,3,3
LRRC59,LRRC59,protein,2,0.4478951244826481,5,2
BAX,BAX,protein,1,0.23314891049493536,5,2
STAMBP,STAMBP,protein,1,0.23158885762900952,5,2
SKAP2,SKAP2,protein,2,0.45890265152280724,5,2
SLA2,SLA2,protein,5,1.0770356111277684,5,3
PVR,PVR,protein,7,1.4937806122688273,1,3
BST2,BST2,protein,1,0.22908401995835195,5,3
RHOC,RHOC,protein,1,0.23226952448024157,5,2
MSTN,MSTN,protein,1,0.2374844185394969,6,1
NT5C,NT5C,protein,1,0.23497043203793216,5,2
TARBP2,TARBP2,protein,2,0.4545869572717305,5,2
CRYZL1,CRYZL1,protein,1,0.237838876048935,5,2
BLOC1S3,BLOC1S3,protein,11,2.333015847545012,2,3
HEXIM1,HEXIM1,protein,2,0.45892383093956157,5,2
C5,C5,protein,1,0.2338740379507399,5,3
FCER2,FCER2,protein,17,3.5924345745746145,3,3
ESYT2,ESYT2,protein,1,0.23386021951593652,5,3
C19ORF12,C19ORF12,protein,10,2.1270163942694738,6,3
RAB27B,RAB27B,protein,2,0.45832208092387117,5,2
PRTFDC1,PRTFDC1,protein,1,0.2312706170728377,5,2
METAP2,METAP2,protein,1,0.2280046173133367,5,2
PPP1R9B,PPP1R9B,protein,1,0.2276382702625717,5,3
SERPINH1,SERPINH1,protein,5,1.0735288129444018,5,3
PHLDB1,PHLDB1,protein,3,0.6505623347004578,6,3
COX5B,COX5B,protein,2,0.4449787987928806,5,2
EVI5,EVI5,protein,2,0.44255346774207105,5,2
SRC,SRC,protein,1,0.22845847471849656,5,2
SUGT1,SUGT1,protein,1,0.2309911120698467,5,2
PON2,PON2,protein,5,1.100217972774938,6,3
UMOD,UMOD,protein,5,1.0720177582141333,6,3
CETN3,CETN3,protein,2,0.45524868774479776,5,2
F13B,F13B,protein,14,2.946181882557819,1,3
CC2D1A,CC2D1A,protein,25,5.454325591043742,2,3
MPHOSPH8,MPHOSPH8,protein,2,0.45963254331003806,5,2
CD300C,CD300C,protein,4,0.8933608850942177,6,3
FKBP5,FKBP5,protein,1,0.22866876629533325,5,2
MARCO,MARCO,protein,1,0.2280676593908244,5,3
IL18,IL18,protein,7,1.4914238199025798,6,3
EIF4B,EIF4B,protein,1,0.228417278494077,5,2
FAM172A,FAM172A,protein,1,0.2348555954147416,5,2
AKT3,AKT3,protein,1,0.23017495931963683,5,2
CXCL3,CXCL3,protein,1,0.22721677720043465,5,3
MAPK9,MAPK9,protein,13,2.7962255973956935,2,3
UBXN1,UBXN1,protein,1,0.23452469769659465,5,2
TXNDC9,TXNDC9,protein,2,0.4427421611945417,5,2
CDKN2D,CDKN2D,protein,1,0.22719386538464584,5,2
CALB2,CALB2,protein,14,2.9433824925490217,3,3
VPS53,VPS53,protein,2,0.4274359789149631,5,2
CHGB,CHGB,protein,1,0.2309496049605728,6,1
DOK1,DOK1,protein,1,0.2314767629905759,5,2
DXO,DXO,protein,1,0.23146330715279784,5,2
CGREF1,CGREF1,protein,2,0.4370519759380562,6,1
MAX,MAX,protein,2,0.4554177452896994,5,2
CASP2,CASP2,protein,2,0.42720898399654383,5,2
ARHGAP45,ARHGAP45,protein,2,0.43743359611176635,5,2
PKD2,PKD2,protein,1,0.2340246185871118,5,3
KIFBP,KIFBP,protein,2,0.4424177969350122,5,2
BAG4,BAG4,protein,6,1.2885862438215143,6,3
DNMBP,DNMBP,protein,1,0.22621228251457537,5,3
ICA1,ICA1,protein,1,0.2275429695911958,5,2
CALCOCO2,CALCOCO2,protein,1,0.23277595155833536,5,3
STK4,STK4,protein,1,0.2260816162274712,5,2
CNP,CNP,protein,1,0.2330558379435852,5,2
ASGR2,ASGR2,protein,4,0.8558536058332735,6,3
VNN1,VNN1,protein,13,2.7131516702293825,2,3
MGMT,MGMT,protein,1,0.22560507548805497,5,2
MTSS1,MTSS1,protein,25,5.3721952154439245,2,3
SIGLEC8,SIGLEC8,protein,19,4.01791777102597,6,3
AXIN1,AXIN1,protein,3,0.6315878378181861,5,3
CD160,CD160,protein,1,0.22881998175484472,6,1
GDF2,GDF2,protein,11,2.337237632660773,3,3
SPRY2,SPRY2,protein,2,0.4374431347245058,5,2
STK24,STK24,protein,1,0.22690792568653267,5,2
PDGFC,PDGFC,protein,25,5.479724695996254,2,3
CD6,CD6,protein,25,5.239290700501881,2,3
MMP1,MMP1,protein,1,0.22979804783137148,5,2
RETN,RETN,protein,3,0.6332515428413086,3,1
FMNL1,FMNL1,protein,8,1.6781719986968366,6,3
C8B,C8B,protein,1,0.22817674048099593,5,3
GRN,GRN,protein,1,0.22407090438419225,5,3
GZMA,GZMA,protein,12,2.514811229966621,6,3
GIPC3,GIPC3,protein,1,0.22870248881134583,5,2
ACRBP,ACRBP,protein,1,0.22879227256828755,5,2
CLC,CLC,protein,2,0.4264444711933253,5,2
MARS1,MARS1,protein,2,0.4557759308948147,5,2
CNST,CNST,protein,2,0.44539704748963493,5,2
COCH,COCH,protein,6,1.2840479687664477,6,3
CD46,CD46,protein,3,0.6747864600145742,6,1
COMMD1,COMMD1,protein,2,0.457979629323339,5,2
TJAP1,TJAP1,protein,2,0.4244514157900823,5,3
CXCL17,CXCL17,protein,4,0.8562117017071066,6,3
CEP43,CEP43,protein,3,0.6456935065673644,5,3
PLIN3,PLIN3,protein,1,0.22367562271580815,5,2
RAB11FIP3,RAB11FIP3,protein,1,0.2273005793074849,5,3
PTPN1,PTPN1,protein,1,0.22343750199897913,5,3
TXNRD1,TXNRD1,protein,2,0.437112439073402,5,2
BAG3,BAG3,protein,1,0.2284555640800177,6,1
SRP14,SRP14,protein,11,2.3318450375601243,6,3
LETM1,LETM1,protein,1,0.2267855602291793,5,3
ACYP1,ACYP1,protein,2,0.4499818741418874,5,2
LMNB2,LMNB2,protein,3,0.6352256288341299,6,3
ILKAP,ILKAP,protein,1,0.2243491966211781,5,2
EFEMP1,EFEMP1,protein,2,0.4421104200866176,3,1
SNRPB2,SNRPB2,protein,6,1.28451136079966,6,3
PLCB2,PLCB2,protein,2,0.45164843697242085,5,2
ITGB1BP2,ITGB1BP2,protein,2,0.4387825790737061,5,2
PLEKHO1,PLEKHO1,protein,2,0.42702650313484397,5,2
GGCT,GGCT,protein,1,0.22638970954008825,5,2
PBXIP1,PBXIP1,protein,25,5.491958740487242,2,3
MTSS2,MTSS2,protein,7,1.4626157928260226,2,3
PRKG1,PRKG1,protein,1,0.22833461240358155,5,3
HNRNPK,HNRNPK,protein,1,0.22382331791521903,5,2
ASAH1,ASAH1,protein,1,0.22640910875938247,5,3
MET,MET,protein,8,1.660332788242055,4,3
COMT,COMT,protein,1,0.22430777814288735,5,2
NSFL1C,NSFL1C,protein,2,0.42019371067436656,5,2
CASC3,CASC3,protein,2,0.45022603120532534,5,2
PFKFB2,PFKFB2,protein,1,0.2213134320345932,5,2
IL2RA,IL2RA,protein,1,0.22195674002428772,5,3
CDC26,CDC26,protein,1,0.22578938318462927,5,2
GOPC,GOPC,protein,2,0.43896260338747656,5,2
THPO,THPO,protein,5,1.0409478493098465,1,3
TNIP1,TNIP1,protein,1,0.22466104176452065,5,3
SMPD1,SMPD1,protein,1,0.21930372226879963,4,3
ITPR1,ITPR1,protein,1,0.2273494770060486,5,2
GBP1,GBP1,protein,1,0.22437184251872705,5,3
ADA2,ADA2,protein,6,1.2466095696572586,3,3
CCL14,CCL14,protein,1,0.22531017449340268,6,1
PRDX5,PRDX5,protein,1,0.2186332545726135,5,2
LGALS7_LGALS7B,LGALS7_LGALS7B,protein,1,0.22504488149402568,6,1
SH2D1A,SH2D1A,protein,7,1.4706876675861504,6,3
BMP10,BMP10,protein,17,3.6574037062058102,3,3
CLIP2,CLIP2,protein,1,0.21943766685468408,5,3
GHRL,GHRL,protein,4,0.862747191298658,1,3
ZFYVE19,ZFYVE19,protein,2,0.43348461932710075,5,2
FKBPL,FKBPL,protein,1,0.2241434725281896,5,2
BAMBI,BAMBI,protein,1,0.22619058888430751,6,1
THBS2,THBS2,protein,3,0.632054987359742,4,3
TIMM8A,TIMM8A,protein,1,0.22382121790692583,5,2
PSAP,PSAP,protein,1,0.2239606384123452,5,3
MLN,MLN,protein,25,5.195263536029367,2,3
DNAJC6,DNAJC6,protein,25,5.292124897575006,2,3
F12,F12,protein,5,1.0556623793547057,1,3
LAMP3,LAMP3,protein,3,0.6311558659227353,6,3
TFF3,TFF3,protein,1,0.22401818452662584,6,1
GIGYF2,GIGYF2,protein,1,0.22267928111884225,5,3
MOG,MOG,protein,1,0.22204518344657276,6,1
CLPP,CLPP,protein,2,0.4283140581905681,5,2
STXBP1,STXBP1,protein,2,0.43862068183105124,5,2
ENPP6,ENPP6,protein,14,3.045066764926678,3,3
MMP7,MMP7,protein,1,0.220001877899587,5,3
DAPP1,DAPP1,protein,1,0.2184180780224161,5,2
SAMD9L,SAMD9L,protein,2,0.4244062264155152,5,2
NCR1,NCR1,protein,1,0.22306944551614247,6,1
CD59,CD59,protein,2,0.42473552341169474,5,3
YWHAQ,YWHAQ,protein,2,0.4284146784324791,5,2
MDH1,MDH1,protein,1,0.2227829142870113,5,2
SCGB3A2,SCGB3A2,protein,7,1.450702903015154,3,3
CTF1,CTF1,protein,1,0.21955837415203128,5,2
SETMAR,SETMAR,protein,1,0.21816980421019808,5,3
VAT1,VAT1,protein,2,0.4313162817575234,4,3
SSNA1,SSNA1,protein,1,0.2222234444292338,5,2
KCTD5,KCTD5,protein,10,2.084681084080531,6,3
ACP5,ACP5,protein,1,0.21662869531973983,5,3
NFKBIE,NFKBIE,protein,5,1.0465103084161775,5,3
KAZN,KAZN,protein,1,0.22174141608100673,5,3
TDRKH,TDRKH,protein,1,0.2191093187618155,5,3
CASP8,CASP8,protein,1,0.21639330332264203,5,2
ITGA2,ITGA2,protein,12,2.5487410492658524,3,3
BECN1,BECN1,protein,16,3.3493150257094104,2,3
BANK1,BANK1,protein,1,0.2170157620223156,5,3
AP3S2,AP3S2,protein,4,0.836004897613416,5,3
PPP1CC,PPP1CC,protein,2,0.44003765831338953,5,2
CXCL11,CXCL11,protein,1,0.21557421632214543,5,3
IFNGR2,IFNGR2,protein,2,0.4215663187782676,1,3
FKBP4,FKBP4,protein,1,0.2173682738694825,5,2
PZP,PZP,protein,1,0.22064486728882063,5,3
CA4,CA4,protein,1,0.22011819315549008,6,1
FSTL1,FSTL1,protein,3,0.629048703441393,6,1
ESM1,ESM1,protein,1,0.21580144834560544,5,3
B4GAT1,B4GAT1,protein,3,0.6208306396834292,3,3
TREM2,TREM2,protein,3,0.6330876271441239,5,3
AGXT,AGXT,protein,5,1.0326335377692242,6,3
HBQ1,HBQ1,protein,1,0.21441927295943583,5,3
NFKB1,NFKB1,protein,6,1.2509602948405172,5,3
GP1BB,GP1BB,protein,2,0.4292394036466426,5,2
OXCT1,OXCT1,protein,2,0.44015644216502897,5,2
CCDC80,CCDC80,protein,2,0.4250360727321986,6,1
FGF23,FGF23,protein,3,0.6364459323014733,6,1
PPCDC,PPCDC,protein,1,0.21427292338459017,5,2
INPP1,INPP1,protein,1,0.2153243622868208,5,2
TYMP,TYMP,protein,1,0.2161179242378892,5,2
CD163,CD163,protein,2,0.425560075847387,5,3
CCL28,CCL28,protein,1,0.21563350541065548,5,2
MAPKAPK2,MAPKAPK2,protein,1,0.22109260925291527,5,2
STIP1,STIP1,protein,1,0.2147644462453443,5,2
TFF1,TFF1,protein,1,0.219678930656324,6,1
MOCS2,MOCS2,protein,2,0.42888716049718384,5,2
SLITRK1,SLITRK1,protein,2,0.4329119393863323,4,3
ARFIP1,ARFIP1,protein,1,0.21889967249746475,5,2
SPON2,SPON2,protein,2,0.417771353931202,3,1
USP25,USP25,protein,2,0.42379639482923737,5,2
MASP1,MASP1,protein,23,4.769179926056917,2,3
CDC42BPB,CDC42BPB,protein,1,0.21849911710608907,5,3
IDUA,IDUA,protein,5,1.0267798870556375,6,3
KLK6,KLK6,protein,1,0.2181808938607959,6,1
BMPER,BMPER,protein,6,1.2786469925487476,6,3
CCL3,CCL3,protein,1,0.2138718227575764,5,3
ARHGEF12,ARHGEF12,protein,1,0.21345301204527337,5,3
ACADSB,ACADSB,protein,2,0.4327195402529889,5,2
KLK8,KLK8,protein,1,0.22016478447460416,6,1
INPPL1,INPPL1,protein,1,0.21271643972154317,5,3
TCOF1,TCOF1,protein,6,1.2469928797210783,6,3
CTSB,CTSB,protein,7,1.4481242321123546,3,3
APEX1,APEX1,protein,3,0.6217970701382056,6,3
TBL1X,TBL1X,protein,1,0.21467904717785377,5,2
CD93,CD93,protein,1,0.22060206331226323,6,1
CPXM2,CPXM2,protein,2,0.4227487746214836,6,3
IL18BP,IL18BP,protein,1,0.21664237363772093,6,1
IL12A_IL12B,IL12A_IL12B,protein,8,1.6525959768811513,6,3
B2M,B2M,protein,2,0.4275780449502756,5,3
SULT1A1,SULT1A1,protein,1,0.2107446992535238,5,2
PRSS2,PRSS2,protein,1,0.2161227395779817,6,1
EIF4EBP1,EIF4EBP1,protein,1,0.2122292257518252,5,2
VAV3,VAV3,protein,2,0.4193431575562783,5,2
TNFAIP2,TNFAIP2,protein,1,0.21559862881825487,5,3
TBC1D23,TBC1D23,protein,1,0.21106038555038964,5,3
SHMT1,SHMT1,protein,1,0.21076106526350585,5,3
INHBB,INHBB,protein,1,0.2175698096993351,5,3
WWP2,WWP2,protein,1,0.21138843804016444,5,3
CES3,CES3,protein,11,2.2489814069431793,2,3
RGMA,RGMA,protein,1,0.214488908229482,6,1
KYAT1,KYAT1,protein,1,0.2114452209072195,5,2
IMPACT,IMPACT,protein,1,0.2152240540520143,5,2
PMVK,PMVK,protein,1,0.2129149048099887,5,2
CETN2,CETN2,protein,2,0.4223222025335991,5,2
GATD3,GATD3,protein,1,0.21731286728968272,5,3
KLRB1,KLRB1,protein,2,0.4162160580642956,6,1
AHCY,AHCY,protein,1,0.2107755097143535,5,3
CXCL5,CXCL5,protein,1,0.2108643717269171,5,3
DNM3,DNM3,protein,1,0.21444335473339163,5,3
TNFSF11,TNFSF11,protein,1,0.21038013705913225,1,3
CDSN,CDSN,protein,1,0.2140874458803825,6,1
DTNB,DTNB,protein,1,0.21475947609680293,5,3
SPART,SPART,protein,2,0.4297078315254036,5,2
ANKMY2,ANKMY2,protein,1,0.2174593520372931,5,2
ABRAXAS2,ABRAXAS2,protein,1,0.21755096570461205,5,2
NFE2,NFE2,protein,1,0.21659015398199105,5,3
ASRGL1,ASRGL1,protein,1,0.2168421208802729,5,2
EHD3,EHD3,protein,1,0.21683943449427895,5,2
PAK4,PAK4,protein,2,0.41837877792221967,5,2
TFPI2,TFPI2,protein,1,0.20902993996777416,5,3
SERPINB8,SERPINB8,protein,2,0.4153645648048303,6,3
HMGCL,HMGCL,protein,1,0.21652577903186823,5,2
CD2AP,CD2AP,protein,5,1.027579866436374,6,3
SFRP4,SFRP4,protein,6,1.2427788486509976,6,3
AAMDC,AAMDC,protein,3,0.6198049001997097,2,3
OGA,OGA,protein,2,0.41621441212181576,5,2
AREG,AREG,protein,4,0.8293414885958055,4,3
ANGPTL1,ANGPTL1,protein,4,0.8329670610107353,4,3
SPINK2,SPINK2,protein,1,0.21514799813081245,5,3
FAM13A,FAM13A,protein,1,0.21306213347337863,5,2
HMOX1,HMOX1,protein,7,1.4361391112261912,3,3
EDAR,EDAR,protein,1,0.20878398658212777,5,2
TIMP4,TIMP4,protein,7,1.4260195413521342,3,3
PDE5A,PDE5A,protein,2,0.4249538446733291,5,2
PTPRS,PTPRS,protein,2,0.4088829094239279,3,3
IMMT,IMMT,protein,4,0.8328519987301082,6,3
BRAP,BRAP,protein,2,0.41797839754333965,5,2
PSME2,PSME2,protein,3,0.6140174414378112,3,3
GOLGA3,GOLGA3,protein,1,0.21209203709248312,5,3
RRM2,RRM2,protein,4,0.8247998619269319,6,3
FOXO1,FOXO1,protein,1,0.207945829111732,5,3
BAP18,BAP18,protein,1,0.21195824256793244,5,3
IL12B,IL12B,protein,1,0.2114031484574546,6,1
REN,REN,protein,4,0.8184830592626029,4,3
GPRC5C,GPRC5C,protein,4,0.8214947517176133,6,3
UROD,UROD,protein,1,0.21449856468149164,5,2
RNF149,RNF149,protein,3,0.6346760431483698,6,3
APOL1,APOL1,protein,5,1.0257101651933607,1,3
NAGK,NAGK,protein,3,0.6174188620321296,2,3
AMN,AMN,protein,2,0.4155971717748085,6,3
TNFSF13,TNFSF13,protein,1,0.2069469127117277,5,2
SLMAP,SLMAP,protein,1,0.2111820364179041,5,3
MEP1A,MEP1A,protein,10,2.0586446128662668,4,3
ABHD14B,ABHD14B,protein,1,0.20761105388705253,5,2
OPLAH,OPLAH,protein,1,0.21341154423889896,5,2
FCRL1,FCRL1,protein,2,0.4099797381126961,3,3
SDCCAG8,SDCCAG8,protein,1,0.21081942378367305,5,3
PPP1R14A,PPP1R14A,protein,2,0.4209571615600403,5,2
LAG3,LAG3,protein,2,0.40745419669769223,3,3
HGS,HGS,protein,1,0.20812964848456908,5,2
CD300A,CD300A,protein,3,0.6299359680995663,6,3
HEPH,HEPH,protein,4,0.8181531015943048,4,3
C1QTNF1,C1QTNF1,protein,1,0.20542978840645745,6,3
RABEP1,RABEP1,protein,2,0.41519925992139917,5,2
AKR7L,AKR7L,protein,3,0.6240107161844989,6,3
FAM3B,FAM3B,protein,3,0.6125121853074943,4,1
CCL13,CCL13,protein,1,0.20502366770380423,5,2
SIGLEC10,SIGLEC10,protein,2,0.4075959304782315,3,3
AKT1S1,AKT1S1,protein,1,0.20732300384045488,5,2
CEACAM16,CEACAM16,protein,9,1.8489890059544365,3,3
BIN2,BIN2,protein,1,0.20516890391448755,5,2
ADAM8,ADAM8,protein,1,0.2042970441751156,5,3
PPIF,PPIF,protein,1,0.20935364142539575,5,2
OGFR,OGFR,protein,1,0.20509056814068585,6,3
TST,TST,protein,1,0.20740825263401969,5,2
CERT,CERT,protein,2,0.40877008514183344,5,2
AIF1,AIF1,protein,1,0.2068404776237827,5,2
TNFSF13B,TNFSF13B,protein,1,0.20354609901873055,5,3
CASP10,CASP10,protein,1,0.20659511296092797,5,2
TNFSF12,TNFSF12,protein,1,0.2036596039957206,5,2
ARL2BP,ARL2BP,protein,1,0.21187487242887548,5,2
AMOT,AMOT,protein,8,1.6438954960944179,4,3
DDHD2,DDHD2,protein,1,0.2087509207862888,5,2
CCL11,CCL11,protein,1,0.2035137960459825,5,2
CST6,CST6,protein,1,0.21153776977816252,6,1
RBKS,RBKS,protein,2,0.4072753112596288,6,3
ZNRD2,ZNRD2,protein,1,0.20838429731520633,5,3
C1R,C1R,protein,1,0.2081159773603442,5,3
DEFA1_DEFA1B,DEFA1_DEFA1B,protein,2,0.4086136256052643,6,1
DMP1,DMP1,protein,1,0.2106131236381968,4,3
CD80,CD80,protein,1,0.20783421167502755,6,3
TSPYL1,TSPYL1,protein,1,0.21119473531887945,5,2
MAP2,MAP2,protein,1,0.20769139638403625,5,3
HSDL2,HSDL2,protein,1,0.2101144042076052,5,3
EPS8L2,EPS8L2,protein,2,0.40374792838119655,6,3
REG1A,REG1A,protein,1,0.20895985609770143,6,1
PGD,PGD,protein,1,0.20751546775847785,5,2
BOC,BOC,protein,2,0.4049734388907642,3,3
TNFRSF8,TNFRSF8,protein,1,0.20197159004912135,3,3
PTGES2,PTGES2,protein,2,0.41914307157189945,5,2
TRIM58,TRIM58,protein,1,0.20729846599942964,5,3
CALCA,CALCA,protein,1,0.20356864180997253,6,3
SPINK4,SPINK4,protein,1,0.20774613556799496,6,1
NT5C3A,NT5C3A,protein,1,0.20326309023598804,5,2
SUGP1,SUGP1,protein,2,0.4073398809633034,5,3
RAB33A,RAB33A,protein,1,0.2100241258449684,5,2
PDLIM5,PDLIM5,protein,1,0.20655058589843525,5,3
FKBP1B,FKBP1B,protein,1,0.2019929982135797,5,2
COL2A1,COL2A1,protein,1,0.20910956923386728,5,2
GNE,GNE,protein,1,0.20430100909892424,5,2
NFATC1,NFATC1,protein,1,0.2023330823846171,2,3
SH2B3,SH2B3,protein,1,0.20375604132031833,5,3
VEGFB,VEGFB,protein,1,0.20884044843846863,5,3
DNAJC9,DNAJC9,protein,1,0.2062137228695504,5,2
ANXA11,ANXA11,protein,1,0.2019961279336956,5,2
IRAK1,IRAK1,protein,2,0.4059741255345459,5,2
WASF1,WASF1,protein,1,0.20306842219885185,5,3
RABGAP1L,RABGAP1L,protein,1,0.2030428210725479,5,2
SIRPB1,SIRPB1,protein,1,0.2053463621972469,6,1
BACH1,BACH1,protein,1,0.2007693186860749,5,3
SOD1,SOD1,protein,1,0.20298037476203856,5,2
ASAH2,ASAH2,protein,1,0.2007952347930669,6,3
ATP6V1G1,ATP6V1G1,protein,3,0.6158240073914342,5,3
HIP1R,HIP1R,protein,3,0.6096861620317379,6,3
ASPSCR1,ASPSCR1,protein,1,0.2042775177481684,5,2
GIT1,GIT1,protein,1,0.20655071455035423,5,3
TRIM25,TRIM25,protein,1,0.20379030375294457,5,3
TNF,TNF,protein,1,0.20114880376283548,5,3
FABP3,FABP3,protein,1,0.20332280951980083,6,3
FOLR1,FOLR1,protein,1,0.20396780691786537,6,1
HMOX2,HMOX2,protein,1,0.20088780275156087,5,3
TGFBR3,TGFBR3,protein,1,0.20258245221985727,6,1
MAVS,MAVS,protein,1,0.20092430396628977,5,2
GASK1A,GASK1A,protein,1,0.2057413473948981,3,3
RTBDN,RTBDN,protein,1,0.20299103152994935,6,1
ANXA2,ANXA2,protein,1,0.20615349340022923,5,3
BTC,BTC,protein,1,0.2002302222031671,5,2
TRIM24,TRIM24,protein,1,0.2038273117162128,5,3
RAB2B,RAB2B,protein,1,0.20257050770896953,5,2
YOD1,YOD1,protein,2,0.40797819347450404,6,3
AZI2,AZI2,protein,1,0.20157741168512655,5,3
WDR46,WDR46,protein,1,0.2014286871850752,6,3
ITGBL1,ITGBL1,protein,2,0.4008834631291309,4,3
TAX1BP1,TAX1BP1,protein,1,0.20087333668904592,5,3
WFDC2,WFDC2,protein,1,0.20126862665546336,6,3
DENR,DENR,protein,1,0.2037499402381389,5,2
RBFOX3,RBFOX3,protein,1,0.20049931191247528,6,3
MAN2B2,MAN2B2,protein,1,0.20030994331784335,4,3
DNM1,DNM1,protein,1,0.2006619526454776,5,2
CHM,CHM,protein,1,0.2029458694346539,5,2
ST13,ST13,protein,1,0.2023919433666448,5,2
VASN,VASN,protein,1,0.20071714587997996,6,1
DYNLT1,DYNLT1,protein,1,0.2003391486547583,5,3
LPP,LPP,protein,1,0.20086501267506937,5,2
fid_23578,fid_23578,metabolite,330,87.36550307365918,2,3
fid_23497,fid_23497,metabolite,133,36.43116782508697,2,3
fid_23500,fid_23500,metabolite,103,28.94756177052384,2,3
fid_23491,fid_23491,metabolite,61,17.948089005555527,1,3
fid_23493,fid_23493,metabolite,85,24.177044533459036,2,3
fid_23488,fid_23488,metabolite,216,57.48038382887322,2,3
fid_23515,fid_23515,metabolite,105,29.16571477940209,2,3
fid_23495,fid_23495,metabolite,115,31.83731356146269,2,3
fid_23490,fid_23490,metabolite,142,39.03867130001371,2,3
fid_23498,fid_23498,metabolite,49,14.778092230787328,1,3
fid_23485,fid_23485,metabolite,161,41.747555505734596,2,3
fid_23424,fid_23424,metabolite,69,20.046507529766654,2,3
fid_23407,fid_23407,metabolite,207,55.24043176400848,2,3
fid_23489,fid_23489,metabolite,193,52.01108256589345,2,3
fid_23484,fid_23484,metabolite,160,41.92417553197154,2,3
fid_23496,fid_23496,metabolite,65,19.552364845316603,2,3
fid_23412,fid_23412,metabolite,46,13.809398380437917,1,3
fid_23522,fid_23522,metabolite,69,19.824584198361727,2,3
fid_23492,fid_23492,metabolite,46,13.733841382476172,1,3
fid_23550,fid_23550,metabolite,197,51.61267593677752,2,3
fid_23509,fid_23509,metabolite,37,11.426821571256534,1,3
fid_23408,fid_23408,metabolite,152,41.66873802369708,2,3
fid_23508,fid_23508,metabolite,65,19.118193900245526,1,3
fid_23510,fid_23510,metabolite,41,12.526789265097202,1,3
fid_23648,fid_23648,metabolite,180,48.218442531210314,6,3
fid_23643,fid_23643,metabolite,130,35.0749775211368,6,3
fid_23499,fid_23499,metabolite,31,9.817609261017338,1,3
fid_23494,fid_23494,metabolite,195,52.61532278044888,2,3
fid_23486,fid_23486,metabolite,129,35.19450408624584,2,3
fid_23543,fid_23543,metabolite,172,45.29258441402744,2,3
fid_23435,fid_23435,metabolite,178,49.29910751997063,6,3
fid_23483,fid_23483,metabolite,146,39.70674678650469,2,3
fid_23420,fid_23420,metabolite,36,11.045727543436996,1,3
fid_23409,fid_23409,metabolite,134,35.26251969359624,2,3
fid_23447,fid_23447,metabolite,235,61.29895290208924,2,3
fid_23622,fid_23622,metabolite,135,36.70242168760077,6,3
fid_23481,fid_23481,metabolite,142,38.585910686017804,2,3
fid_23501,fid_23501,metabolite,42,13.587533239306522,1,3
fid_23428,fid_23428,metabolite,30,9.45435345534254,1,3
fid_23641,fid_23641,metabolite,136,36.369408689858304,6,3
fid_23640,fid_23640,metabolite,176,46.94873372379641,6,3
fid_23439,fid_23439,metabolite,24,6.6754099445759065,1,3
fid_23529,fid_23529,metabolite,53,15.18395698037458,2,3
fid_23546,fid_23546,metabolite,15,4.311978079256211,1,3
fid_23544,fid_23544,metabolite,25,7.114332672981606,1,3
fid_23429,fid_23429,metabolite,23,6.4109665961655,1,3
fid_23482,fid_23482,metabolite,97,27.083769596917325,2,3
fid_23545,fid_23545,metabolite,25,7.053584289855387,1,3
fid_23536,fid_23536,metabolite,86,23.359146115180746,2,3
fid_23431,fid_23431,metabolite,52,16.61932139290938,3,3
fid_23547,fid_23547,metabolite,25,7.017900724654922,1,3
fid_23530,fid_23530,metabolite,17,4.8927236890668775,1,3
fid_23523,fid_23523,metabolite,10,3.1966513729340704,1,3
fid_23402,fid_23402,metabolite,25,6.852777162946832,1,3
fid_23505,fid_23505,metabolite,15,4.484025869491095,1,3
fid_23503,fid_23503,metabolite,33,10.075739992516231,1,3
fid_23401,fid_23401,metabolite,23,6.41012535170927,1,3
fid_23548,fid_23548,metabolite,27,7.988218638340013,1,3
fid_23413,fid_23413,metabolite,21,5.904232652387045,1,3
fid_23410,fid_23410,metabolite,91,24.74237756959388,2,3
fid_23638,fid_23638,metabolite,63,18.00763768931223,6,3
fid_23506,fid_23506,metabolite,12,3.6189983457083468,1,3
fid_23441,fid_23441,metabolite,23,6.230110414885033,1,3
fid_23404,fid_23404,metabolite,16,4.647582762331094,1,3
fid_23514,fid_23514,metabolite,25,7.18401118821297,1,3
fid_23425,fid_23425,metabolite,23,6.434899714674411,1,3
fid_23571,fid_23571,metabolite,96,26.28255226159529,2,3
fid_23507,fid_23507,metabolite,25,7.288190791903241,1,3
fid_23539,fid_23539,metabolite,26,7.479224193890589,1,3
fid_23403,fid_23403,metabolite,28,8.497319527195701,1,3
fid_23537,fid_23537,metabolite,26,7.35901827048614,1,3
fid_23416,fid_23416,metabolite,25,7.369910809111358,1,3
fid_23480,fid_23480,metabolite,605,153.35285197956964,5,3
fid_23487,fid_23487,metabolite,60,17.600875114772,2,3
fid_23538,fid_23538,metabolite,27,7.934097514371924,1,3
fid_23405,fid_23405,metabolite,20,5.684469317763446,1,3
fid_23532,fid_23532,metabolite,17,4.916477411992092,1,3
fid_23626,fid_23626,metabolite,29,8.587983129553502,1,3
fid_23562,fid_23562,metabolite,119,33.3313793463179,3,3
fid_23458,fid_23458,metabolite,380,100.31582778849912,6,3
fid_23433,fid_23433,metabolite,77,22.895780421330713,3,3
fid_23540,fid_23540,metabolite,26,7.578956631337396,1,3
fid_23417,fid_23417,metabolite,25,6.9583726634634395,1,3
fid_23513,fid_23513,metabolite,25,7.640413580150189,1,3
fid_23558,fid_23558,metabolite,86,24.462367695158562,3,3
fid_23561,fid_23561,metabolite,106,29.92873787337849,3,3
fid_23442,fid_23442,metabolite,78,21.72858017837248,2,3
fid_23454,fid_23454,metabolite,341,90.1107108618294,6,3
fid_23511,fid_23511,metabolite,29,8.745749006849122,1,3
fid_23531,fid_23531,metabolite,17,4.96911726790729,1,3
fid_23512,fid_23512,metabolite,25,7.470453244178997,1,3
fid_23541,fid_23541,metabolite,29,8.654652873702005,1,3
fid_23627,fid_23627,metabolite,40,12.32908740595886,4,3
fid_23559,fid_23559,metabolite,81,22.938360128360195,3,3
fid_23549,fid_23549,metabolite,9,2.806804291401777,1,3
fid_23525,fid_23525,metabolite,11,3.438826174625013,1,3
fid_23504,fid_23504,metabolite,28,8.36811598623546,1,3
fid_23448,fid_23448,metabolite,124,32.70815904870376,2,3
fid_23533,fid_23533,metabolite,17,4.841352174384158,1,3
fid_23542,fid_23542,metabolite,16,4.5103242961635255,1,3
fid_23421,fid_23421,metabolite,13,3.823979656188495,1,3
fid_23452,fid_23452,metabolite,160,44.47071972011597,2,3
fid_23534,fid_23534,metabolite,18,5.172407598823232,1,3
fid_23524,fid_23524,metabolite,13,3.866986946080697,1,3
fid_23563,fid_23563,metabolite,76,21.634101754076088,3,3
fid_23502,fid_23502,metabolite,28,8.454708744765911,1,3
fid_23560,fid_23560,metabolite,65,18.45606567954794,3,3
fid_23419,fid_23419,metabolite,22,6.122362201649511,1,3
fid_23535,fid_23535,metabolite,16,4.508982974051296,1,3
fid_23589,fid_23589,metabolite,25,7.4513710734399234,4,3
fid_23633,fid_23633,metabolite,34,10.854267371953837,4,3
fid_23624,fid_23624,metabolite,39,10.879748576443141,1,3
fid_23519,fid_23519,metabolite,9,2.9065206811982938,1,3
fid_23528,fid_23528,metabolite,15,4.280677758439875,1,3
fid_23526,fid_23526,metabolite,15,4.323717891288591,1,3
fid_23520,fid_23520,metabolite,9,2.8592779308074108,1,3
fid_23440,fid_23440,metabolite,41,11.28517511968657,3,3
fid_23527,fid_23527,metabolite,15,4.305912684431273,1,3
fid_23516,fid_23516,metabolite,24,6.401770074903859,1,3
fid_23636,fid_23636,metabolite,197,53.794854733767416,6,3
fid_23418,fid_23418,metabolite,97,25.86058349175793,3,3
fid_23406,fid_23406,metabolite,88,23.481739994627876,3,3
fid_23521,fid_23521,metabolite,19,5.108442092713531,1,3
fid_23617,fid_23617,metabolite,101,27.97162009073494,4,3
fid_23570,fid_23570,metabolite,40,11.099835434974137,3,3
fid_23426,fid_23426,metabolite,47,12.987016934932315,3,3
fid_23642,fid_23642,metabolite,78,20.850465696006335,3,3
fid_23565,fid_23565,metabolite,36,10.001811368432081,3,3
fid_23568,fid_23568,metabolite,47,12.774281663559584,3,3
fid_23453,fid_23453,metabolite,325,84.92482704562757,6,3
fid_23430,fid_23430,metabolite,43,11.281919279018013,3,3
fid_23569,fid_23569,metabolite,47,12.805864368136248,3,3
fid_23555,fid_23555,metabolite,77,22.477906894142006,3,3
fid_23635,fid_23635,metabolite,158,43.87068830447449,6,3
fid_23414,fid_23414,metabolite,35,9.87340939923155,3,3
fid_23400,fid_23400,metabolite,22,6.1072789028400685,1,3
fid_23471,fid_23471,metabolite,475,118.39673470854619,5,2
fid_23427,fid_23427,metabolite,36,9.837675395827894,3,3
fid_23422,fid_23422,metabolite,57,15.642445655749707,3,3
fid_23566,fid_23566,metabolite,34,9.103283679779722,3,3
fid_23621,fid_23621,metabolite,25,6.767991007708035,1,3
fid_23517,fid_23517,metabolite,25,6.666719398697463,1,3
fid_23518,fid_23518,metabolite,25,6.742495572801686,1,3
fid_23553,fid_23553,metabolite,58,17.085960764532658,3,3
fid_23628,fid_23628,metabolite,61,16.935642509264877,4,3
fid_23552,fid_23552,metabolite,58,16.98414475851557,3,3
fid_23554,fid_23554,metabolite,65,18.98365888458895,3,3
fid_23438,fid_23438,metabolite,21,5.917178376918163,3,3
fid_23632,fid_23632,metabolite,31,8.935284402272877,3,3
fid_23639,fid_23639,metabolite,153,40.4258538239547,6,3
fid_23415,fid_23415,metabolite,23,6.345915625022252,1,3
fid_23551,fid_23551,metabolite,52,15.077314235984083,3,3
fid_23411,fid_23411,metabolite,33,8.925158611823788,1,3
fid_23436,fid_23436,metabolite,29,7.929312827291616,1,3
fid_23423,fid_23423,metabolite,32,9.275621999331543,1,3
fid_23574,fid_23574,metabolite,57,15.887834004472538,1,3
fid_23567,fid_23567,metabolite,30,7.8705740459652045,3,3
fid_23634,fid_23634,metabolite,86,24.53100146330008,4,3
fid_23437,fid_23437,metabolite,28,7.61109665638326,3,3
fid_23478,fid_23478,metabolite,164,46.49109689071126,6,1
fid_23573,fid_23573,metabolite,50,14.205716135918049,1,3
fid_23434,fid_23434,metabolite,35,9.345106913788529,1,3
fid_23594,fid_23594,metabolite,24,6.125572753845437,4,3
fid_23557,fid_23557,metabolite,28,7.86678409177011,1,3
fid_23596,fid_23596,metabolite,51,14.92239553476878,4,3
fid_23645,fid_23645,metabolite,33,9.397576895140176,4,3
fid_23646,fid_23646,metabolite,30,8.283626830615056,4,3
fid_23606,fid_23606,metabolite,89,23.966056245937864,4,3
fid_23613,fid_23613,metabolite,70,18.673897726500655,4,3
fid_23595,fid_23595,metabolite,37,11.18537211911884,4,3
fid_23608,fid_23608,metabolite,53,15.16472563742141,4,3
fid_23577,fid_23577,metabolite,40,11.159707819483081,1,3
fid_23597,fid_23597,metabolite,28,8.037208294417383,4,3
fid_23605,fid_23605,metabolite,69,19.074199711036087,4,3
fid_23449,fid_23449,metabolite,21,5.770050711458822,1,3
fid_23456,fid_23456,metabolite,48,13.877136481099177,4,3
fid_23618,fid_23618,metabolite,64,16.745134611739754,4,3
fid_23585,fid_23585,metabolite,27,8.353958430491112,4,3
fid_23598,fid_23598,metabolite,34,10.009754132869029,4,3
fid_23612,fid_23612,metabolite,30,7.880769361473816,4,3
fid_23556,fid_23556,metabolite,36,10.946648705085254,3,3
fid_23623,fid_23623,metabolite,41,10.646851092013044,4,3
fid_23602,fid_23602,metabolite,35,10.292190877035505,4,3
fid_23586,fid_23586,metabolite,25,7.734665006736373,4,3
fid_23603,fid_23603,metabolite,27,7.634321710056962,4,3
fid_23600,fid_23600,metabolite,26,7.0525951147420365,4,3
fid_23601,fid_23601,metabolite,14,3.719468181114093,4,3
fid_23446,fid_23446,metabolite,27,7.689088300676607,1,3
fid_23607,fid_23607,metabolite,28,7.439962567088022,4,3
fid_23445,fid_23445,metabolite,28,7.747328654439477,1,3
fid_23465,fid_23465,metabolite,8,2.4655112240311303,4,3
fid_23599,fid_23599,metabolite,31,9.17236424442265,4,3
fid_23464,fid_23464,metabolite,21,5.3676982770002954,4,3
fid_23610,fid_23610,metabolite,41,10.749164334870065,4,3
fid_23615,fid_23615,metabolite,66,16.872951112823927,4,3
fid_23572,fid_23572,metabolite,35,9.921587641065342,1,3
fid_23588,fid_23588,metabolite,26,7.334403409250667,4,3
fid_23629,fid_23629,metabolite,26,7.311962371192435,3,3
fid_23467,fid_23467,metabolite,25,6.565369217052789,4,3
fid_23591,fid_23591,metabolite,27,7.631438362393432,4,3
fid_23587,fid_23587,metabolite,26,7.305593698701883,4,3
fid_23575,fid_23575,metabolite,35,9.30893801791317,1,3
fid_23564,fid_23564,metabolite,25,6.264690698773855,4,3
fid_23625,fid_23625,metabolite,14,3.374873017185444,1,3
fid_23466,fid_23466,metabolite,11,2.8634150758433803,4,3
fid_23620,fid_23620,metabolite,24,5.922984497501062,4,3
fid_23604,fid_23604,metabolite,42,10.55247098108521,3,3
fid_23443,fid_23443,metabolite,104,25.646855314121517,6,3
fid_23455,fid_23455,metabolite,37,9.484226944397621,4,3
fid_23611,fid_23611,metabolite,28,7.053443190134443,4,3
fid_23619,fid_23619,metabolite,5,1.246380384703638,1,3
fid_23576,fid_23576,metabolite,28,7.325800685533878,1,3
fid_23644,fid_23644,metabolite,11,2.5731768945499,4,3
fid_23474,fid_23474,metabolite,4,1.0649222430107619,4,3
fid_23584,fid_23584,metabolite,3,0.8767388296867142,1,3
fid_23472,fid_23472,metabolite,14,3.639465673084097,5,2
fid_23462,fid_23462,metabolite,7,1.7442576835630934,4,3
fid_23631,fid_23631,metabolite,13,3.1445615220748504,4,3
fid_23593,fid_23593,metabolite,4,1.0466563148815455,1,3
fid_23637,fid_23637,metabolite,26,6.225562438781057,4,3
fid_23476,fid_23476,metabolite,4,0.9278048783718031,4,3
fid_23457,fid_23457,metabolite,51,12.070983139257024,6,3
fid_23590,fid_23590,metabolite,17,4.033032233908009,4,3
fid_23647,fid_23647,metabolite,25,5.906817485910915,3,3
fid_23469,fid_23469,metabolite,10,2.5870077452036955,4,3
fid_23477,fid_23477,metabolite,2,0.5794094537653303,4,1
fid_23444,fid_23444,metabolite,13,2.9458511536191403,1,3
fid_23592,fid_23592,metabolite,5,1.2046269257174227,1,3
fid_23479,fid_23479,metabolite,14,3.1925320283501453,3,1
fid_23614,fid_23614,metabolite,2,0.48888702908784915,4,3
fid_23630,fid_23630,metabolite,6,1.3465644151869516,4,3
fid_23579,fid_23579,metabolite,1,0.27652752161365424,1,3
fid_23451,fid_23451,metabolite,5,1.079248437146931,6,1
fid_23470,fid_23470,metabolite,8,1.760335147869219,6,3
fid_23468,fid_23468,metabolite,5,1.2276611333319851,4,3
fid_23432,fid_23432,metabolite,10,2.182508080509379,4,3
fid_23450,fid_23450,metabolite,11,2.2903124882118355,3,3
fid_23616,fid_23616,metabolite,6,1.3173177413240076,1,3
fid_23460,fid_23460,metabolite,5,1.1216097783691683,4,3
fid_23609,fid_23609,metabolite,2,0.4643988715259238,3,3
fid_23461,fid_23461,metabolite,7,1.5268532784966584,5,2
fid_23473,fid_23473,metabolite,1,0.2244948423701361,4,1
fid_23582,fid_23582,metabolite,3,0.6215807602555733,4,3
fid_23580,fid_23580,metabolite,1,0.2082160361984984,4,3
fid_23459,fid_23459,metabolite,1,0.20021331476963855,1,3
