dataset,feature,R2_all,partR2_sex,partR2_age,p_sex,p_age,q_sex,q_age,beta_sex
metabolome,fid_23478,0.2623211045099276,0.2539436315919008,0.012289070428156856,0,4.889269698271382e-27,0,1.9324256426501177e-26,0.01276647474280412
metabolome,fid_23642,0.19982111893396826,0.19401514503717043,0.005855178015354179,0,7.0476615204239e-13,0,1.076605962322424e-12,-0.6135881651345869
metabolome,fid_23422,0.19915710385166252,0.19350089520155855,0.006303704560733703,0,7.388658678133737e-14,0,1.1718318540479622e-13,-0.0622824366290559
metabolome,fid_23560,0.19554162915106454,0.19312536149942316,0.0027717460301402985,0,3.321721727801317e-6,0,4.054454461875137e-6,-0.12965772132051592
metabolome,fid_23563,0.19411839807207765,0.19199705759405172,0.0018913075236203225,0,2.4579856918336166e-4,0,2.7445669832581635e-4,-0.03200012322396755
metabolome,fid_23559,0.19374245602100182,0.19169769388673585,0.001993926600113771,0,1.4939265184569982e-4,0,1.7221652921101506e-4,-0.2747437134084213
metabolome,fid_23558,0.19376474853954284,0.19163156463814057,0.0019349164117956619,0,1.9895124873454365e-4,0,2.2517664061318804e-4,-6.53112532338251e-4
metabolome,fid_23433,0.1858611632728514,0.18477865204330446,0.0013989132431253548,0,0.002626380385592514,0,0.002831033402651671,-0.17567812943153283
metabolome,fid_23561,0.18552865388567863,0.18404004075701352,9.390524504513387e-4,0,0.02290869267990996,0,0.023571340815279257,-0.13958895848257025
metabolome,fid_23562,0.18221580676003646,0.18085266268658085,7.5993149576703e-4,0,0.05217515765648209,0,0.05324432072321328,-0.10758901147321098
metabolome,fid_23406,0.1839934289083105,0.18078934803274838,0.002672606704330893,0,5.409569422411987e-6,0,6.507163218263694e-6,-0.2678324154965923
metabolome,fid_23426,0.18384912597788805,0.17857786778051676,0.005948075011236065,0,4.418843670921378e-13,0,6.920075937480649e-13,-0.5240820254107036
metabolome,fid_23632,0.17815520002750374,0.17677263646958186,0.0013919553601657864,0,0.0027149725643610145,0,0.002913914519508158,3.004151532403818
metabolome,fid_23418,0.1767075557453115,0.17402806841797325,0.001949860476367582,0,0.00018503538440948344,0,2.1038269734228941e-4,-0.20554899880658373
metabolome,fid_23414,0.1772320322129397,0.17114844816664176,0.00730796261997646,0,4.680543995545649e-16,0,8.207432780921597e-16,-0.25524971841299327
metabolome,fid_23555,0.16515338251879175,0.1633627378604109,9.973815097955585e-4,0,0.017469053181974125,0,0.018199975909253378,-0.021794977416738793
metabolome,fid_23570,0.1689712139004258,0.16296411829688595,0.006743042562443957,0,8.085549395814244e-15,0,1.333312450038243e-14,-0.01924827138642987
metabolome,fid_23553,0.16324471725610668,0.16191540739250188,0.0010893597671283173,0,0.011364149465734169,0,0.011939549438682735,-0.034853421853011525
metabolome,fid_23552,0.16273573701408173,0.16112434553639254,0.0011404489526554151,0,0.008939295108182223,0,0.009431713906514295,-0.06204790203367742
metabolome,fid_23551,0.1618059736339047,0.15918731572655853,0.0021402228252966893,0,7.331196453895358e-5,0,8.490548451255554e-5,-7.358579473031805e-5
proteome,SPINT3,0.7311024590608457,0.730293450493585,0.0060157124814678165,0,3.1452459594884305e-13,0,9.162647660425877e-13,5.092074246243061
proteome,INSL3,0.7287240215239809,0.7278128906436203,0.013111199025314879,0,7.362955617002289e-29,0,3.0485769426992457e-28,2.5853980390088767
proteome,KLK3,0.6626086572203561,0.65801708361953,0.03144446191285777,0,5.123966838643919e-70,0,4.2251014694919775e-69,2.5872066164627743
proteome,EDDM3B,0.6390217367313061,0.6385944826794528,5.28054559351121e-4,0,0.14703171303321433,0,0.20140101846267133,1.4307505446755295
proteome,ACRV1,0.583220192045113,0.5767914504443699,0.028640659241811472,0,1.156333587311229e-63,0,8.523580154953225e-63,1.788372609899989
proteome,FSHB,0.6171996591890739,0.5656215670436358,0.23011763614795078,0,0,0,0,-1.4715692000036855
proteome,TEX101,0.5374418271577237,0.5354556314027339,0.003814288288246037,0,1.9076967681790893e-8,0,4.7191244629786116e-8,1.0898890961693046
proteome,CGA,0.5483906179918052,0.5021970638826078,0.1596545394301616,0,0,0,0,-1.7253147400092692
proteome,PSPN,0.481436010133233,0.48019073138591906,0.0020499163138113508,0,1.1379565758980688e-4,0,2.3524753860102427e-4,2.084025490876327
proteome,PZP,0.44989823664165884,0.4496721153474156,0.0011858714789879654,0,0.007216918369033743,0,0.012744213381251963,-1.0169458740240307
proteome,PROK1,0.46542931182671365,0.43786605425950464,0.0785515669673107,0,9.393292507312628e-180,0,2.4264620202518198e-178,1.2058579705204073
proteome,MMP3,0.3997812841547811,0.395570056943933,0.00688934737009228,0,3.8675693272476674e-15,0,1.2010037091740363e-14,0.8743734153999586
proteome,XG,0.4177056678404357,0.3894764752453036,0.076551009700918,0,5.612147972093179e-175,0,1.342775404142622e-173,-0.562067963683672
proteome,ENPP2,0.3479079655279099,0.34496557237939773,0.0070794826305776715,0,1.4825499133810748e-15,0,4.643308151458538e-15,-0.43629783424776875
proteome,CALCA,0.3392829436521625,0.33024621588344294,0.016116995638250642,0,1.532708226787001e-35,0,7.12416451272493e-35,0.9514318242771006
proteome,CD38,0.3321627872263322,0.31768174638898095,0.02645584272259327,0,9.994833939305433e-59,0,6.78486517879827e-58,0.46604382849854004
proteome,OBP2B,0.32202997972158864,0.30261078047873113,0.03681672969402905,0,3.017648447553359e-82,0,2.823242249489825e-81,0.9324540068485101
proteome,LEP,0.28076694050130524,0.274940724095071,0.010515148186058587,0,4.09658519291493e-23,0,1.517504083517599e-22,-1.3558833180545524
proteome,NPTX2,0.28399851960228595,0.27430659337086716,0.014875108868495857,0,8.9046677171384e-33,0,3.9683549719583197e-32,0.4273745189672348
proteome,CRISP2,0.2372216548057925,0.2367975530341071,6.165132825397546e-5,0,0.8904419967702356,0,0.9053292192867703,0.7419070472816911
