name,wX_01,wX_02,wX_03,wX_04,wX_05,wX_06,wX_07,wX_08,wX_09,wX_10
ADA,0.026681019707403726,-0.005099881314717493,0.05171024674054912,0.008749532925851653,-0.018924925985600687,0.015773578742683373,-0.00639509396791159,-0.04926521034314831,-0.07437677611068041,0.0017044996100297458
ADAM23,0.003946103404090994,-0.016638365659753854,6.57519350215132e-6,-0.01917992632306251,0.010291549581376222,-0.02368852429432647,-0.02529123456110353,-0.027689602076866167,0.039167524870563436,-0.022948455669955185
ADAMTS13,-0.009141865122690144,-0.010872184787032614,-0.07286430362199721,0.025239673749784565,-0.06126068854900303,-0.08150713835668441,0.04685921736442482,0.052747622909897755,-0.060940559377806944,-0.10645626972469618
ADM,0.0500410432426251,-0.10154479813230582,0.07710003027590288,-0.010211331549489607,-0.15911145910683538,0.05268247008955347,0.003374420242396943,-0.041813858984899595,-0.1857385082233355,0.214711399889864
AGRP,0.011839861306136111,-0.10915635145813482,-0.16079453090204157,-0.13151017646642402,0.13255214067093363,0.25935261155575773,-0.05766775439317667,-0.2063411279284653,-0.0880089730956397,0.06712125907461187
ALCAM,0.0054111214100841685,0.05163765458722882,-0.09013050696717533,-0.0162837051752497,0.006817981737831987,0.16530060513936792,0.14164725473058612,0.025664922268603806,0.14607650137112047,-0.060028978254721324
ANGPT2,0.059834725867269095,0.07766161296257275,-0.039762350365280606,0.06270172517417051,0.0035078105957476614,-0.12218561041845505,0.06650592817998845,-0.08497142058486182,-0.03965345133889869,0.06500486437519973
ANGPTL7,0.015478077509971738,-0.10210617962517521,0.05217397484846262,0.0877050832104799,0.10045457255604681,0.09795124311579564,-0.015468879337564675,-0.113239080630409,0.08290122208049233,0.18824294971653732
BLMH,0.009286930224737198,0.0038476489757869707,0.008266994586206194,-0.039727534905981556,0.013403644274108013,-0.023957560977509725,-0.08317650579130677,0.04251183267281211,-0.007614445000440686,-0.03289037176191202
CA14,-0.15196751530840819,0.008173072661800392,3.644274142228444e-4,-0.09499334545357019,-0.0016104281499411894,-0.10696657282949114,-0.036207684398380874,0.055668569732872875,0.21542166065605928,0.0023793431175001627
CA4,0.013392054652709309,-0.022181813698441376,0.07887085407065163,0.04268014866921035,-0.02285381358026333,-0.04537982983681523,0.0972827620422718,-0.1279853868143817,-0.0012256780410115314,-0.10490544104525634
CA9,-0.012888902065821358,0.03062429725392332,-0.02821323780246827,0.08034792774432473,0.0022655084703705397,0.05594246717013053,0.11025101642025914,-0.07065889021371517,0.0916454547071321,-8.733259402228189e-4
CASP3,-0.08477231453784569,-0.20079960717676304,0.14282682321300638,0.005143776339441221,0.182777359786761,0.32954462435277665,-0.030915641098416637,0.0533377691316166,0.09531472714017941,0.18366707189686796
CBLN4,-0.0030021721731587616,-0.005427307744918835,-0.05140043016162431,0.012401325096890467,0.027824267572039048,-0.08927881331239002,-0.04471950435073312,1.1468521052027576e-4,0.0817112164754758,0.03257949424277565
CCL11,-0.018121426470400687,0.0021089405451297865,-0.03703727047016258,0.01116860968642613,0.16142864731821488,0.11966907884713485,0.05326687288504008,0.0631220534348627,0.01663257539818282,0.03031768146147576
CCL15,0.016450958306332357,0.017338740071377007,-0.020694558116597848,0.06997172746016407,-0.04092284747123379,0.0701322594000488,0.055894951020462554,0.003831981631803046,-0.013962440285449544,-0.11017348623454228
CCL16,0.06975617288497579,-0.051079511300822014,0.0047650843434374965,0.007900121669079099,0.010574977099045322,-0.018547778502828013,0.040576044448666415,-0.033529727747665314,0.007590839483412963,-0.13786939555809066
CCL20,0.012619341893512333,0.03803579851265307,0.005293504395673005,0.004546944764854456,-0.11011905484592319,8.360272395310017e-4,-0.09166081784374859,-0.03812854890061621,0.029264293037618586,-0.05703049469903411
CCL25,-0.01722545755057935,-0.040365232233194666,0.03879855856032771,-0.012078356702881057,-0.05722728135174495,0.026693901070834667,0.015014566178336571,-0.06602157516741505,-0.01935669149660196,-9.374839177221964e-4
CCN4,0.01647705961906455,-0.018477915160597103,0.05695428050305954,0.06222939652517442,-0.00730375072058189,-0.050524299814524956,-0.043695749268847686,0.0057566731493176315,-0.04681891285076562,-0.025333074168511945
CD160,-0.009193892987552557,0.06523863637317089,-1.2546904247958622e-4,-0.01915959445310251,0.006823840388959783,-0.09237560445202309,0.0063963342707239685,0.038472553716245375,-0.05541574199079048,-0.08873987446866677
CD22,0.053313537748039375,-0.03915202415839672,0.014994732033652064,-0.17243849784245982,-0.039665071562060755,-0.0652897167638551,0.01780370844818354,0.02199765435032054,0.0042381537461545216,0.1361680861840799
CD244,-0.022208698212848123,-0.04417582895773993,-0.012845445655654434,-0.030304130361527213,0.033161225080306,-0.08599502239076964,-3.4274498021595904e-5,-0.012664820738035406,0.03008014811510598,0.1807827586938612
CD300LF,-0.004574317213754012,0.003002661749078304,0.04953626198107352,-0.06358136671564087,-5.504940423722348e-4,0.02940250053578566,0.022247479972133704,-0.009485528203661006,-0.06725940349577277,0.08230833958144017
CD40LG,-0.018201205585418673,-0.06680967473395824,0.2543264527291178,-0.08677543617942544,0.4414231308023728,-0.10030325609643387,0.026365546494914502,0.10785884269691128,0.10982494520867123,-0.14707293471047947
CD79B,-0.015047590177248917,0.19044829932217724,-0.1152582201858628,0.18311026021398613,-0.01752511934025709,0.13013011045032577,-0.2589018463454925,-0.1259763368751295,0.15289297263550394,-0.1448715826341699
CDH5,-0.05845531201036748,0.029553214259343805,-0.04525689047798558,-0.01569291243534855,0.024094828527145607,-0.020845760882983722,-0.14487256028839787,-0.015230698949490078,-0.07955207659062213,0.03567218402852723
CLEC7A,-0.003370192027629664,0.02052337902953567,0.03822602206965796,-0.0032613436208468113,-0.0035807671342925557,0.007839579411895033,0.03701684515958978,0.008719744363552136,0.006310369590605185,-0.013161562261626937
CLMP,-0.042405872253316185,-0.09436617544327423,0.23261748712950497,-0.0036977587689739615,-0.059131717405920874,0.05621263014459835,-0.10669646027112566,0.06646694540786535,-0.032899198164877824,0.008520229716201075
CLSTN2,-0.05305053276221321,0.020649827547611303,-0.003191429837484129,0.04397811064059642,-0.006925891522837842,0.03277312855157177,0.0023208774214130063,0.1263903199228771,-0.057690514895206345,0.1606737264561442
CNTN1,-0.04786392034231613,-0.005328669818744792,-0.08015058003268966,0.006359121199944373,0.05568841185772938,-0.13124402629433482,0.07126732154588032,-0.05688547248319122,-0.07538412324063075,0.044251171700515374
CNTN2,-0.001154943441199548,0.04761637623979676,-0.06120696266205838,0.029892102443440736,-0.022722558228281755,0.06153752651679565,0.02566741525627599,0.028749379474927724,0.03748805862299465,0.005940209616838189
COL1A1,-0.031008213398283708,0.05528028109886043,-0.0173886308330803,0.013801441659568245,-0.00861284374414732,0.026655476573073468,0.03981106128680965,0.06163739777552684,-0.014235826028216535,0.025862495235837633
COL6A3,-0.004106633890882399,0.032999631920915616,-0.016718270139981572,0.01919849385814795,-0.020861356909732356,0.04787937682211737,-0.01588878287593246,0.14760968412749872,0.05286940722224456,-0.03711968308343184
CPA1,0.012488058783299536,-0.02330079271041274,0.11850501905502475,0.08087950654889879,-0.14261451049337656,-0.06096080036970472,-0.25801059212887045,-0.06810198548590748,-0.1597830458813716,-0.10557597771382954
CPB1,-0.015878373562029105,0.05750350234833492,-0.1297730147556545,-0.11278886639723298,0.15571492722784883,0.10240341997902289,0.22759818266779294,0.01664937921079372,-0.0076246258820394505,0.030361321680451994
CRISP2,-0.010196806473093597,0.0012817857666948477,0.010046279259511523,-0.015164989641676748,0.031750831002029134,0.015681944338922577,-0.019368182316006875,-4.6701163465404517e-4,0.0010859181189315993,-0.019343494545278207
CRTAC1,-0.00505639811755445,-0.020096497628931564,-0.008601113694452066,-0.03939252762747429,-0.010878472598924991,0.00882902311456583,-0.027326331084515144,-0.009744612235120199,-0.010140745758581088,-0.1014409895991897
CTSO,0.0111093708032172,0.03001259503368717,0.006262980369798054,-0.04118891193323572,-0.029807541957441848,0.06293915286824801,0.13901112047501138,-0.017974128448337404,0.004023858572833526,0.09031319705705423
CXCL17,0.05539316105560701,-0.025372942836136985,0.002584024981832882,-0.08983404727401455,-0.07948913289033263,0.00429885574829419,0.028392022979829457,0.044898695349786945,-0.17943778195860302,0.12208805523012742
CXCL6,-0.001866471649192396,-0.048533228293895635,-0.09941121482924133,0.010979092376548401,-0.17593355690714407,-0.006565472900260712,-0.018441409943447454,0.06277129907945804,0.027885890927497575,-0.04367534095437991
DAB2,0.0742888829097528,-0.15994260488418532,-0.17652927870161533,-0.07840333398166381,-0.33840337872995735,0.06996898828909127,-0.22935643643582596,0.03204983456768051,0.1603148758538107,0.02581710124937199
DCTN1,0.019530910084952627,-0.03566035886729545,-0.2233911048275055,-0.02043968709355661,-0.04609160974894779,0.1408539682091829,0.01769244610950317,0.07507959513966317,0.06555144958349281,-0.009553487280798611
DFFA,-0.006105439134194021,-0.0788732461923907,0.16604004110463055,0.2043534809865338,-0.18232243759505395,0.1197875521477262,0.11185841387787972,-0.12226562204236277,-0.0451625257820297,-0.058643664324983254
DKK3,-0.033470368310091425,-0.09760516141086749,-0.05419469106505367,0.032902697676446636,0.03153182082833371,-0.06952180375578522,0.023361288280108482,-0.037241060563345654,-0.20171088999876702,-0.2441990613096119
DLK1,0.03408805583192304,-0.006033040323926494,-0.11861998600005508,-0.04579232754684399,0.03396671692367347,-0.011482808371467793,-0.02505757582791176,0.11578691479251109,0.05563621513622534,0.07456136273614695
DPT,-0.016607864232817023,0.01866473926902749,-0.05945563125140585,-0.05253079030354096,-0.006927435756423333,-0.04098913777537899,-0.12883010390246175,0.05768635745409993,-0.035291273630777005,0.005179210606273952
EDA2R,-0.0329317996813244,0.03548828826781409,0.03508725059180077,0.04711720133730814,-0.06018683977631754,-0.029846937709054052,-0.00875049185591572,0.02215620916979541,-0.0429828427771887,-0.07785347399471254
EGFR,0.04052334358313138,-0.0882626603273915,0.1343405654031118,-0.05137730739348979,-0.015550119982509844,-0.37741594453125454,-0.18870794645541955,-0.2970993052244288,0.1331247546911491,0.015941159441569534
EIF4G1,0.05264754758305978,0.09270391351169271,0.21645671875504877,0.09157399794663697,-0.20410921399839577,0.12194442334712174,-0.29092068970456575,-0.18264922614523144,-0.08047996517144314,-0.21528569007338536
ENG,-0.06100543286552378,-0.12317753507306776,0.05166830921226005,-0.08037465889829665,-0.04752443312587984,0.0766929972967253,0.1089662880736633,0.1758093494841926,-0.06750547656071536,-0.025811890540106363
ENPP2,0.007293784284372272,-0.013978671083953348,-0.014094944515402153,0.07992880234087561,0.0559596568136759,0.06440835808455246,-0.14943645333566913,0.10522592532288579,-0.031430910396252745,0.020213157677018326
EPHB4,-7.863620797984882e-4,-0.019950020330005983,0.10773287891993891,0.08987289779520516,-0.02079506641161607,-0.0044306096338324035,0.25443970168760605,-0.06437204411986647,-0.1307592170763058,-0.02001889875328434
ESAM,0.011291066213155551,-0.10090994239969713,-0.02039965313326735,0.018239482151149077,0.012923897970698681,0.14968358223820458,0.0857805398281023,-0.030576115795970034,0.16801498853732963,0.17244786157784397
FABP4,0.11775287667022374,0.009707251020743685,-0.10156464089777638,0.055466466554436475,-0.10019598742480551,-0.12639405977773174,0.03469227675237133,0.14502269542122437,-0.1911841452213911,0.006089838968094503
FAP,0.009229342776518358,-0.1417125243394083,6.19779830490494e-4,0.06208719615974268,0.009130564826754487,-0.008935168388626616,-0.10705393155460456,-0.07714131667206646,-0.12399041258567985,0.020527717258141426
FASLG,-0.020443276460889028,-0.035983186121935455,0.04022207483822547,0.00400415198805883,0.04972178896822003,0.019174145392745118,0.08874150858890334,-0.03282888105014517,-0.0024819383082948804,-0.010961205713433075
FLT3LG,0.007716378437166413,-0.027866807104255795,-0.035499587702919645,0.028426167837506053,-0.0538955338714337,0.06769921311743356,0.016218385637011817,0.011500039211408339,-0.029786878643756984,0.011872154157708212
FXN,0.02084273767641673,0.24974559879871852,-0.05371533115076932,0.035828733136720234,-0.022139257582682252,-0.008396275574920294,-0.28388100305622915,-0.0777657184687908,-0.08816532630272556,-0.16574916516652927
GALNT2,-0.12547285034930122,-0.1509852148252816,-0.12759910728848564,0.10955980720701688,0.04872982105661894,-0.09246606106007185,-0.0739912502465625,0.24832318168920522,-0.2732808773070177,-0.1418022008939863
GDF15,0.004802680522030775,0.04283145503408551,0.023012058331619598,0.13125351383090322,-0.11009659170523829,0.011910155406368896,0.14084863211858234,-0.1439686351918039,-0.1646174655950364,-0.14365511965507824
GMPR,-0.023972639144509946,-0.037494856972377776,-0.030982725824777093,-0.02126267763407494,-0.003345349196625377,0.01374794468327483,0.047283492262013525,0.012372688892831659,-0.024947429458488324,0.009961393308518668
GPC1,0.0020877380153052137,0.060342034821737,0.04372144568481527,-0.017932763517487234,0.0030416659004074216,-0.009612912317409843,0.014705112840165699,0.15808540562872275,0.08906399997520795,0.020351765523730865
GZMA,0.01743797972420536,0.007548549556973432,-0.06578340620713304,0.04750879986129886,0.0911022970482236,0.04145410870298873,0.027275889813555155,0.025685223214355877,0.049194969735150036,-0.08775996026967131
HAO1,0.015892114972247153,-0.050391570656621795,-0.006859120151453524,0.02414536655230595,0.013827563972412185,0.08854168485593876,0.02992174292997999,0.04002462184976789,-0.031947189880677365,-0.05326798286566582
HBQ1,-0.04023710732225438,0.002893395350598446,-0.04340906893984656,0.018102904117564607,0.11168298046721852,-0.07843078545559504,-0.06025765318926712,0.13379882249878108,-0.012526993970274018,-0.11987009217849254
HCLS1,0.057242378931701504,-0.01765398978498023,-0.010783307237314228,-0.1308671097051118,0.5103517000239847,-0.0062370918794849095,0.06167900526227264,0.04173839674892762,0.07264660955986192,0.033672375621291474
HGF,0.1561185866424056,0.166936036123763,0.12373250050589296,-0.16815021621689702,0.42790089332515485,-0.07113626357886468,-0.04523037055815869,0.045551197986860095,-0.1823675172784994,-0.008758201054421091
HMBS,0.016126610599823028,-0.016898645651453534,0.03210141280926392,-0.04134531983852796,0.056361988178317744,0.04034447635528307,0.021460230495877985,6.146727732855244e-4,-0.06904908913869173,0.011545367307978893
HPCAL1,0.09038032026633219,0.40810822647732115,-0.375575464485949,0.0752573882899095,-0.12369610944493512,-0.29706522771934435,0.05350088591639332,0.21318872640388128,-0.10437891232948705,0.10726981319627465
HS6ST1,0.040880185579697685,-0.15284089160011324,0.067528075639013585,0.0026011424187193663,0.012134957038189773,0.10991659671337092,-0.17231157325143306,-0.03567570474104345,-0.0013076780058612944,-0.08487982008399513
HSPB6,0.006485126485134273,-0.03147854614280691,0.09878637398277007,-0.109495265765643,-0.061301520612445606,0.24351155772330071,-0.19398610456517926,-0.13975354232268117,-0.13895879446279,0.13463957699430404
HYOU1,0.12179656596862101,-0.11525897011468882,0.2022995518230225,-0.14089102171775922,-0.13572765554087046,0.021419162120054267,0.0698178823467088,0.02786611111538565,-0.05530061883236328,-0.05318051406800777
ICAM2,-0.025486633051081103,0.030676203461479257,-0.03399693183601692,-0.029153440412705532,0.05789939786240591,0.01946012182351109,0.011289326974205252,-0.13678815355135593,-0.021061207565948602,0.11753020175493545
ICAM3,-0.009172888153600595,0.0898680472005024,0.05294310140629538,0.1416699883583406,0.06333479752026877,0.21417807188939875,-0.3164643317620018,-0.11538895302347134,-0.022315760037738178,-0.08915426498857833
IDS,-0.007023476167207273,-0.0040247880978902814,0.01932802684033482,-0.06054436044206234,-0.048838295191301666,-0.01918860297624883,-0.025414481536789615,0.015168197247588144,0.02450484898142774,0.05154752612683616
IDUA,-0.005420874114017073,-0.04812465590303637,0.011862754263466467,0.06459243105740202,0.13020568884426428,0.0031747697033397827,-0.0685574661544848,-0.0019498983295015938,-2.7717673257012556e-4,0.1263461697962437
IGFBP7,-0.054430777960913244,0.014789933937523946,-0.09158996639063288,0.1257243506218028,0.015509461402345328,-0.02873468021555735,-0.09198082503682894,0.07324407938156886,-0.012612283028305344,0.21674596510841287
IL12B,-0.0022932457058782328,-0.023478329556816824,-0.02890696148807685,-0.005903014319307316,-0.04242714378921157,-0.0037934571952861146,-0.03665023282840882,-0.01923939579427579,-0.051377466633705134,-0.033871220226477476
IL16,0.08046694422617785,-0.021955021788964805,-0.07582197612003536,0.005530112325465482,-0.034091579613884794,0.041956628300613544,-0.06556630049408005,-0.05915073465379407,-0.0567495759157056,0.04354274179512548
IL18R1,0.06487287460297526,2.822929161212968e-4,0.019393726230418257,-0.054434311438999725,-0.10436864586549482,-0.04261789507453851,0.011582831207639276,-0.044500103042816694,0.04542996887934346,0.041817648008892754
ITGAV,-0.06626944898295213,-0.13557671246137745,0.1048432572741209,-0.07733142551314155,-0.054488119034557955,0.12967387518885917,-0.05534356632136279,0.0880822698190005,-0.0016854906921581435,-0.09767857909537306
ITGB7,-0.022334237216240692,0.00395743476343093,-0.05001753332523356,-0.0011103857289789638,0.04127341129875065,-0.01397213779038847,0.04090443855867939,-0.008666993267797945,0.06539599209942114,0.10522984240642896
KLK14,-0.0015801856130495569,0.08982979649322523,0.06278627981377001,-0.0555181271368138,-0.03280276383092441,-0.016083874271289805,0.014731560515545116,0.07239691475338131,0.023492719943920576,-0.04884056947233166
KLK4,0.009628519106325095,0.03458249212659257,0.009307914285085421,-0.020114853116192467,0.0023695986647255768,0.024954436663539248,0.029018187406489173,-0.018036516610162492,0.040664754329221175,0.023028378989584975
KLRB1,0.023992314138193842,0.023303068569053283,-0.05551538834983794,0.03060684322760053,-0.05262772732787169,0.024069480384514126,0.15947641673051444,0.08209901881556067,0.08933043357563389,0.013237561899276603
KLRD1,0.02831063412645377,0.0033432576417516684,0.04448411309621659,-0.012405164496004397,-0.05106068385120208,-0.04480012909265991,-0.0207563129725071,-0.06618042755443965,-0.022043535799996135,0.021026049032266313
KYNU,0.005077613136385517,-0.09028863978292277,-0.0021060128783077885,0.028842010397315605,-0.04894887586950733,-0.12022429773505244,-0.08141756533230186,-0.06561608192023323,-0.15100654361803237,-0.007097184668513358
LAT,-0.005217883124821865,0.07246357926049725,-0.10373920108908725,0.0032136776300684417,0.13279670721095213,0.05791778395884441,0.2072410396713298,-0.3824662288093501,-0.02655290563518016,-0.11342860825627842
LILRB1,0.01593119799765759,0.08703378826786784,-0.022524163021579387,0.010658535714515317,-0.003085571974156708,0.014254339851599067,-0.052484787379108534,-0.05863490485990689,-0.00759884458572855,0.11387563999604815
LILRB5,1.535884751392934e-4,0.0020741112175273898,0.032101987420602135,-0.004219606553622263,0.0015597579396794661,0.010058886066289295,-0.016900718084433303,-0.02022399121765826,0.04452951254228287,0.016715181525041197
LTA4H,-0.013218538296749726,0.08256441295978138,-0.012101111916059068,-0.07906382170526734,0.021934211718605486,-0.01606310837535407,0.008166200295546126,0.044243305285596016,-0.031732657573166505,-0.014593103213243681
LTBP2,0.03383148916612921,0.15754270655518868,0.09776946034693737,-0.06528127724503117,-0.09140241226075968,-0.015443575635356713,0.03470126810702798,0.02477095468227882,0.21934344402362363,0.07044820354749103
MB,-0.05266784873821315,0.041329753718586805,-0.1031597735145659,0.07590197597441453,0.016596437845845972,-0.20199182934919638,0.19933625962604312,0.11901542933966475,-0.0011880142835807848,-0.13584700005619502
MERTK,-0.027071079896747965,-0.03673113386935436,0.08375458572114142,0.010106741742206047,-0.015889740701792138,0.06272113474131624,0.03146882314053962,0.06351182778094931,-0.058629270813831874,-0.19250035514334796
MFAP5,0.026457943919649944,-0.010556840291235253,-0.07910261557797295,-0.009765533036065083,0.08719258594129344,0.10027477603386976,-0.13959535183720412,0.07595831843889843,0.037621541118712,-0.03441523273694259
MOG,-0.04568310157840959,0.012870227932012942,0.09967393564310209,-0.12788774457289245,-0.09617850600203454,-0.07277676753241215,-0.08628370871688297,-0.004871970906105466,-0.06215401090206965,0.022614314505645706
NCS1,-0.009973496474449657,-0.08799410211890474,-0.19385098102888557,-0.05764602819573697,-0.021189569977969915,-0.22776433676321003,0.2279117089007911,-0.2461565630526174,0.035144867241483004,0.21923421267643903
NFASC,0.04170656127221837,-0.0740479559187846,-0.09627940423613081,0.30435375921445795,0.016241769837825184,-0.03658804984026194,0.040015718800442045,-0.07037320743833621,0.09563178556424191,0.027036870718811386
NOTCH1,0.01680360554806961,0.02257619025703157,-0.13675560174786483,-0.01028435200365124,0.1422646173153135,-0.07070942679916505,0.09260186413227155,0.10945481009932544,0.13632472484673605,-0.03193969536985889
NOTCH3,-0.16894743077778898,0.03397964218804398,0.17856481071389402,0.16948327252859355,-0.006980967866120529,0.23450087799561029,-0.21842896863713362,-0.0990251445760117,0.050413563521662555,-0.11675388247563186
NPY,0.05967701051396114,-0.14146643467754536,-0.16801756432485426,-0.048200578771024814,0.08176122192062527,0.10375394232094308,-0.015414037180336517,-0.03219516622501661,0.2613896530842387,-0.36431839169384017
NUDC,-0.0504434903003097,-0.06904154317806704,0.10038629912140459,-0.02287512232051269,-0.07950935486658725,-0.159058219777361,0.11467231050094143,0.09978526889742145,0.038894538887821725,0.2065394321353475
PCSK9,0.07531509469116053,-0.23557854004979964,0.25926120640537037,0.09428333917619636,-0.1664122592618687,0.028511460681683972,0.04326486530310809,0.37576409893615037,0.29199616969238973,-0.11365605111392132
PDGFA,-0.13005223996439016,0.058979901662347255,0.03654455950512116,-0.06779506946299788,-0.05259512030438122,0.26623517188294715,0.08301353051624359,-0.09877843055644854,-0.1825667229120875,-0.19437670086563455
PDGFRB,-0.0037456279891052748,-0.005902760152607191,-0.004036885686654068,-0.028338317164441542,-0.0018725463706829582,0.003139980487613901,0.02949805360949475,0.03771329762235565,-0.025236959545053533,0.016227597431096225
PEAR1,-0.01754593987449,0.08732992132713925,-0.008546645572958448,0.01910102916932558,0.002060916376810335,-0.047153715073853804,0.11645896307138837,-0.03755328949568562,-0.04871443283882985,-0.025907115186509393
PGF,0.06141188914630173,-0.03566640962316173,-0.041831643709264156,0.02008821538156576,0.0883431623770465,0.010082632373219836,-0.01780762049560131,0.12265699579338138,0.18406351965658344,-0.023372343903993696
PPP1R9B,-0.02421891381621749,0.01296919052306373,-0.12919079689754723,-0.022479179136549652,-0.035494878350813414,-0.00877993550544972,0.14450843593128723,0.03029928288926655,-0.05500112315179194,0.07267139066988304
PRDX5,-0.06297085145548133,-0.19368205752858342,0.16365648925349577,-0.024916319642537803,-0.10208967585027977,-0.12868448026370222,0.01787407942496178,0.04825376328011481,-0.015066112598042478,-0.040850391276974284
PRDX6,-0.04228505812963162,0.05724457298754733,-0.03586763343709761,0.07212867339229218,-0.05664521426092864,-0.03273627677403477,0.04027796297414299,-0.05442679963980005,-0.06636231793415395,0.06779222030421234
PRTG,0.0023623538314258706,-0.0719303673527196,0.056168140848462646,0.033614146210739555,0.013052547748712845,0.03830471244951362,0.06302342779773966,0.03479702299502993,0.027906299792490184,0.17845054725153248
PTPRF,0.044273113193505506,0.09129432211739584,0.0619759443731355,-0.17766522935600987,-0.006994213818940035,-0.05603168071897527,-0.08886882048226528,0.02107712673623818,-0.04473263308333077,0.014844692174275566
PTPRS,-0.0511947957941735,0.14758016581158784,-0.13282854212751094,-0.1080798368994617,0.0512292772645832,0.01616861886707733,0.02784632851020239,0.012882823031769899,-0.04076183810726973,-0.01913712847130858
REG1B,0.004512457528821229,-0.011709174368803466,0.0243397440417857,0.03375234700910881,0.024827285084857025,0.027844541766169417,0.1524812664549808,0.0022404372264368637,0.09063097041759274,0.11315994633756714
REG3A,-0.012755383687195398,0.07429965150199773,0.012495150043870936,-0.05743656840595844,-0.05671486025267574,-0.04677330579577989,0.001162897450370484,0.003998555823997769,-0.06336423240308024,-0.04835957874544321
RSPO3,-0.016047744582479886,0.032912153933186035,-0.029622745803539796,0.01994572519364622,0.0010312251664385608,-0.02359563750358942,0.05201232321319665,-0.008192551148938262,0.024483058691345455,0.028540837247536237
RTN4R,0.10749692902992213,0.08351956489563216,-0.14284001620270306,0.1075423990682056,0.09389570241936489,-0.22160138287250367,-6.70663925615334e-4,0.10435214789057343,0.10943968473205164,-0.08977337751066325
SCARF1,0.05324752384652975,-0.020151368869491846,0.1230743421570694,-0.11106456208537417,0.2248649383354252,-0.02352439270208897,0.09847620416832285,-0.08125731310748048,0.09910709977195065,-0.012393264886622984
SELE,0.11168960241733009,-0.013186998121447998,0.025521955447632357,0.07492987541647299,-0.0066008071060322015,-0.06504029386226369,-0.028678206855366963,-0.013247003034993831,0.08631158010435372,0.13878887567065748
SERPINA11,-0.005487579174507346,0.03510602622238108,0.07872759473518672,-0.02388039260520789,-0.048536708617281515,0.17130221550756833,-0.05300642736117588,0.14569598964927302,0.178584806076497,-0.02640545507203791
SERPINB8,0.0019647721669150534,0.05489355006597655,0.03515175580905392,-0.004538779158832508,-0.023273601068520486,0.04959830947491426,0.008808927292222338,0.030141767793422862,0.01617774774316416,0.023701955958326318
SERPINE1,0.16383427415957866,-0.08582282927169435,-0.045667522779533336,0.1863752788303999,-0.05523534252907353,-0.10753072220343902,-0.04593688943004144,0.35345193443022344,0.07599582556128102,0.3246460306824089
SIGLEC6,-0.014846710461516132,-0.004828327271978759,-2.6093491800530507e-4,0.016047908091623295,-0.018148473438851346,0.0129251161197401,0.09455083941572101,8.246999520062966e-4,0.01283993419320659,0.047389755377044325
SLITRK2,0.0371017446330187,0.06162596172998946,-0.03707439853086125,0.0036137072948321247,-0.00643392750405572,-0.061604752188623095,0.132386810954062,-0.007111973311796692,-0.036589462174269,0.006928930674597966
SMOC1,0.06339134916178618,0.030075785935482144,-0.12426522352711235,-0.20966980362448748,-0.16304836502108327,0.16745777163584763,0.04309593119341683,-0.0069579796823210065,0.035677544678208196,-0.06222711448246325
SPINK6,0.016469517927940512,-0.012941558351411536,-0.049664696355106876,0.02909105756625144,-0.019486509231097873,0.034798185596478556,0.014088725668049532,0.07164940613706286,-0.10212765025994588,-0.10208666150138677
ST6GAL1,0.1159831009293293,0.11853614822894991,0.11346275901615294,-0.15707609244970522,-0.23619332872551252,-0.24898382543360562,-0.06573310011794802,-0.2623308895974671,0.10919977667802722,0.1520149213609509
TGFBR3,-0.04888812391831875,0.030673623625211584,0.035885145533090704,0.011010521617158741,0.0018010877954965684,0.04997439527724895,0.010855686735421992,-0.04045238465654211,-0.007987061027402157,0.15827106573098612
TIE1,0.009037016189633318,0.031563412839161725,-0.02702531733036049,0.02809263288964283,-0.00823426111489085,0.012622552072060417,-0.007266241684577754,-0.04749072981279136,0.014200555949434262,-0.005225953259211027
TLR3,-0.0137831444219384,-0.009503144250548547,0.00137056401949738,-0.006295903244437734,-0.02009031455929572,-0.00931776091926089,0.019202188251708757,-0.018930858522742785,0.016472989924815537,-0.010888624120582675
TNFRSF11A,0.061152840627181966,0.060328357988064164,-0.016498199437800766,0.04211157328723565,0.05347526038541503,-0.09620598354397167,0.04790525790250576,-0.02581202029606189,0.05416778933113317,-0.18490293725633153
TNFRSF19,0.013788106240769262,0.015840369013937573,-0.02532822106456153,-0.020404998733429068,0.05289700984649842,0.03863111020650263,0.049078110390949024,-0.04663884454616343,0.12312582341875201,-0.0704253175397209
TNFSF10,-0.10882127833769237,0.028986949874915752,-0.09192266942594748,-0.22040126277455646,-0.03470408407705275,0.03074209215272435,-0.1410417694143886,0.29454200077163556,0.029916458257032354,0.190299822254176
TNFSF12,-0.04082959264057818,-0.02965903672541069,-0.10271685857208186,-0.06818175197904576,-0.010096696615435061,-0.05801641079879056,-0.08295307701046281,0.010107640024776765,-0.04413794009860851,-0.05262102824044648
TRIAP1,-0.029836228616912985,0.09965040858429551,0.15862035882867584,-0.08012599552012951,0.3243628420640489,-0.15058341650429816,-0.04354612124137778,0.04107649882381743,0.05800490840718292,-0.09292300491522726
VWF,0.04633966022429419,0.0010740062543458109,0.017241653062266365,-0.002079736886578947,-1.3682868840963282e-4,0.04190794128479763,-0.06545850734668929,0.010616478207272045,0.03167571904777039,0.014426494687097604
WIF1,-0.0276630602040648,0.026409453884952593,0.07416902306118169,-0.10228373068739495,0.03139057182541463,0.11907583156800829,-0.11687195369296184,0.01405941101352986,-0.18438116739669924,0.024733698067032097
XCL1,-0.001872789241506615,0.011187295379138033,-0.04074353143424654,-0.02519399472719939,0.018707373369100704,0.017876589038516664,0.017862030680670358,-0.006923396165268901,-0.04694007665443192,-0.05019218252007433
