dataset,feature,n_obs
metabolome,fid_23474,10437
metabolome,fid_23475,10532
metabolome,fid_23476,10534
metabolome,fid_23477,10534
metabolome,fid_23460,10534
metabolome,fid_23479,10534
metabolome,fid_23440,10536
metabolome,fid_23439,10536
metabolome,fid_23441,10536
metabolome,fid_23433,10536
metabolome,fid_23432,10536
metabolome,fid_23431,10536
metabolome,fid_23484,10536
metabolome,fid_23526,10536
metabolome,fid_23561,10536
metabolome,fid_23533,10536
metabolome,fid_23498,10536
metabolome,fid_23568,10536
metabolome,fid_23540,10536
metabolome,fid_23505,10536
metabolome,fid_23575,10536
metabolome,fid_23547,10536
metabolome,fid_23512,10536
metabolome,fid_23554,10536
metabolome,fid_23491,10536
metabolome,fid_23519,10536
metabolome,fid_23580,10198
metabolome,fid_23610,10536
metabolome,fid_23635,10536
metabolome,fid_23615,10536
metabolome,fid_23590,10535
metabolome,fid_23640,10536
metabolome,fid_23620,10536
metabolome,fid_23595,10536
metabolome,fid_23645,10536
metabolome,fid_23625,10536
metabolome,fid_23600,10536
metabolome,fid_23630,10532
metabolome,fid_23585,10444
metabolome,fid_23605,10536
metabolome,fid_23485,10536
metabolome,fid_23418,10536
metabolome,fid_23527,10536
metabolome,fid_23417,10536
metabolome,fid_23562,10536
metabolome,fid_23534,10536
metabolome,fid_23499,10536
metabolome,fid_23569,10536
metabolome,fid_23541,10536
metabolome,fid_23506,10536
metabolome,fid_23576,10536
metabolome,fid_23548,10536
metabolome,fid_23513,10536
metabolome,fid_23416,10536
metabolome,fid_23555,10536
metabolome,fid_23492,10536
metabolome,fid_23520,10536
metabolome,fid_23581,10198
metabolome,fid_23611,10536
metabolome,fid_23636,10536
metabolome,fid_23616,10536
metabolome,fid_23591,10535
metabolome,fid_23641,10536
metabolome,fid_23621,10536
metabolome,fid_23596,10536
metabolome,fid_23646,10536
metabolome,fid_23626,10536
metabolome,fid_23601,10536
metabolome,fid_23631,10532
metabolome,fid_23586,10444
metabolome,fid_23606,10536
metabolome,fid_23473,10533
metabolome,fid_23404,10536
metabolome,fid_23481,10536
metabolome,fid_23430,10536
metabolome,fid_23523,10536
metabolome,fid_23429,10536
metabolome,fid_23558,10536
metabolome,fid_23530,10536
metabolome,fid_23495,10536
metabolome,fid_23565,10536
metabolome,fid_23537,10536
metabolome,fid_23502,10536
metabolome,fid_23572,10536
metabolome,fid_23544,10536
metabolome,fid_23509,10536
metabolome,fid_23428,10536
metabolome,fid_23551,10536
metabolome,fid_23488,10536
metabolome,fid_23516,10536
metabolome,fid_23478,10051
metabolome,fid_23443,10527
metabolome,fid_23450,10527
metabolome,fid_23457,10527
metabolome,fid_23486,10536
metabolome,fid_23422,10536
metabolome,fid_23528,10536
metabolome,fid_23421,10536
metabolome,fid_23563,10536
metabolome,fid_23535,10536
metabolome,fid_23500,10536
metabolome,fid_23570,10536
metabolome,fid_23542,10536
metabolome,fid_23507,10536
metabolome,fid_23577,10536
metabolome,fid_23549,10536
metabolome,fid_23514,10536
metabolome,fid_23420,10536
metabolome,fid_23556,10536
metabolome,fid_23493,10536
metabolome,fid_23521,10536
metabolome,fid_23582,10198
metabolome,fid_23612,10536
metabolome,fid_23637,10536
metabolome,fid_23617,10536
metabolome,fid_23592,10535
metabolome,fid_23642,10536
metabolome,fid_23622,10536
metabolome,fid_23597,10536
metabolome,fid_23647,10536
metabolome,fid_23627,10536
metabolome,fid_23602,10536
metabolome,fid_23632,10532
metabolome,fid_23587,10444
metabolome,fid_23607,10536
metabolome,fid_23470,10512
metabolome,fid_23461,10497
metabolome,fid_23462,10525
metabolome,fid_23480,10536
metabolome,fid_23406,10536
metabolome,fid_23463,10515
metabolome,fid_23465,10534
metabolome,fid_23405,10536
metabolome,fid_23471,10505
metabolome,fid_23466,10534
metabolome,fid_23449,10527
metabolome,fid_23456,10527
metabolome,fid_23447,10527
metabolome,fid_23454,10527
metabolome,fid_23444,10527
metabolome,fid_23451,10527
metabolome,fid_23445,10527
metabolome,fid_23459,10527
metabolome,fid_23452,10527
metabolome,fid_23468,10530
metabolome,fid_23437,10527
metabolome,fid_23434,10527
metabolome,fid_23483,10536
metabolome,fid_23414,10536
metabolome,fid_23525,10536
metabolome,fid_23413,10536
metabolome,fid_23560,10536
metabolome,fid_23532,10536
metabolome,fid_23497,10536
metabolome,fid_23567,10536
metabolome,fid_23539,10536
metabolome,fid_23504,10536
metabolome,fid_23574,10536
metabolome,fid_23546,10536
metabolome,fid_23511,10536
metabolome,fid_23412,10536
metabolome,fid_23553,10536
metabolome,fid_23490,10536
metabolome,fid_23518,10536
metabolome,fid_23579,10198
metabolome,fid_23609,10536
metabolome,fid_23634,10536
metabolome,fid_23614,10536
metabolome,fid_23589,10535
metabolome,fid_23639,10536
metabolome,fid_23619,10536
metabolome,fid_23594,10536
metabolome,fid_23644,10536
metabolome,fid_23624,10536
metabolome,fid_23599,10536
metabolome,fid_23629,10532
metabolome,fid_23584,10444
metabolome,fid_23604,10536
metabolome,fid_23446,10527
metabolome,fid_23458,10527
metabolome,fid_23453,10527
metabolome,fid_23472,10497
metabolome,fid_23402,10536
metabolome,fid_23448,10527
metabolome,fid_23455,10527
metabolome,fid_23438,10527
metabolome,fid_23400,10536
metabolome,fid_23401,10536
metabolome,fid_23436,10527
metabolome,fid_23464,10530
metabolome,fid_23427,10536
metabolome,fid_23415,10536
metabolome,fid_23442,10527
metabolome,fid_23419,10536
metabolome,fid_23482,10536
metabolome,fid_23426,10536
metabolome,fid_23524,10536
metabolome,fid_23425,10536
metabolome,fid_23559,10536
metabolome,fid_23531,10536
metabolome,fid_23496,10536
metabolome,fid_23423,10536
metabolome,fid_23566,10536
metabolome,fid_23538,10536
metabolome,fid_23503,10536
metabolome,fid_23573,10536
metabolome,fid_23545,10536
metabolome,fid_23510,10536
metabolome,fid_23424,10536
metabolome,fid_23552,10536
metabolome,fid_23489,10536
metabolome,fid_23517,10536
metabolome,fid_23411,10536
metabolome,fid_23407,10536
metabolome,fid_23487,10536
metabolome,fid_23410,10536
metabolome,fid_23529,10536
metabolome,fid_23409,10536
metabolome,fid_23564,10536
metabolome,fid_23536,10536
metabolome,fid_23501,10536
metabolome,fid_23571,10536
metabolome,fid_23543,10536
metabolome,fid_23508,10536
metabolome,fid_23578,10536
metabolome,fid_23550,10536
metabolome,fid_23515,10536
metabolome,fid_23408,10536
metabolome,fid_23557,10536
metabolome,fid_23494,10536
metabolome,fid_23522,10536
metabolome,fid_23435,10527
metabolome,fid_23583,10198
metabolome,fid_23613,10536
metabolome,fid_23638,10536
metabolome,fid_23618,10536
metabolome,fid_23593,10535
metabolome,fid_23643,10536
metabolome,fid_23623,10536
metabolome,fid_23598,10536
metabolome,fid_23648,10536
metabolome,fid_23628,10536
metabolome,fid_23603,10536
metabolome,fid_23633,10532
metabolome,fid_23588,10444
metabolome,fid_23608,10536
metabolome,fid_23469,10516
metabolome,fid_23403,10536
metabolome,fid_23467,10530
proteome,A1BG,9911
proteome,AAMDC,9666
proteome,AARSD1,10318
proteome,ABCA2,9611
proteome,ABHD14B,10256
proteome,ABL1,10318
proteome,ABO,9904
proteome,ABRAXAS2,9611
proteome,ACAA1,10125
proteome,ACADM,9746
proteome,ACADSB,9919
proteome,ACAN,10254
proteome,ACE,9904
proteome,ACE2,10146
proteome,ACHE,9676
proteome,ACOT13,9886
proteome,ACOX1,10283
proteome,ACP1,9627
proteome,ACP5,10374
proteome,ACP6,10427
proteome,ACRBP,9877
proteome,ACRV1,9627
proteome,ACSL1,9611
proteome,ACTA2,10146
proteome,ACTN2,9611
proteome,ACTN4,10167
proteome,ACVRL1,10245
proteome,ACY1,10283
proteome,ACY3,9611
proteome,ACYP1,9640
proteome,ADA,10432
proteome,ADA2,10218
proteome,ADAM12,9627
proteome,ADAM15,10146
proteome,ADAM22,10264
proteome,ADAM23,10432
proteome,ADAM8,10406
proteome,ADAM9,9886
proteome,ADAMTS1,9627
proteome,ADAMTS13,10431
proteome,ADAMTS15,10318
proteome,ADAMTS16,10146
proteome,ADAMTS4,9627
proteome,ADAMTS8,10379
proteome,ADAMTSL2,9921
proteome,ADAMTSL4,9666
proteome,ADAMTSL5,9919
proteome,ADCYAP1R1,10125
proteome,ADD1,9676
proteome,ADGRB3,10245
proteome,ADGRD1,9676
proteome,ADGRE1,9886
proteome,ADGRE2,10351
proteome,ADGRE5,10379
proteome,ADGRF5,9919
proteome,ADGRG1,10318
proteome,ADGRG2,10283
proteome,ADGRV1,9605
proteome,ADH1B,9676
proteome,ADH4,10146
proteome,ADIPOQ,9911
proteome,ADM,10438
proteome,ADRA2A,9611
proteome,AFAP1,9676
proteome,AFM,9911
proteome,AFP,10237
proteome,AGBL2,9605
proteome,AGER,10288
proteome,AGR2,10073
proteome,AGR3,10118
proteome,AGRN,10351
proteome,AGRP,10432
proteome,AGT,9904
proteome,AGXT,10283
proteome,AHCY,10283
proteome,AHNAK,9666
proteome,AHNAK2,9666
proteome,AHSA1,9877
proteome,AHSG,9904
proteome,AHSP,10332
proteome,AIDA,9655
proteome,AIF1,10125
proteome,AIF1L,9666
proteome,AIFM1,10303
proteome,AK1,10283
proteome,AK2,9903
proteome,AKAP12,9676
proteome,AKR1B1,10125
proteome,AKR1B10,9655
proteome,AKR1C4,10146
proteome,AKR7L,9627
proteome,AKT1S1,10131
proteome,AKT2,9908
proteome,AKT3,10069
proteome,ALCAM,10431
proteome,ALDH1A1,10349
proteome,ALDH2,9877
proteome,ALDH3A1,10275
proteome,ALDH5A1,9908
proteome,ALMS1,9746
proteome,ALPI,9627
proteome,ALPP,10318
proteome,AMBN,10167
proteome,AMBP,10420
proteome,AMDHD2,9921
proteome,AMFR,10131
proteome,AMIGO1,9655
proteome,AMIGO2,10318
proteome,AMN,10167
proteome,AMOT,9676
proteome,AMOTL2,9824
proteome,AMPD3,9903
proteome,AMY1A_AMY1B_AMY1C,9396
proteome,AMY2A,9758
proteome,AMY2B,9469
proteome,ANG,10254
proteome,ANGPT1,10268
proteome,ANGPT2,10438
proteome,ANGPTL1,10110
proteome,ANGPTL2,10316
proteome,ANGPTL3,10295
proteome,ANGPTL4,10343
proteome,ANGPTL7,10438
proteome,ANK2,9611
proteome,ANKMY2,9627
proteome,ANKRA2,9580
proteome,ANKRD54,10125
proteome,ANP32C,9666
proteome,ANPEP,10323
proteome,ANXA1,9655
proteome,ANXA10,10131
proteome,ANXA11,10298
proteome,ANXA2,9524
proteome,ANXA3,10406
proteome,ANXA4,10202
proteome,ANXA5,10114
proteome,AOC1,10167
proteome,AOC3,10345
proteome,AP1G2,9877
proteome,AP2B1,9655
proteome,AP3B1,9886
proteome,AP3S2,9903
proteome,APBB1IP,10318
proteome,APCS,9838
proteome,APEX1,10389
proteome,APLP1,10283
proteome,APOA1,9911
proteome,APOA2,9904
proteome,APOA4,9911
proteome,APOB,9904
proteome,APOBR,9666
proteome,APOC1,9892
proteome,APOD,9421
proteome,APOE,9911
proteome,APOF,9904
proteome,APOH,10349
proteome,APOL1,9904
proteome,APOM,10312
proteome,APP,10349
proteome,APPL2,9676
proteome,APRT,10264
proteome,ARAF,9746
proteome,AREG,10318
proteome,ARF6,9886
proteome,ARFIP1,9908
proteome,ARG1,10243
proteome,ARG2,9877
proteome,ARHGAP1,10125
proteome,ARHGAP25,10125
proteome,ARHGAP30,9746
proteome,ARHGAP45,9676
proteome,ARHGAP5,9580
proteome,ARHGEF1,9903
proteome,ARHGEF10,9908
proteome,ARHGEF12,10298
proteome,ARHGEF5,9605
proteome,ARID3A,9605
proteome,ARID4B,10131
proteome,ARL13B,9611
proteome,ARL2BP,9611
proteome,ARMCX2,9605
proteome,ARNT,10167
proteome,ARNTL,9611
proteome,ARSA,10349
proteome,ARSB,10318
proteome,ART3,10345
proteome,ART5,9605
proteome,ARTN,10167
proteome,ASAH1,9817
proteome,ASAH2,10264
proteome,ASGR1,10264
proteome,ASGR2,9904
proteome,ASPN,9919
proteome,ASPSCR1,9908
proteome,ASRGL1,9666
proteome,ASS1,9611
proteome,ATF2,10131
proteome,ATF4,9580
proteome,ATG16L1,9886
proteome,ATG4A,10125
proteome,ATOX1,10379
proteome,ATP1B1,9611
proteome,ATP1B2,9611
proteome,ATP1B3,9611
proteome,ATP1B4,9580
proteome,ATP2B4,9611
proteome,ATP5F1D,9611
proteome,ATP5IF1,10351
proteome,ATP5PO,10131
proteome,ATP6AP2,10125
proteome,ATP6V1D,10318
proteome,ATP6V1F,10123
proteome,ATP6V1G1,9666
proteome,ATP6V1G2,9611
proteome,ATRAID,9886
proteome,ATRN,9911
proteome,ATXN10,10131
proteome,ATXN2,9605
proteome,ATXN2L,9908
proteome,ATXN3,9903
proteome,AXIN1,10298
proteome,AXL,10345
proteome,AZI2,9908
proteome,AZU1,9934
proteome,B2M,9911
proteome,B3GAT3,9611
proteome,B3GNT7,9666
proteome,B4GALT1,10351
proteome,B4GAT1,10349
proteome,BABAM1,9627
proteome,BACH1,10298
proteome,BAG3,10245
proteome,BAG4,9627
proteome,BAG6,10146
proteome,BAIAP2,10125
proteome,BAMBI,10125
proteome,BANK1,10298
proteome,BAP18,9903
proteome,BATF,9655
proteome,BAX,10114
proteome,BCAM,10349
proteome,BCAN,10264
proteome,BCAT1,9919
proteome,BCAT2,9605
proteome,BCHE,9725
proteome,BCL2,9886
proteome,BCL2L1,9903
proteome,BCL2L11,10298
proteome,BCL2L15,9627
proteome,BCL7A,9580
proteome,BCL7B,9877
proteome,BCR,10298
proteome,BDNF,9921
proteome,BECN1,9666
proteome,BEX3,9580
proteome,BGLAP,9921
proteome,BGN,10108
proteome,BHLHE40,9605
proteome,BHMT2,9611
proteome,BID,10298
proteome,BIN2,10349
proteome,BIRC2,10125
proteome,BLMH,10431
proteome,BLNK,9627
proteome,BLOC1S2,9605
proteome,BLOC1S3,9903
proteome,BLVRB,10349
proteome,BMP10,9676
proteome,BMP4,10245
proteome,BMP6,10133
proteome,BMPER,9676
proteome,BNIP2,9919
proteome,BNIP3L,9627
proteome,BOC,10146
proteome,BOLA1,9605
proteome,BOLA2_BOLA2B,9666
proteome,BPIFA2,9371
proteome,BPIFB1,10301
proteome,BPIFB2,9881
proteome,BRAP,9825
proteome,BRD1,9746
proteome,BRD2,9605
proteome,BRD3,9611
proteome,BRDT,9611
proteome,BRK1,10131
proteome,BRME1,9605
proteome,BRSK2,9908
proteome,BSG,10415
proteome,BSND,9580
proteome,BST1,10430
proteome,BST2,10430
proteome,BTC,10125
proteome,BTD,9911
proteome,BTLA,9580
proteome,BTN1A1,9857
proteome,BTN2A1,10351
proteome,BTN3A2,10298
proteome,BTNL10,9580
proteome,C19ORF12,10131
proteome,C1GALT1C1,9611
proteome,C1QA,10398
proteome,C1QBP,9908
proteome,C1QL2,9627
proteome,C1QTNF1,10345
proteome,C1QTNF5,9676
proteome,C1QTNF6,9908
proteome,C1QTNF9,9672
proteome,C1R,9911
proteome,C1RL,9895
proteome,C1S,9911
proteome,C2,10312
proteome,C2CD2L,10123
proteome,C2ORF69,9655
proteome,C3,9411
proteome,C4BPB,10379
proteome,C5,9911
proteome,C7,9664
proteome,C7ORF50,9903
proteome,C8B,9911
proteome,C9,9904
proteome,C9ORF40,9886
proteome,CA1,10051
proteome,CA11,10125
proteome,CA12,10318
proteome,CA13,10252
proteome,CA14,10438
proteome,CA2,10313
proteome,CA3,10410
proteome,CA4,10431
proteome,CA5A,10146
proteome,CA6,10329
proteome,CA7,9746
proteome,CA8,9627
proteome,CA9,10438
proteome,CABP2,9655
proteome,CACNA1C,9605
proteome,CACNA1H,9611
proteome,CACNB1,9605
proteome,CACNB3,9908
proteome,CACYBP,9659
proteome,CADPS,9655
proteome,CALB1,10318
proteome,CALB2,10131
proteome,CALCA,10256
proteome,CALCB,9903
proteome,CALCOCO1,10386
proteome,CALCOCO2,9666
proteome,CALY,9611
proteome,CAMKK1,10125
proteome,CAMLG,9655
proteome,CAMSAP1,9908
proteome,CANT1,10283
proteome,CAPG,10152
proteome,CAPN3,9877
proteome,CAPS,9903
proteome,CARHSP1,10131
proteome,CASC3,9655
proteome,CASP1,10131
proteome,CASP10,10131
proteome,CASP2,10298
proteome,CASP3,10431
proteome,CASP4,9746
proteome,CASP7,9903
proteome,CASP8,10409
proteome,CASP9,9627
proteome,CASQ2,9611
proteome,CAT,9823
proteome,CBLIF,10253
proteome,CBLN1,9605
proteome,CBLN4,10438
proteome,CBS,9666
proteome,CBX2,9611
proteome,CC2D1A,10264
proteome,CCAR2,9903
proteome,CCDC134,9877
proteome,CCDC28A,9655
proteome,CCDC50,9908
proteome,CCDC80,10283
proteome,CCER2,9666
proteome,CCL11,10432
proteome,CCL13,10394
proteome,CCL14,10254
proteome,CCL15,10431
proteome,CCL16,10431
proteome,CCL17,10300
proteome,CCL18,10228
proteome,CCL19,10430
proteome,CCL2,10245
proteome,CCL20,10432
proteome,CCL21,10351
proteome,CCL22,10199
proteome,CCL23,10351
proteome,CCL24,10343
proteome,CCL25,10432
proteome,CCL26,10298
proteome,CCL27,10283
proteome,CCL28,10254
proteome,CCL3,10298
proteome,CCL4,10310
proteome,CCL5,10345
proteome,CCL7,10298
proteome,CCL8,10420
proteome,CCN1,10300
proteome,CCN2,10318
proteome,CCN3,10425
proteome,CCN4,10438
proteome,CCN5,10349
proteome,CCND2,9746
proteome,CCNE1,9627
proteome,CCS,10264
proteome,CCT5,10125
proteome,CD101,9886
proteome,CD109,10349
proteome,CD14,10028
proteome,CD160,10432
proteome,CD163,10345
proteome,CD164,10349
proteome,CD164L2,9655
proteome,CD177,10330
proteome,CD1C,10379
proteome,CD2,9611
proteome,CD200,10298
proteome,CD200R1,10258
proteome,CD207,10095
proteome,CD209,10367
proteome,CD22,10432
proteome,CD226,9627
proteome,CD244,10432
proteome,CD248,9921
proteome,CD27,10379
proteome,CD274,10264
proteome,CD276,10330
proteome,CD28,10125
proteome,CD2AP,10283
proteome,CD300A,9676
proteome,CD300C,10430
proteome,CD300E,10414
proteome,CD300LF,10438
proteome,CD300LG,10349
proteome,CD302,10318
proteome,CD33,10379
proteome,CD34,10422
proteome,CD36,9627
proteome,CD38,10318
proteome,CD3D,9605
proteome,CD3E,9746
proteome,CD3G,9627
proteome,CD4,10277
proteome,CD40,10302
proteome,CD40LG,10432
proteome,CD46,10212
proteome,CD48,10343
proteome,CD5,10420
proteome,CD55,9854
proteome,CD58,10309
proteome,CD59,9837
proteome,CD5L,9848
proteome,CD6,10415
proteome,CD63,10245
proteome,CD69,10237
proteome,CD7,9604
proteome,CD70,10298
proteome,CD72,9676
proteome,CD74,10430
proteome,CD79B,10432
proteome,CD80,9919
proteome,CD82,9746
proteome,CD83,10298
proteome,CD84,10298
proteome,CD86,9886
proteome,CD8A,10430
proteome,CD93,9990
proteome,CD99,10349
proteome,CD99L2,10349
proteome,CDA,9900
proteome,CDAN1,9903
proteome,CDC123,9580
proteome,CDC25A,9580
proteome,CDC26,9864
proteome,CDC27,10125
proteome,CDC37,10379
proteome,CDC42BPB,9886
proteome,CDCP1,10264
proteome,CDH1,9843
proteome,CDH15,10422
proteome,CDH17,10283
proteome,CDH2,10283
proteome,CDH22,9746
proteome,CDH23,9903
proteome,CDH3,10430
proteome,CDH4,9605
proteome,CDH5,10431
proteome,CDH6,10283
proteome,CDHR1,10131
proteome,CDHR2,10318
proteome,CDHR5,10283
proteome,CDK1,9580
proteome,CDK5RAP3,9908
proteome,CDKL5,9605
proteome,CDKN1A,10318
proteome,CDKN2D,10318
proteome,CDNF,10318
proteome,CDON,10341
proteome,CDSN,10411
proteome,CEACAM1,10379
proteome,CEACAM16,9886
proteome,CEACAM18,9746
proteome,CEACAM19,9886
proteome,CEACAM20,9746
proteome,CEACAM21,10298
proteome,CEACAM3,10125
proteome,CEACAM5,9984
proteome,CEACAM6,9921
proteome,CEACAM8,10146
proteome,CEBPA,9627
proteome,CEBPB,10146
proteome,CELA2A,9921
proteome,CELA3A,10423
proteome,CELSR2,9676
proteome,CEMIP2,9627
proteome,CEND1,9605
proteome,CENPF,9746
proteome,CENPJ,9746
proteome,CEP112,9611
proteome,CEP152,9580
proteome,CEP164,10167
proteome,CEP170,9666
proteome,CEP20,10125
proteome,CEP290,9746
proteome,CEP350,9580
proteome,CEP43,10116
proteome,CEP85,10125
proteome,CERT,10131
proteome,CES1,10365
proteome,CES2,10318
proteome,CES3,10318
proteome,CETN2,10131
proteome,CETN3,9886
proteome,CFB,9743
proteome,CFC1,10125
proteome,CFD,9911
proteome,CFH,9380
proteome,CFHR2,9839
proteome,CFHR4,9866
proteome,CFHR5,9720
proteome,CFI,9911
proteome,CFP,9911
proteome,CGA,10349
proteome,CGB3_CGB5_CGB8,9904
proteome,CGN,9655
proteome,CGREF1,10283
proteome,CHAC2,10125
proteome,CHAD,9676
proteome,CHCHD10,9903
proteome,CHCHD6,9877
proteome,CHEK2,10146
proteome,CHGA,9921
proteome,CHGB,10395
proteome,CHI3L1,10051
proteome,CHIT1,10353
proteome,CHL1,10345
proteome,CHM,9655
proteome,CHMP1A,10264
proteome,CHMP6,9919
proteome,CHP1,9605
proteome,CHRDL1,10343
proteome,CHRDL2,10283
proteome,CHRM1,9655
proteome,CIAPIN1,10379
proteome,CILP,9921
proteome,CINP,9746
proteome,CIRBP,9886
proteome,CIT,9655
proteome,CKAP4,10375
proteome,CKB,9921
proteome,CKMT1A_CKMT1B,10270
proteome,CLASP1,9580
proteome,CLC,10283
proteome,CLEC10A,10264
proteome,CLEC11A,10341
proteome,CLEC12A,9627
proteome,CLEC14A,10349
proteome,CLEC1A,10146
proteome,CLEC1B,10430
proteome,CLEC2L,9655
proteome,CLEC3B,9694
proteome,CLEC4A,10298
proteome,CLEC4C,10298
proteome,CLEC4D,10298
proteome,CLEC4G,10298
proteome,CLEC4M,9901
proteome,CLEC5A,10243
proteome,CLEC6A,10125
proteome,CLEC7A,10432
proteome,CLGN,9655
proteome,CLIC5,9655
proteome,CLINT1,9580
proteome,CLIP2,10298
proteome,CLMP,10438
proteome,CLNS1A,9655
proteome,CLPP,10256
proteome,CLPS,10332
proteome,CLSPN,10123
proteome,CLSTN1,10131
proteome,CLSTN2,10432
proteome,CLSTN3,9903
proteome,CLTA,10146
proteome,CLU,9911
proteome,CLUL1,10276
proteome,CMC1,9919
proteome,CMIP,9877
proteome,CNDP1,10345
proteome,CNGB3,9605
proteome,CNP,9661
proteome,CNPY2,10146
proteome,CNPY4,10318
proteome,CNST,10283
proteome,CNTF,9605
proteome,CNTN1,10431
proteome,CNTN2,10438
proteome,CNTN3,10349
proteome,CNTN4,10349
proteome,CNTN5,10404
proteome,CNTNAP2,10298
proteome,CNTNAP4,9655
proteome,COCH,9919
proteome,COL15A1,9921
proteome,COL18A1,10350
proteome,COL1A1,10431
proteome,COL24A1,9886
proteome,COL28A1,9655
proteome,COL2A1,9666
proteome,COL3A1,9921
proteome,COL4A1,10283
proteome,COL4A4,9724
proteome,COL5A1,9676
proteome,COL6A3,10431
proteome,COL9A1,10298
proteome,COL9A2,9746
proteome,COLEC12,10330
proteome,COMMD1,9666
proteome,COMMD9,9877
proteome,COMP,10174
proteome,COMT,10029
proteome,COPB2,9611
proteome,COPE,10131
proteome,COQ7,9666
proteome,CORO1A,10131
proteome,CORO6,9605
proteome,COX5B,10318
proteome,COX6B1,9919
proteome,CPA1,10431
proteome,CPA2,10411
proteome,CPA4,9516
proteome,CPB1,10431
proteome,CPB2,9892
proteome,CPE,10380
proteome,CPLX2,9580
proteome,CPM,10371
proteome,CPOX,9627
proteome,CPPED1,10430
proteome,CPQ,9912
proteome,CPTP,9611
proteome,CPVL,10408
proteome,CPXM1,10379
proteome,CPXM2,9919
proteome,CR1,9883
proteome,CR2,10345
proteome,CRACR2A,10125
proteome,CRADD,10256
proteome,CREB3,9580
proteome,CREBZF,9580
proteome,CREG1,10210
proteome,CRELD1,9676
proteome,CRELD2,10343
proteome,CRH,10110
proteome,CRHBP,10330
proteome,CRHR1,10146
proteome,CRIM1,10351
proteome,CRIP2,10264
proteome,CRISP2,10438
proteome,CRISP3,9814
proteome,CRKL,10322
proteome,CRLF1,10351
proteome,CRNN,10032
proteome,CRTAC1,10431
proteome,CRTAM,10264
proteome,CRTAP,9655
proteome,CRX,10146
proteome,CRYBB1,9919
proteome,CRYBB2,9903
proteome,CRYGD,9903
proteome,CRYM,9605
proteome,CRYZL1,9666
proteome,CSDE1,9611
proteome,CSF1,10351
proteome,CSF1R,9904
proteome,CSF2,9611
proteome,CSF2RA,10264
proteome,CSF2RB,9627
proteome,CSF3,10167
proteome,CSF3R,9627
proteome,CSH1,9904
proteome,CSNK1D,9627
proteome,CSNK2A1,9908
proteome,CSPG4,9921
proteome,CSPG5,9605
proteome,CSRP3,9611
proteome,CST1,8696
proteome,CST3,10340
proteome,CST5,10156
proteome,CST6,10058
proteome,CST7,10310
proteome,CSTB,10166
proteome,CTAG1A_CTAG1B,9734
proteome,CTBS,9779
proteome,CTF1,10146
proteome,CTHRC1,9921
proteome,CTLA4,9921
proteome,CTNNA1,9605
proteome,CTRB1,10349
proteome,CTRC,10329
proteome,CTRL,9903
proteome,CTSB,10340
proteome,CTSC,10284
proteome,CTSD,9436
proteome,CTSE,9676
proteome,CTSF,10379
proteome,CTSH,10130
proteome,CTSL,10283
proteome,CTSO,10432
proteome,CTSS,8142
proteome,CTSV,10390
proteome,CTSZ,10306
proteome,CUZD1,9655
proteome,CWC15,9837
proteome,CX3CL1,10264
proteome,CXADR,10298
proteome,CXCL1,10291
proteome,CXCL10,10351
proteome,CXCL11,10430
proteome,CXCL12,10167
proteome,CXCL13,10430
proteome,CXCL14,10167
proteome,CXCL16,10417
proteome,CXCL17,10432
proteome,CXCL3,10302
proteome,CXCL5,10261
proteome,CXCL6,10432
proteome,CXCL8,10269
proteome,CXCL9,10351
proteome,CYB5A,9580
proteome,CYB5R2,9791
proteome,CYP24A1,9611
proteome,CYTH3,9580
proteome,CYTL1,9921
proteome,DAAM1,9676
proteome,DAB2,10438
proteome,DAG1,10351
proteome,DAND5,9627
proteome,DAPK2,9627
proteome,DAPP1,10298
proteome,DARS1,10256
proteome,DBH,9885
proteome,DBI,10300
proteome,DBN1,9627
proteome,DBNL,10351
proteome,DCBLD2,10379
proteome,DCC,9655
proteome,DCDC2C,9580
proteome,DCLRE1C,9580
proteome,DCN,10146
proteome,DCTD,9676
proteome,DCTN1,10438
proteome,DCTN2,10318
proteome,DCTN6,10131
proteome,DCTPP1,10283
proteome,DCUN1D1,9605
proteome,DCUN1D2,9580
proteome,DCXR,10379
proteome,DDA1,9611
proteome,DDAH1,10318
proteome,DDC,10253
proteome,DDHD2,9908
proteome,DDI2,9676
proteome,DDR1,10430
proteome,DDT,9921
proteome,DDX1,9886
proteome,DDX25,9655
proteome,DDX39A,9627
proteome,DDX4,9627
proteome,DDX53,9655
proteome,DDX58,10125
proteome,DECR1,10298
proteome,DEFA1_DEFA1B,10091
proteome,DEFB103A_DEFB103B,9591
proteome,DEFB104A_DEFB104B,9605
proteome,DEFB116,9605
proteome,DEFB118,9605
proteome,DEFB4A_DEFB4B,10211
proteome,DENND2B,9611
proteome,DENR,9627
proteome,DFFA,10432
proteome,DGCR6,9605
proteome,DGKA,9627
proteome,DGKZ,10167
proteome,DHODH,9611
proteome,DHPS,9877
proteome,DHRS4L2,9903
proteome,DIABLO,10243
proteome,DIPK1C,9655
proteome,DIPK2B,9676
proteome,DKK1,10430
proteome,DKK3,10431
proteome,DKK4,10252
proteome,DKKL1,10318
proteome,DLG4,9903
proteome,DLGAP5,9908
proteome,DLK1,10431
proteome,DLL1,10379
proteome,DLL4,9666
proteome,DMD,9666
proteome,DMP1,9666
proteome,DNAJA1,9580
proteome,DNAJA2,10392
proteome,DNAJA4,9903
proteome,DNAJB1,10318
proteome,DNAJB14,9886
proteome,DNAJB2,9676
proteome,DNAJB6,9590
proteome,DNAJB8,10146
proteome,DNAJC21,9903
proteome,DNAJC6,9666
proteome,DNAJC9,9886
proteome,DNER,10280
proteome,DNLZ,9605
proteome,DNM1,9886
proteome,DNM3,9908
proteome,DNMBP,10264
proteome,DNPEP,9903
proteome,DNPH1,10330
proteome,DOC2B,9655
proteome,DOCK9,9605
proteome,DOK1,9903
proteome,DOK2,10283
proteome,DPEP1,10256
proteome,DPEP2,10318
proteome,DPP10,10298
proteome,DPP4,10102
proteome,DPP6,10318
proteome,DPP7,10219
proteome,DPT,10431
proteome,DPY30,10389
proteome,DRAXIN,10264
proteome,DRG2,10318
proteome,DSC2,10212
proteome,DSCAM,9908
proteome,DSG2,10349
proteome,DSG3,10359
proteome,DSG4,10298
proteome,DTD1,9676
proteome,DTNB,9855
proteome,DTX2,9655
proteome,DTX3,10318
proteome,DTYMK,9919
proteome,DUOX2,10146
proteome,DUSP13,9877
proteome,DUSP29,9655
proteome,DUSP3,10131
proteome,DUT,9886
proteome,DXO,9903
proteome,DYNC1H1,9877
proteome,DYNLT1,9655
proteome,DYNLT3,9877
proteome,EBAG9,10264
proteome,EBI3_IL27,10427
proteome,ECE1,10131
proteome,ECHDC3,9919
proteome,ECHS1,9666
proteome,ECI2,9611
proteome,ECM1,9698
proteome,ECSCR,9605
proteome,EDA2R,10438
proteome,EDAR,10298
proteome,EDDM3B,9877
proteome,EDEM2,9611
proteome,EDF1,9908
proteome,EDIL3,10146
proteome,EDN1,9666
proteome,EDNRB,9627
proteome,EEF1D,9919
proteome,EFCAB14,9886
proteome,EFCAB2,9746
proteome,EFEMP1,10331
proteome,EFHD1,9908
proteome,EFNA1,10325
proteome,EFNA4,10245
proteome,EFNB2,9655
proteome,EGF,10238
proteome,EGFL7,10125
proteome,EGFLAM,9886
proteome,EGFR,10431
proteome,EGLN1,10298
proteome,EHBP1,9919
proteome,EHD3,9666
proteome,EIF1AX,9903
proteome,EIF2AK2,9843
proteome,EIF2AK3,9611
proteome,EIF2S2,9666
proteome,EIF4B,10264
proteome,EIF4E,9627
proteome,EIF4EBP1,10283
proteome,EIF4G1,10432
proteome,EIF4G3,9908
proteome,EIF5,9611
proteome,EIF5A,10167
proteome,ELAC1,9908
proteome,ELAVL4,9605
proteome,ELN,9919
proteome,ELOA,10318
proteome,ELOB,9611
proteome,ENAH,10167
proteome,ENDOU,9231
proteome,ENG,10431
proteome,ENO1,10314
proteome,ENO2,10430
proteome,ENO3,9666
proteome,ENOPH1,9877
proteome,ENOX2,9611
proteome,ENPEP,9611
proteome,ENPP2,10431
proteome,ENPP5,10351
proteome,ENPP6,9666
proteome,ENPP7,10027
proteome,ENSA,9877
proteome,ENTPD2,10125
proteome,ENTPD5,10146
proteome,ENTPD6,10146
proteome,ENTR1,9666
proteome,EP300,9627
proteome,EPB41L5,9655
proteome,EPCAM,10322
proteome,EPGN,9877
proteome,EPHA1,10330
proteome,EPHA10,10131
proteome,EPHA2,9901
proteome,EPHA4,9676
proteome,EPHB4,10431
proteome,EPHB6,10256
proteome,EPHX2,10146
proteome,EPN1,9746
proteome,EPO,10298
proteome,EPPK1,9666
proteome,EPS8L2,10400
proteome,ERBB2,10379
proteome,ERBB3,10279
proteome,ERBB4,10379
proteome,ERBIN,10318
proteome,ERC2,9655
proteome,ERCC1,9580
proteome,EREG,10256
proteome,ERI1,9746
proteome,ERMAP,9627
proteome,ERN1,9877
proteome,ERP29,9676
proteome,ERP44,10300
proteome,ERVV_1,9611
proteome,ESAM,10431
proteome,ESM1,10330
proteome,ESPL1,9580
proteome,ESR1,9627
proteome,ESYT2,9903
proteome,EVI2B,9580
proteome,EVI5,9627
proteome,EVPL,9746
proteome,EXOSC10,9611
proteome,EXTL1,9611
proteome,EZR,10430
proteome,F10,9904
proteome,F11,9755
proteome,F11R,10349
proteome,F12,9911
proteome,F13B,9848
proteome,F2,9911
proteome,F2R,10343
proteome,F3,10351
proteome,F7,10318
proteome,F9,10312
proteome,FABP1,10330
proteome,FABP2,10283
proteome,FABP3,9919
proteome,FABP4,10431
proteome,FABP5,10393
proteome,FABP6,10146
proteome,FABP9,10298
proteome,FADD,10283
proteome,FAM13A,9886
proteome,FAM171A2,9908
proteome,FAM171B,9877
proteome,FAM172A,9666
proteome,FAM20A,9919
proteome,FAM3B,10318
proteome,FAM3C,10253
proteome,FAM3D,9886
proteome,FAP,10431
proteome,FARSA,9655
proteome,FAS,10390
proteome,FASLG,10432
proteome,FBLN2,9921
proteome,FBN2,9655
proteome,FBP1,10283
proteome,FCAMR,9919
proteome,FCAR,10298
proteome,FCER1A,9908
proteome,FCER2,10349
proteome,FCGR2A,10212
proteome,FCGR2B,10125
proteome,FCGR3B,10288
proteome,FCN1,9885
proteome,FCN2,10247
proteome,FCRL1,10283
proteome,FCRL2,10410
proteome,FCRL3,10167
proteome,FCRL5,10349
proteome,FCRL6,10298
proteome,FCRLB,10125
proteome,FDX1,9611
proteome,FDX2,9611
proteome,FEN1,10125
proteome,FES,10125
proteome,FETUB,10312
proteome,FGA,9691
proteome,FGD3,9908
proteome,FGF12,9627
proteome,FGF16,9627
proteome,FGF19,10351
proteome,FGF2,10298
proteome,FGF20,9627
proteome,FGF21,10427
proteome,FGF23,10408
proteome,FGF3,9627
proteome,FGF5,10167
proteome,FGF6,9627
proteome,FGF7,9580
proteome,FGF9,9568
proteome,FGFBP1,10379
proteome,FGFBP2,9921
proteome,FGFBP3,9903
proteome,FGFR2,10379
proteome,FGFR4,9676
proteome,FGL1,9904
proteome,FGR,10131
proteome,FH,9605
proteome,FHIP2A,9611
proteome,FHIT,10131
proteome,FIS1,10289
proteome,FKBP14,9908
proteome,FKBP1B,10388
proteome,FKBP4,10264
proteome,FKBP5,10264
proteome,FKBP7,10123
proteome,FKBPL,9886
proteome,FLI1,10125
proteome,FLRT2,10264
proteome,FLT1,10274
proteome,FLT3,10125
proteome,FLT3LG,10432
proteome,FLT4,10379
proteome,FMNL1,10131
proteome,FMR1,10125
proteome,FN1,9911
proteome,FNDC1,9903
proteome,FNTA,9877
proteome,FOLH1,9627
proteome,FOLR1,10315
proteome,FOLR2,10430
proteome,FOLR3,10358
proteome,FOS,9568
proteome,FOSB,10131
proteome,FOXJ3,9627
proteome,FOXO1,10298
proteome,FOXO3,10125
proteome,FRMD4B,9611
proteome,FRMD7,9655
proteome,FRZB,10232
proteome,FSHB,9666
proteome,FST,10343
proteome,FSTL1,9666
proteome,FSTL3,10278
proteome,FTCD,9881
proteome,FUCA1,10381
proteome,FUOM,9676
proteome,FURIN,10379
proteome,FUS,10095
proteome,FUT1,9730
proteome,FUT3_FUT5,10430
proteome,FUT8,10264
proteome,FXN,10438
proteome,FXYD5,10167
proteome,FYB1,10332
proteome,FZD10,9655
proteome,FZD8,9605
proteome,GABARAP,9877
proteome,GABARAPL1,9746
proteome,GABRA4,9605
proteome,GAD1,9580
proteome,GAD2,9627
proteome,GADD45B,9746
proteome,GADD45GIP1,9666
proteome,GAGE2A,9580
proteome,GAL,10351
proteome,GALNT10,10318
proteome,GALNT2,10438
proteome,GALNT3,10167
proteome,GALNT5,9919
proteome,GALNT7,10318
proteome,GAMT,9611
proteome,GAPDH,9503
proteome,GART,9908
proteome,GAS2,9746
proteome,GAS6,10372
proteome,GASK1A,9611
proteome,GAST,9903
proteome,GATA3,9580
proteome,GATD3,9666
proteome,GBA,9655
proteome,GBP1,9896
proteome,GBP2,10167
proteome,GBP4,10131
proteome,GBP6,9611
proteome,GC,9911
proteome,GCC1,9903
proteome,GCG,10125
proteome,GCHFR,9460
proteome,GCLM,9611
proteome,GCNT1,10318
proteome,GDF15,10431
proteome,GDF2,10283
proteome,GDNF,10131
proteome,GET3,9919
proteome,GFAP,10125
proteome,GFER,10125
proteome,GFOD2,10125
proteome,GFRA1,10427
proteome,GFRA2,10318
proteome,GFRA3,10247
proteome,GFRAL,9599
proteome,GGA1,10131
proteome,GGACT,9919
proteome,GGCT,9910
proteome,GGH,10119
proteome,GGT1,10325
proteome,GGT5,10264
proteome,GH1,10253
proteome,GH2,10125
proteome,GHR,9676
proteome,GHRHR,10131
proteome,GHRL,10283
proteome,GID8,9908
proteome,GIGYF2,9908
proteome,GIMAP7,9676
proteome,GIMAP8,9580
proteome,GIP,9666
proteome,GIPC2,9903
proteome,GIPC3,9886
proteome,GIPR,9627
proteome,GIT1,9627
proteome,GJA8,9580
proteome,GKN1,10098
proteome,GLA,9659
proteome,GLB1,10264
proteome,GLI2,9627
proteome,GLIPR1,45
proteome,GLO1,10146
proteome,GLOD4,10281
proteome,GLP1R,9605
proteome,GLRX,10239
proteome,GLRX5,9676
proteome,GLT8D2,10131
proteome,GLYR1,9877
proteome,GM2A,9701
proteome,GMFG,9919
proteome,GMPR,10432
proteome,GMPR2,9676
proteome,GNAS,9908
proteome,GNE,10125
proteome,GNGT1,9655
proteome,GNLY,10349
proteome,GNPDA1,9666
proteome,GNPDA2,9676
proteome,GOLGA3,9908
proteome,GOLM2,10430
proteome,GOPC,10298
proteome,GORASP2,9886
proteome,GOT1,9921
proteome,GP1BA,10254
proteome,GP1BB,9611
proteome,GP2,9944
proteome,GP5,9676
proteome,GP6,10332
proteome,GPA33,10318
proteome,GPC1,10438
proteome,GPC5,10264
proteome,GPD1,9877
proteome,GPHA2,9886
proteome,GPI,9904
proteome,GPIHBP1,9886
proteome,GPKOW,10131
proteome,GPNMB,9981
proteome,GPR101,9605
proteome,GPR158,9908
proteome,GPR15L,9886
proteome,GPR37,10146
proteome,GPRC5C,9877
proteome,GRAP2,10283
proteome,GRHPR,9919
proteome,GRIK2,9908
proteome,GRIN2B,9605
proteome,GRK5,10146
proteome,GRN,10283
proteome,GRP,9666
proteome,GRPEL1,10318
proteome,GRSF1,9545
proteome,GSAP,10125
proteome,GSN,9848
proteome,GSR,9866
proteome,GSTA1,10283
proteome,GSTA3,10125
proteome,GSTM4,9611
proteome,GSTP1,10098
proteome,GSTT2B,9903
proteome,GTF2IRD1,9746
proteome,GTPBP2,9655
proteome,GUCA2A,10295
proteome,GUCY2C,9746
proteome,GUK1,9611
proteome,GUSB,10374
proteome,GYS1,10146
proteome,GZMA,10432
proteome,GZMB,10298
proteome,GZMH,10146
proteome,H2AP,9580
proteome,HADH,9611
proteome,HAGH,10409
proteome,HAO1,10438
proteome,HARS1,10349
proteome,HAVCR1,10420
proteome,HAVCR2,10349
proteome,HBEGF,10409
proteome,HBQ1,10438
proteome,HBZ,9919
proteome,HCG22,9611
proteome,HCLS1,10432
proteome,HDAC8,9627
proteome,HDAC9,9605
proteome,HDDC2,9886
proteome,HDGF,10423
proteome,HDGFL2,9903
proteome,HEBP1,10146
proteome,HEG1,9676
proteome,HEPACAM2,9903
proteome,HEPH,9919
proteome,HEXIM1,10298
proteome,HGF,10432
proteome,HGFAC,9814
proteome,HGS,10125
proteome,HHEX,9903
proteome,HIF1A,9627
proteome,HIP1,9611
proteome,HIP1R,9872
proteome,HJV,9908
proteome,HK2,10146
proteome,HLA_A,9908
proteome,HLA_DRA,10298
proteome,HLA_E,10298
proteome,HMBS,10438
proteome,HMCN2,9667
proteome,HMGCL,9666
proteome,HMGCS1,9611
proteome,HMMR,9558
proteome,HMOX1,10124
proteome,HMOX2,10131
proteome,HNF1A,9655
proteome,HNMT,10211
proteome,HNRNPK,10085
proteome,HNRNPUL1,9908
proteome,HPCAL1,10432
proteome,HPGDS,10125
proteome,HPSE,9816
proteome,HRAS,9733
proteome,HRC,9666
proteome,HRG,9848
proteome,HS1BP3,9666
proteome,HS3ST3B1,10318
proteome,HS6ST1,10438
proteome,HS6ST2,9627
proteome,HSBP1,9666
proteome,HSD11B1,10298
proteome,HSD17B14,9903
proteome,HSD17B3,9611
proteome,HSDL2,9666
proteome,HSP90B1,10044
proteome,HSPA1A,10330
proteome,HSPA2,9877
proteome,HSPB1,10137
proteome,HSPB6,10438
proteome,HSPG2,10160
proteome,HTR1A,9605
proteome,HTR1B,9605
proteome,HTRA2,10379
proteome,HYAL1,10280
proteome,HYOU1,10431
proteome,ICA1,10167
proteome,ICAM1,10240
proteome,ICAM2,10431
proteome,ICAM3,10431
proteome,ICAM4,10298
proteome,ICAM5,10283
proteome,ICOSLG,10318
proteome,ID4,9746
proteome,IDI2,10131
proteome,IDO1,9666
proteome,IDS,10432
proteome,IDUA,10438
proteome,IFI30,9670
proteome,IFIT1,9746
proteome,IFIT3,9746
proteome,IFNAR1,9886
proteome,IFNG,10167
proteome,IFNGR1,10351
proteome,IFNGR2,10264
proteome,IFNL1,10131
proteome,IFNL2,9605
proteome,IFNLR1,10298
proteome,IFNW1,9611
proteome,IFT20,9655
proteome,IGBP1,9908
proteome,IGDCC3,9605
proteome,IGDCC4,9921
proteome,IGF1R,10318
proteome,IGF2BP3,9611
proteome,IGF2R,10349
proteome,IGFBP1,10410
proteome,IGFBP2,10420
proteome,IGFBP3,10345
proteome,IGFBP4,10251
proteome,IGFBP6,10252
proteome,IGFBP7,10431
proteome,IGFBPL1,10283
proteome,IGFL4,9627
proteome,IGHMBP2,9611
proteome,IGLC2,9888
proteome,IGLON5,9580
proteome,IGSF21,9666
proteome,IGSF3,10318
proteome,IGSF8,10283
proteome,IGSF9,9919
proteome,IKBKG,10298
proteome,IKZF2,10125
proteome,IL10,10167
proteome,IL10RA,10167
proteome,IL10RB,10351
proteome,IL11,10167
proteome,IL12A_IL12B,10318
proteome,IL12B,10432
proteome,IL12RB1,10167
proteome,IL12RB2,9627
proteome,IL13,10167
proteome,IL13RA1,10241
proteome,IL13RA2,9605
proteome,IL15,10298
proteome,IL15RA,10167
proteome,IL16,10432
proteome,IL17A,10167
proteome,IL17C,10167
proteome,IL17D,10167
proteome,IL17F,10167
proteome,IL17RA,10349
proteome,IL17RB,10130
proteome,IL18,10295
proteome,IL18BP,10345
proteome,IL18R1,10432
proteome,IL18RAP,10220
proteome,IL19,10080
proteome,IL1A,10167
proteome,IL1B,10082
proteome,IL1R1,10325
proteome,IL1R2,10303
proteome,IL1RAP,10349
proteome,IL1RL1,10390
proteome,IL1RL2,10167
proteome,IL1RN,10240
proteome,IL2,10167
proteome,IL20,10167
proteome,IL20RA,10167
proteome,IL20RB,9627
proteome,IL21R,9627
proteome,IL22,9877
proteome,IL22RA1,10167
proteome,IL24,10167
proteome,IL25,9556
proteome,IL2RA,10196
proteome,IL2RB,10167
proteome,IL2RG,9877
proteome,IL3,9580
proteome,IL31,9627
proteome,IL31RA,9589
proteome,IL32,10298
proteome,IL33,10167
proteome,IL34,10114
proteome,IL36A,9627
proteome,IL36G,9600
proteome,IL3RA,10167
proteome,IL4,10167
proteome,IL4R,10298
proteome,IL5,10167
proteome,IL5RA,10298
proteome,IL6,10318
proteome,IL6R,10230
proteome,IL6ST,10283
proteome,IL7,10298
proteome,IL7R,10349
proteome,IL9,9746
proteome,ILKAP,10123
proteome,IMMT,9877
proteome,IMPA1,10264
proteome,IMPACT,9903
proteome,IMPG1,9605
proteome,ING1,10123
proteome,INHBB,9676
proteome,INHBC,10349
proteome,INPP1,10318
proteome,INPP5D,9666
proteome,INPP5J,9908
proteome,INPPL1,10318
proteome,INSL3,9903
proteome,INSL4,9877
proteome,INSL5,9886
proteome,INSR,9627
proteome,IPCEF1,10245
proteome,IQGAP2,10318
proteome,IRAG2,10146
proteome,IRAK1,10167
proteome,IRAK4,10298
proteome,ISLR2,10117
proteome,ISM1,10298
proteome,ISM2,9921
proteome,IST1,9848
proteome,ITGA11,10298
proteome,ITGA2,9676
proteome,ITGA5,10349
proteome,ITGA6,10298
proteome,ITGAL,9627
proteome,ITGAM,10349
proteome,ITGAV,10438
proteome,ITGAX,9746
proteome,ITGB1,10294
proteome,ITGB1BP1,10125
proteome,ITGB1BP2,10146
proteome,ITGB2,10241
proteome,ITGB5,10379
proteome,ITGB6,10167
proteome,ITGB7,10438
proteome,ITGBL1,9921
proteome,ITIH1,9911
proteome,ITIH3,10345
proteome,ITIH4,9911
proteome,ITIH5,9877
proteome,ITM2A,10298
proteome,ITPA,9611
proteome,ITPR1,9666
proteome,ITPRIP,9605
proteome,IVD,10131
proteome,IZUMO1,9580
proteome,JAM2,10430
proteome,JAM3,9676
proteome,JCHAIN,10167
proteome,JMJD1C,9580
proteome,JPT2,9886
proteome,JUN,10167
proteome,KAZALD1,10318
proteome,KAZN,9886
proteome,KCNC4,9605
proteome,KCNH2,9655
proteome,KCNIP4,10131
proteome,KCTD5,9718
proteome,KDM3A,9627
proteome,KDR,10379
proteome,KEL,10131
proteome,KHDC3L,9580
proteome,KHK,9666
proteome,KIAA0319,9903
proteome,KIAA1549,9746
proteome,KIAA1549L,9746
proteome,KIAA2013,9877
proteome,KIF1C,9611
proteome,KIF20B,9605
proteome,KIF22,9611
proteome,KIFBP,10318
proteome,KIR2DL2,9877
proteome,KIR2DL3,10125
proteome,KIR2DS4,9886
proteome,KIR3DL1,10125
proteome,KIR3DL2,9580
proteome,KIRREL1,9605
proteome,KIRREL2,10131
proteome,KIT,10312
proteome,KITLG,10283
proteome,KLB,10131
proteome,KLF4,9605
proteome,KLHL41,9908
proteome,KLK1,10267
proteome,KLK10,10348
proteome,KLK11,10331
proteome,KLK12,10125
proteome,KLK13,10051
proteome,KLK14,10438
proteome,KLK15,9852
proteome,KLK3,9921
proteome,KLK4,10438
proteome,KLK6,10365
proteome,KLK7,9494
proteome,KLK8,10077
proteome,KLKB1,9688
proteome,KLRB1,10432
proteome,KLRC1,9605
proteome,KLRD1,10432
proteome,KLRF1,9627
proteome,KLRK1,9903
proteome,KRT14,9884
proteome,KRT17,9611
proteome,KRT18,10318
proteome,KRT19,10275
proteome,KRT5,10131
proteome,KRT6C,9611
proteome,KRT8,9605
proteome,KYAT1,10269
proteome,KYNU,10432
proteome,L1CAM,10379
proteome,L3HYPDH,9919
proteome,LACRT,9824
proteome,LACTB2,10283
proteome,LAG3,10318
proteome,LAIR1,10330
proteome,LAIR2,10264
proteome,LAMA1,9611
proteome,LAMA4,10351
proteome,LAMB1,9666
proteome,LAMP1,9625
proteome,LAMP2,10158
proteome,LAMP3,10415
proteome,LAMTOR5,9877
proteome,LAP3,10167
proteome,LARP1,9877
proteome,LAT,10432
proteome,LAT2,10318
proteome,LATS1,9627
proteome,LAYN,10256
proteome,LBP,10345
proteome,LBR,10430
proteome,LCAT,9904
proteome,LCN15,9908
proteome,LCN2,9922
proteome,LCP1,9921
proteome,LDLR,10338
proteome,LDLRAP1,9908
proteome,LECT2,9919
proteome,LEFTY2,10427
proteome,LEG1,9386
proteome,LELP1,9605
proteome,LEO1,9908
proteome,LEP,10283
proteome,LEPR,10283
proteome,LETM1,9908
proteome,LGALS1,10283
proteome,LGALS3,10302
proteome,LGALS3BP,9911
proteome,LGALS4,10330
proteome,LGALS7_LGALS7B,10260
proteome,LGALS8,10430
proteome,LGALS9,10302
proteome,LGMN,10351
proteome,LHB,10125
proteome,LHPP,10281
proteome,LIF,10131
proteome,LIFR,10298
proteome,LILRA2,10349
proteome,LILRA3,9921
proteome,LILRA4,9611
proteome,LILRA5,10253
proteome,LILRA6,9919
proteome,LILRB1,10431
proteome,LILRB2,10379
proteome,LILRB4,10167
proteome,LILRB5,10431
proteome,LIPF,9666
proteome,LMNB1,9874
proteome,LMNB2,9903
proteome,LMOD1,9908
proteome,LMOD2,9605
proteome,LONP1,9666
proteome,LPA,9703
proteome,LPCAT2,10318
proteome,LPL,10283
proteome,LPO,10083
proteome,LPP,9611
proteome,LRCH4,9611
proteome,LRFN2,9655
proteome,LRG1,9911
proteome,LRIG1,10409
proteome,LRIG3,9606
proteome,LRP1,10318
proteome,LRP11,10283
proteome,LRP2,9655
proteome,LRP2BP,9655
proteome,LRPAP1,10430
proteome,LRRC25,10318
proteome,LRRC37A2,9886
proteome,LRRC38,9655
proteome,LRRC59,9919
proteome,LRRFIP1,9877
proteome,LRRN1,10167
proteome,LRTM1,9655
proteome,LRTM2,9908
proteome,LSM1,10125
proteome,LSM8,9746
proteome,LSP1,10298
proteome,LTA,10298
proteome,LTA4H,10438
proteome,LTB,9877
proteome,LTBP2,10431
proteome,LTBP3,10125
proteome,LTBR,10268
proteome,LTO1,10167
proteome,LUZP2,9877
proteome,LXN,10224
proteome,LY6D,10183
proteome,LY75,10298
proteome,LY9,10191
proteome,LY96,10264
proteome,LYAR,10125
proteome,LYN,10318
proteome,LYPD1,10131
proteome,LYPD3,10322
proteome,LYPD8,10125
proteome,LYPLA2,9605
proteome,LYSMD3,9655
proteome,LYVE1,9911
proteome,LYZL2,9580
proteome,LZTFL1,9676
proteome,M6PR,9666
proteome,MAD1L1,10252
proteome,MAEA,10125
proteome,MAG,9655
proteome,MAGEA3,9746
proteome,MAGED1,10125
proteome,MAMDC2,9919
proteome,MAMDC4,9877
proteome,MAN1A2,9666
proteome,MAN2B2,9919
proteome,MANEAL,9580
proteome,MANF,10351
proteome,MANSC1,10379
proteome,MANSC4,9611
proteome,MAP1LC3A,9605
proteome,MAP1LC3B2,9611
proteome,MAP2,9903
proteome,MAP2K1,9886
proteome,MAP2K6,10298
proteome,MAP3K5,10125
proteome,MAP4K5,10256
proteome,MAPK13,9580
proteome,MAPK9,10298
proteome,MAPKAPK2,9746
proteome,MAPRE3,9580
proteome,MAPT,10131
proteome,MARCO,10283
proteome,MARS1,9659
proteome,MASP1,10256
proteome,MATN2,10341
proteome,MATN3,10245
proteome,MAVS,10125
proteome,MAX,10131
proteome,MB,10431
proteome,MBL2,9762
proteome,MCAM,10345
proteome,MCEE,9908
proteome,MCEMP1,9627
proteome,MCFD2,10276
proteome,MCTS1,9886
proteome,MDGA1,10264
proteome,MDH1,9863
proteome,MDK,10379
proteome,MDM1,9655
proteome,MECR,9666
proteome,MED18,10125
proteome,MED21,9611
proteome,MEGF10,10330
proteome,MEGF11,9611
proteome,MEGF9,10390
proteome,MELTF,9919
proteome,MENT,9676
proteome,MEP1A,9886
proteome,MEP1B,10283
proteome,MEPE,10330
proteome,MERTK,10432
proteome,MESD,10349
proteome,MET,10385
proteome,METAP1,10131
proteome,METAP1D,10298
proteome,METAP2,10427
proteome,MFAP3,10146
proteome,MFAP3L,9655
proteome,MFAP4,9676
proteome,MFAP5,10431
proteome,MFGE8,10349
proteome,MGLL,10343
proteome,MGMT,10298
proteome,MIA,10379
proteome,MICALL2,9655
proteome,MICB_MICA,10298
proteome,MIF,10321
proteome,MILR1,10167
proteome,MINDY1,9877
proteome,MINK1,9903
proteome,MITD1,10264
proteome,MKI67,9627
proteome,MLLT1,9580
proteome,MLN,10298
proteome,MME,10318
proteome,MMP1,9836
proteome,MMP10,10316
proteome,MMP12,10320
proteome,MMP13,10131
proteome,MMP15,9919
proteome,MMP3,10349
proteome,MMP7,10120
proteome,MMP8,10406
proteome,MMP9,10330
proteome,MMUT,9611
proteome,MN1,9655
proteome,MNAT1,9746
proteome,MNDA,10283
proteome,MOCS2,9676
proteome,MOG,10438
proteome,MORC3,9903
proteome,MORF4L1,9746
proteome,MORF4L2,9580
proteome,MORN4,9580
proteome,MPHOSPH8,10146
proteome,MPI,10318
proteome,MPIG6B,10343
proteome,MPO,10349
proteome,MPRIP,9861
proteome,MRC1,9904
proteome,MRI1,9655
proteome,MRPL24,9611
proteome,MRPL28,9908
proteome,MRPL46,10131
proteome,MRPL52,9558
proteome,MRPL58,9908
proteome,MRPS16,9627
proteome,MSLN,10296
proteome,MSLNL,9655
proteome,MSMB,10279
proteome,MSR1,10430
proteome,MSRA,10379
proteome,MST1,9775
proteome,MSTN,10146
proteome,MTDH,9627
proteome,MTHFD2,9903
proteome,MTHFSD,9746
proteome,MTIF3,9886
proteome,MTPN,10146
proteome,MTR,9611
proteome,MTSS1,9886
proteome,MTSS2,9877
proteome,MTUS1,9746
proteome,MUC13,10131
proteome,MUC16,10318
proteome,MUC2,9921
proteome,MUCL3,9580
proteome,MVK,10167
proteome,MXRA8,9676
proteome,MYBPC1,9919
proteome,MYBPC2,9666
proteome,MYCBP2,9908
proteome,MYDGF,9919
proteome,MYH4,9611
proteome,MYH7B,9580
proteome,MYH9,9921
proteome,MYL1,9611
proteome,MYL3,9666
proteome,MYL4,9666
proteome,MYL6B,9655
proteome,MYLPF,9655
proteome,MYO6,9908
proteome,MYO9B,10167
proteome,MYOC,10349
proteome,MYOM1,9605
proteome,MYOM2,9611
proteome,MYOM3,9676
proteome,MZB1,10349
proteome,MZT1,10125
proteome,NAA10,9611
proteome,NAA80,9655
proteome,NAAA,10244
proteome,NACC1,9877
proteome,NADK,10283
proteome,NAGA,9604
proteome,NAGK,9661
proteome,NAGPA,9676
proteome,NAMPT,10125
proteome,NAP1L4,9864
proteome,NAPRT,9903
proteome,NARS1,9908
proteome,NBL1,10379
proteome,NBN,10167
proteome,NCAM1,10345
proteome,NCAM2,10349
proteome,NCAN,10430
proteome,NCF2,10296
proteome,NCK2,10351
proteome,NCLN,10167
proteome,NCR1,10298
proteome,NCR3LG1,9886
proteome,NCS1,10438
proteome,NDRG1,10131
proteome,NDST1,9877
proteome,NDUFA5,9594
proteome,NDUFB7,9886
proteome,NDUFS6,10125
proteome,NEB,9611
proteome,NECAP2,9611
proteome,NECTIN1,9627
proteome,NECTIN2,10253
proteome,NECTIN4,10379
proteome,NEDD4L,9627
proteome,NEDD9,9627
proteome,NEFL,10091
proteome,NEK7,9746
proteome,NELL1,10379
proteome,NELL2,10351
proteome,NENF,9877
proteome,NEO1,9908
proteome,NEXN,9904
proteome,NFASC,10432
proteome,NFAT5,9627
proteome,NFATC1,10298
proteome,NFATC3,10167
proteome,NFE2,9666
proteome,NFIC,9908
proteome,NFKB1,9611
proteome,NFKB2,9746
proteome,NFKBIE,10125
proteome,NFU1,9886
proteome,NFX1,9611
proteome,NFYA,9611
proteome,NGF,10264
proteome,NGFR,9919
proteome,NGRN,9903
proteome,NHLRC3,9502
proteome,NID1,10295
proteome,NID2,10349
proteome,NINJ1,10125
proteome,NIT1,9666
proteome,NIT2,9874
proteome,NLGN1,9655
proteome,NLGN2,9605
proteome,NME1,9627
proteome,NME3,10341
proteome,NMI,9863
proteome,NMNAT1,10264
proteome,NMRK2,9580
proteome,NMT1,9908
proteome,NOMO1,10349
proteome,NOP56,9611
proteome,NOS1,10131
proteome,NOS2,9611
proteome,NOS3,10131
proteome,NOTCH1,10431
proteome,NOTCH2,9921
proteome,NOTCH3,10431
proteome,NPC2,9787
proteome,NPDC1,10283
proteome,NPHS1,9627
proteome,NPHS2,9627
proteome,NPL,9919
proteome,NPM1,3106
proteome,NPPB,10146
proteome,NPPC,10298
proteome,NPR1,9611
proteome,NPTN,10125
proteome,NPTX1,10349
proteome,NPTX2,9921
proteome,NPTXR,10283
proteome,NPY,10438
proteome,NRCAM,10283
proteome,NRGN,9904
proteome,NRN1,9908
proteome,NRP1,10345
proteome,NRP2,10349
proteome,NRTN,10167
proteome,NRXN3,9655
proteome,NSFL1C,10430
proteome,NT5C,9919
proteome,NT5C1A,9903
proteome,NT5C3A,10298
proteome,NT5E,10379
proteome,NTF3,10298
proteome,NTF4,10125
proteome,NTPROBNP,10283
proteome,NTRK2,10283
proteome,NTRK3,10430
proteome,NUB1,10298
proteome,NUBP1,9877
proteome,NUCB2,10423
proteome,NUDC,10432
proteome,NUDT10,9666
proteome,NUDT15,9611
proteome,NUDT16,9872
proteome,NUDT2,10318
proteome,NUDT5,10349
proteome,NUMB,9627
proteome,NUP50,9611
proteome,NXPE4,9611
proteome,NXPH1,10131
proteome,NXPH3,9627
proteome,OBP2B,10245
proteome,OCLN,9908
proteome,ODAM,10114
proteome,OFD1,9746
proteome,OGA,9886
proteome,OGFR,10318
proteome,OGN,10349
proteome,OGT,9746
proteome,OLFM4,9334
proteome,OLR1,10194
proteome,OMD,10351
proteome,OMG,10318
proteome,OMP,9605
proteome,OPHN1,9903
proteome,OPLAH,9666
proteome,OPTC,10318
proteome,ORM1,9847
proteome,OSBPL2,9903
proteome,OSCAR,10341
proteome,OSM,10258
proteome,OSMR,10345
proteome,OSTN,9655
proteome,OTOA,9605
proteome,OTUD6B,9886
proteome,OTUD7B,9908
proteome,OXCT1,9666
proteome,OXT,10430
proteome,P4HB,10293
proteome,PACS2,9611
proteome,PADI2,10167
proteome,PADI4,10114
proteome,PAEP,10264
proteome,PAFAH1B3,9908
proteome,PAFAH2,9746
proteome,PAG1,10146
proteome,PAGR1,9666
proteome,PAIP2B,9568
proteome,PAK4,10131
proteome,PALLD,9627
proteome,PALM,9840
proteome,PALM2,9903
proteome,PALM3,9611
proteome,PAM,10375
proteome,PAMR1,10349
proteome,PAPPA,10167
proteome,PARD3,9746
proteome,PARK7,10349
proteome,PARP1,10298
proteome,PAXX,9676
proteome,PBK,9580
proteome,PBLD,10131
proteome,PBXIP1,9886
proteome,PCARE,9605
proteome,PCBD1,9674
proteome,PCBP2,9908
proteome,PCDH1,10406
proteome,PCDH12,9908
proteome,PCDH17,10283
proteome,PCDH7,9886
proteome,PCDH9,9886
proteome,PCDHB15,9877
proteome,PCNA,9580
proteome,PCOLCE,4129
proteome,PCSK7,9877
proteome,PCSK9,10431
proteome,PCYT2,9886
proteome,PDAP1,9919
proteome,PDCD1,10396
proteome,PDCD1LG2,10318
proteome,PDCD5,10430
proteome,PDCD6,10283
proteome,PDCL2,9580
proteome,PDE1C,9580
proteome,PDE4D,9611
proteome,PDE5A,9676
proteome,PDGFA,10431
proteome,PDGFB,10351
proteome,PDGFC,10125
proteome,PDGFRA,10283
proteome,PDGFRB,10431
proteome,PDIA2,9580
proteome,PDIA3,9676
proteome,PDIA4,9921
proteome,PDIA5,9580
proteome,PDLIM5,9908
proteome,PDLIM7,10351
proteome,PDP1,10125
proteome,PDRG1,9655
proteome,PDXDC1,9580
proteome,PDZD2,9611
proteome,PDZK1,9627
proteome,PEAR1,10431
proteome,PEBP1,10349
proteome,PECAM1,10349
proteome,PECR,9666
proteome,PENK,9676
proteome,PEPD,9904
proteome,PER3,9627
proteome,PF4,9854
proteome,PFDN2,10131
proteome,PFDN4,9580
proteome,PFDN6,9655
proteome,PFKFB2,10300
proteome,PGA4,9904
proteome,PGD,9919
proteome,PGF,10432
proteome,PGLYRP1,10379
proteome,PGLYRP2,9806
proteome,PGLYRP4,9611
proteome,PGM2,9655
proteome,PGR,9627
proteome,PHACTR2,9908
proteome,PHLDB1,9886
proteome,PHLDB2,9580
proteome,PHOSPHO1,10264
proteome,PHYKPL,9676
proteome,PI16,9904
proteome,PI3,10088
proteome,PIBF1,9908
proteome,PIGR,10232
proteome,PIK3AP1,10298
proteome,PIK3IP1,10349
proteome,PIKFYVE,9627
proteome,PILRA,10349
proteome,PILRB,10283
proteome,PINLYP,9676
proteome,PITHD1,9568
proteome,PKD1,9919
proteome,PKD2,9611
proteome,PKLR,10322
proteome,PKN3,9746
proteome,PLA2G10,10264
proteome,PLA2G15,10379
proteome,PLA2G1B,10410
proteome,PLA2G2A,10325
proteome,PLA2G4A,10351
proteome,PLA2G7,10349
proteome,PLAT,10390
proteome,PLAU,10349
proteome,PLAUR,10222
proteome,PLB1,9903
proteome,PLCB1,9627
proteome,PLCB2,9903
proteome,PLEKHO1,9903
proteome,PLG,9701
proteome,PLIN1,10131
proteome,PLIN3,10283
proteome,PLPBP,10283
proteome,PLSCR3,9872
proteome,PLTP,10412
proteome,PLXDC1,10125
proteome,PLXDC2,9903
proteome,PLXNA4,10298
proteome,PLXNB2,10372
proteome,PLXNB3,10261
proteome,PM20D1,10208
proteome,PMCH,9611
proteome,PMM2,9611
proteome,PMS1,9655
proteome,PMVK,10115
proteome,PNLIP,9904
proteome,PNLIPRP1,9903
proteome,PNLIPRP2,10330
proteome,PNMA1,9666
proteome,PNMA2,9605
proteome,PNPT1,10167
proteome,PODXL,10318
proteome,PODXL2,10379
proteome,POF1B,9627
proteome,POLR2A,9627
proteome,POLR2F,10318
proteome,POMC,9666
proteome,PON1,9904
proteome,PON2,10146
proteome,PON3,10351
proteome,POSTN,9921
proteome,PPBP,9854
proteome,PPCDC,10430
proteome,PPIB,10352
proteome,PPIE,9746
proteome,PPIF,9921
proteome,PPL,9627
proteome,PPM1A,10125
proteome,PPM1B,9627
proteome,PPM1F,9919
proteome,PPME1,10318
proteome,PPP1CC,9877
proteome,PPP1R12A,10379
proteome,PPP1R12B,9746
proteome,PPP1R14A,9908
proteome,PPP1R14D,9908
proteome,PPP1R2,10283
proteome,PPP1R9B,10432
proteome,PPP2R5A,9886
proteome,PPP3R1,10264
proteome,PPT1,9655
proteome,PPY,10366
proteome,PQBP1,10125
proteome,PRAME,9580
proteome,PRAP1,9921
proteome,PRC1,9877
proteome,PRCP,10394
proteome,PRDX1,10115
proteome,PRDX2,9731
proteome,PRDX3,10167
proteome,PRDX5,10432
proteome,PRDX6,10438
proteome,PREB,10167
proteome,PRELP,10330
proteome,PRG2,9921
proteome,PRG3,9921
proteome,PRKAB1,10167
proteome,PRKAG3,9655
proteome,PRKAR1A,10283
proteome,PRKAR2A,9889
proteome,PRKCQ,10167
proteome,PRKD2,9611
proteome,PRKG1,9676
proteome,PRKRA,10125
proteome,PRL,10430
proteome,PRND,9903
proteome,PROC,10312
proteome,PROCR,9611
proteome,PROK1,10298
proteome,PROS1,9911
proteome,PRR4,9574
proteome,PRR5,9627
proteome,PRRT3,9666
proteome,PRSS2,10345
proteome,PRSS22,9627
proteome,PRSS27,10243
proteome,PRSS53,9903
proteome,PRSS8,10221
proteome,PRTFDC1,10131
proteome,PRTG,10438
proteome,PRTN3,10081
proteome,PRUNE2,9746
proteome,PSAP,9847
proteome,PSAPL1,9886
proteome,PSCA,9886
proteome,PSG1,10264
proteome,PSIP1,10298
proteome,PSMA1,10125
proteome,PSMC3,9580
proteome,PSMD1,9908
proteome,PSMD5,9655
proteome,PSMD9,10318
proteome,PSME1,10264
proteome,PSME2,10239
proteome,PSMG3,10298
proteome,PSMG4,9627
proteome,PSPN,10298
proteome,PSRC1,10125
proteome,PSTPIP2,9417
proteome,PTEN,10131
proteome,PTGDS,10208
proteome,PTGES2,9557
proteome,PTGR1,9919
proteome,PTH,9655
proteome,PTH1R,10298
proteome,PTK7,10131
proteome,PTN,10146
proteome,PTP4A3,9627
proteome,PTPN1,10264
proteome,PTPN6,10343
proteome,PTPN9,9621
proteome,PTPRB,9919
proteome,PTPRC,9921
proteome,PTPRF,10431
proteome,PTPRH,9886
proteome,PTPRK,9886
proteome,PTPRM,10288
proteome,PTPRN2,10244
proteome,PTPRR,9903
proteome,PTPRS,10431
proteome,PTPRZ1,9919
proteome,PTRHD1,9676
proteome,PTS,10087
proteome,PTTG1,9746
proteome,PTX3,10298
proteome,PVALB,10402
proteome,PVR,10430
proteome,PXDNL,9877
proteome,PXN,10131
proteome,PYDC1,9666
proteome,PYY,9611
proteome,PZP,9911
proteome,QDPR,10222
proteome,QPCT,10318
proteome,QSOX1,9798
proteome,RAB10,9919
proteome,RAB11FIP3,9919
proteome,RAB27B,9919
proteome,RAB2B,9877
proteome,RAB33A,9611
proteome,RAB37,10167
proteome,RAB39B,9611
proteome,RAB3GAP1,9605
proteome,RAB44,9877
proteome,RAB6A,10298
proteome,RAB6B,10131
proteome,RABEP1,9676
proteome,RABEPK,10125
proteome,RABGAP1L,10167
proteome,RAC3,9655
proteome,RAD23B,10125
proteome,RAD51,9746
proteome,RALB,9627
proteome,RALY,9877
proteome,RANBP1,9666
proteome,RANBP2,9605
proteome,RANGAP1,10125
proteome,RAP1A,9627
proteome,RAPGEF2,9746
proteome,RARRES1,10125
proteome,RARRES2,10345
proteome,RASA1,10131
proteome,RASGRF1,9580
proteome,RASSF2,10125
proteome,RBFOX3,9908
proteome,RBKS,10134
proteome,RBM17,9908
proteome,RBM19,9611
proteome,RBM25,9580
proteome,RBP1,9655
proteome,RBP2,10318
proteome,RBP5,10318
proteome,RBP7,9886
proteome,RBPMS,9627
proteome,RBPMS2,9666
proteome,RCC1,9877
proteome,RCOR1,10146
proteome,RECK,9666
proteome,REEP4,9908
proteome,REG1A,10242
proteome,REG1B,10431
proteome,REG3A,10431
proteome,REG3G,9877
proteome,REG4,10341
proteome,RELB,9627
proteome,RELT,10349
proteome,REN,10283
proteome,REPS1,9627
proteome,REST,9580
proteome,RET,10318
proteome,RETN,10293
proteome,REXO2,9611
proteome,RFC4,9877
proteome,RGCC,9908
proteome,RGL2,9746
proteome,RGMA,10430
proteome,RGMB,10430
proteome,RGS10,9908
proteome,RGS8,10167
proteome,RHOC,10167
proteome,RICTOR,9627
proteome,RIDA,9676
proteome,RILP,10409
proteome,RILPL2,9919
proteome,RIPK4,9611
proteome,RLN1,9908
proteome,RLN2,9654
proteome,RNASE1,9904
proteome,RNASE10,9666
proteome,RNASE3,10243
proteome,RNASE4,9578
proteome,RNASE6,9851
proteome,RNASEH2A,9908
proteome,RNASET2,10394
proteome,RNF149,9666
proteome,RNF168,9627
proteome,RNF31,9627
proteome,RNF4,9746
proteome,RNF41,10125
proteome,RNF43,9746
proteome,RNF5,9666
proteome,ROBO1,10341
proteome,ROBO2,10430
proteome,ROBO4,9666
proteome,ROR1,10283
proteome,RP2,10318
proteome,RPA2,9627
proteome,RPE,9746
proteome,RPGR,9655
proteome,RPL14,9666
proteome,RPS10,9611
proteome,RRAS,9655
proteome,RRM2,10125
proteome,RRM2B,10125
proteome,RRP15,9605
proteome,RSPO1,10264
proteome,RSPO3,10438
proteome,RTBDN,10318
proteome,RTKN2,9611
proteome,RTN4IP1,9908
proteome,RTN4R,10438
proteome,RUVBL1,10125
proteome,RWDD1,10430
proteome,RYR1,9611
proteome,S100A11,10180
proteome,S100A12,10175
proteome,S100A13,9627
proteome,S100A14,9908
proteome,S100A16,10114
proteome,S100A3,9877
proteome,S100A4,10379
proteome,S100G,9908
proteome,S100P,10146
proteome,SAA4,9911
proteome,SAFB2,9908
proteome,SAG,9605
proteome,SAMD9L,10298
proteome,SAP18,9746
proteome,SARG,9862
proteome,SART1,9611
proteome,SAT1,9611
proteome,SAT2,9746
proteome,SATB1,9908
proteome,SBSN,9915
proteome,SCAMP3,10318
proteome,SCARA5,10430
proteome,SCARB1,10131
proteome,SCARB2,10139
proteome,SCARF1,10431
proteome,SCARF2,10430
proteome,SCG2,10394
proteome,SCG3,10341
proteome,SCGB1A1,10326
proteome,SCGB2A2,9611
proteome,SCGB3A1,9676
proteome,SCGB3A2,10343
proteome,SCGN,10167
proteome,SCIN,9605
proteome,SCLY,10409
proteome,SCN2A,9605
proteome,SCN2B,9655
proteome,SCN3A,9655
proteome,SCN3B,9605
proteome,SCN4B,9666
proteome,SCP2,10125
proteome,SCPEP1,9622
proteome,SCRG1,9919
proteome,SCRIB,9666
proteome,SCRN1,10298
proteome,SCT,9655
proteome,SDC1,10283
proteome,SDC4,10283
proteome,SDCCAG8,9877
proteome,SDHB,9886
proteome,SDK2,9676
proteome,SEC31A,9666
proteome,SEL1L,9666
proteome,SELE,10431
proteome,SELENOP,9911
proteome,SELL,9911
proteome,SELP,10345
proteome,SELPLG,10298
proteome,SEMA3F,10283
proteome,SEMA3G,9676
proteome,SEMA4C,10318
proteome,SEMA4D,10430
proteome,SEMA6C,9627
proteome,SEMA7A,10390
proteome,SEPTIN3,9908
proteome,SEPTIN7,9746
proteome,SEPTIN8,9881
proteome,SEPTIN9,10318
proteome,SERPINA1,9733
proteome,SERPINA11,10431
proteome,SERPINA12,9980
proteome,SERPINA3,9869
proteome,SERPINA4,9775
proteome,SERPINA5,9807
proteome,SERPINA6,9911
proteome,SERPINA7,9911
proteome,SERPINA9,10242
proteome,SERPINB1,10302
proteome,SERPINB5,10146
proteome,SERPINB6,10414
proteome,SERPINB8,10432
proteome,SERPINB9,10264
proteome,SERPINC1,9892
proteome,SERPIND1,9892
proteome,SERPINE1,10431
proteome,SERPINE2,9919
proteome,SERPINF1,9730
proteome,SERPINF2,9721
proteome,SERPING1,9892
proteome,SERPINH1,9746
proteome,SERPINI1,9659
proteome,SERPINI2,9886
proteome,SESTD1,10131
proteome,SETMAR,10237
proteome,SEZ6,9655
proteome,SEZ6L,10379
proteome,SEZ6L2,10318
proteome,SF3B4,10318
proteome,SFRP1,10233
proteome,SFRP4,9676
proteome,SFTPA1,10125
proteome,SFTPA2,10125
proteome,SFTPD,10283
proteome,SGSH,9772
proteome,SH2B3,10125
proteome,SH2D1A,10298
proteome,SH3BGRL2,9605
proteome,SH3BP1,9886
proteome,SH3GL3,9721
proteome,SH3GLB2,9903
proteome,SHBG,9904
proteome,SHC1,9580
proteome,SHD,9588
proteome,SHH,9627
proteome,SHISA5,9921
proteome,SHMT1,10343
proteome,SHPK,9746
proteome,SIAE,10362
proteome,SIGLEC1,10351
proteome,SIGLEC10,10298
proteome,SIGLEC15,10131
proteome,SIGLEC5,10349
proteome,SIGLEC6,10438
proteome,SIGLEC7,10283
proteome,SIGLEC8,9666
proteome,SIGLEC9,10420
proteome,SIL1,9666
proteome,SIRPA,10348
proteome,SIRPB1,10309
proteome,SIRT1,9627
proteome,SIRT2,10318
proteome,SIRT5,10131
proteome,SIT1,10167
proteome,SKAP1,10256
proteome,SKAP2,10351
proteome,SKIV2L,9611
proteome,SLA2,9908
proteome,SLAMF1,10167
proteome,SLAMF6,10125
proteome,SLAMF7,10298
proteome,SLAMF8,10125
proteome,SLC12A2,9611
proteome,SLC13A1,9877
proteome,SLC16A1,10131
proteome,SLC1A4,9655
proteome,SLC27A4,10131
proteome,SLC28A1,9580
proteome,SLC34A3,9580
proteome,SLC39A14,10131
proteome,SLC39A5,10298
proteome,SLC44A4,9655
proteome,SLC4A1,9921
proteome,SLC51B,9611
proteome,SLC9A3R1,9676
proteome,SLC9A3R2,9886
proteome,SLIRP,9580
proteome,SLIT2,10131
proteome,SLITRK1,9627
proteome,SLITRK2,10438
proteome,SLITRK6,10146
proteome,SLK,9746
proteome,SLMAP,9886
proteome,SLURP1,9856
proteome,SMAD1,10125
proteome,SMAD2,9877
proteome,SMAD3,9877
proteome,SMAD5,10318
proteome,SMARCA2,10131
proteome,SMC3,9580
proteome,SMNDC1,9886
proteome,SMOC1,10438
proteome,SMOC2,10351
proteome,SMPD1,10406
proteome,SMPD3,9627
proteome,SMPDL3A,10330
proteome,SMPDL3B,9877
proteome,SMS,9605
proteome,SMTN,9884
proteome,SNAP23,10283
proteome,SNAP25,9605
proteome,SNAP29,10379
proteome,SNAPIN,9908
proteome,SNCA,9676
proteome,SNCG,10264
proteome,SNED1,9666
proteome,SNRPB2,9903
proteome,SNU13,9611
proteome,SNX15,9676
proteome,SNX18,9886
proteome,SNX2,9877
proteome,SNX5,9666
proteome,SNX9,10283
proteome,SOD1,10077
proteome,SOD2,10349
proteome,SOD3,9904
proteome,SORBS1,9908
proteome,SORCS2,10125
proteome,SORD,10398
proteome,SORT1,10253
proteome,SOST,10253
proteome,SOWAHA,9655
proteome,SOX2,9886
proteome,SOX9,9655
proteome,SPACA5_SPACA5B,9908
proteome,SPAG1,9908
proteome,SPARC,10379
proteome,SPARCL1,10320
proteome,SPART,9676
proteome,SPESP1,9919
proteome,SPINK1,10349
proteome,SPINK2,9676
proteome,SPINK4,10298
proteome,SPINK5,10349
proteome,SPINK6,10438
proteome,SPINK8,9611
proteome,SPINT1,10297
proteome,SPINT2,10351
proteome,SPINT3,9886
proteome,SPOCK1,10264
proteome,SPON1,10341
proteome,SPON2,10230
proteome,SPP1,10420
proteome,SPRED2,9627
proteome,SPRING1,9580
proteome,SPRR1B,9746
proteome,SPRR3,9903
proteome,SPRY2,10167
proteome,SPTBN2,9605
proteome,SPTLC1,9903
proteome,SRC,10359
proteome,SRP14,10318
proteome,SRPK2,10298
proteome,SRPX,9919
proteome,SSB,10131
proteome,SSBP1,9627
proteome,SSC4D,10253
proteome,SSC5D,10345
proteome,SSH3,9580
proteome,SSNA1,9886
proteome,ST13,9676
proteome,ST3GAL1,10318
proteome,ST6GAL1,10431
proteome,ST8SIA1,9627
proteome,STAB2,9921
proteome,STAM,9877
proteome,STAMBP,10256
proteome,STAT2,9627
proteome,STAT5B,10318
proteome,STAU1,9580
proteome,STC1,10430
proteome,STC2,10349
proteome,STEAP4,9605
proteome,STIP1,10321
proteome,STK11,10146
proteome,STK24,10131
proteome,STK4,10283
proteome,STOML2,9580
proteome,STX16,10125
proteome,STX1B,9655
proteome,STX3,9903
proteome,STX4,10318
proteome,STX5,9627
proteome,STX6,10125
proteome,STX7,9627
proteome,STX8,10298
proteome,STXBP1,9908
proteome,STXBP3,10125
proteome,SUGP1,9886
proteome,SUGT1,10125
proteome,SULT1A1,10430
proteome,SULT2A1,10298
proteome,SUMF1,9627
proteome,SUMF2,10430
proteome,SUOX,9908
proteome,SUSD1,10146
proteome,SUSD2,10349
proteome,SUSD4,9877
proteome,SUSD5,9625
proteome,SV2A,9655
proteome,SWAP70,9886
proteome,SYAP1,9676
proteome,SYNGAP1,9605
proteome,SYT1,9903
proteome,SYTL4,9919
proteome,TAB2,9746
proteome,TACC3,10318
proteome,TACSTD2,9275
proteome,TADA3,9877
proteome,TAFA5,10318
proteome,TAGLN3,9580
proteome,TALDO1,9893
proteome,TANK,10167
proteome,TAP1,9746
proteome,TARBP2,10131
proteome,TARM1,9655
proteome,TARS1,9877
proteome,TAX1BP1,9903
proteome,TBC1D17,10131
proteome,TBC1D23,10318
proteome,TBC1D5,10298
proteome,TBCA,9676
proteome,TBCB,10264
proteome,TBCC,10264
proteome,TBL1X,10125
proteome,TBR1,9655
proteome,TCL1A,10255
proteome,TCL1B,10146
proteome,TCN1,9690
proteome,TCN2,10420
proteome,TCOF1,9919
proteome,TCP11,9746
proteome,TCTN3,9919
proteome,TDGF1,10131
proteome,TDO2,9655
proteome,TDP1,9877
proteome,TDRKH,10131
proteome,TEF,9611
proteome,TEK,10379
proteome,TERF1,9627
proteome,TET2,9733
proteome,TEX101,9655
proteome,TEX33,9746
proteome,TF,9911
proteome,TFAP2A,9605
proteome,TFF1,10292
proteome,TFF2,10343
proteome,TFF3,10267
proteome,TFPI,10254
proteome,TFPI2,10365
proteome,TFRC,10303
proteome,TG,9877
proteome,TGFA,10298
proteome,TGFB1,10415
proteome,TGFB2,9877
proteome,TGFBI,10230
proteome,TGFBR1,9627
proteome,TGFBR2,10379
proteome,TGFBR3,10431
proteome,TGM2,10277
proteome,TGOLN2,9904
proteome,THAP12,9568
proteome,THBD,10283
proteome,THBS2,10349
proteome,THBS4,10295
proteome,THOP1,10221
proteome,THPO,10146
proteome,THRAP3,9611
proteome,THSD1,9565
proteome,THTPA,9875
proteome,THY1,10430
proteome,TIA1,10046
proteome,TIE1,10431
proteome,TIGAR,10123
proteome,TIGIT,9746
proteome,TIMD4,10345
proteome,TIMM10,9919
proteome,TIMM8A,9903
proteome,TIMP1,10171
proteome,TIMP2,9919
proteome,TIMP3,10351
proteome,TIMP4,10349
proteome,TINAGL1,10253
proteome,TJAP1,10379
proteome,TJP3,9605
proteome,TK1,9746
proteome,TLR1,9627
proteome,TLR2,9746
proteome,TLR3,10432
proteome,TLR4,9627
proteome,TMCO5A,9655
proteome,TMED1,9746
proteome,TMED10,9611
proteome,TMED4,9611
proteome,TMED8,9886
proteome,TMEM106A,9877
proteome,TMEM132A,9666
proteome,TMEM25,9908
proteome,TMOD4,9580
proteome,TMPRSS11B,9605
proteome,TMPRSS11D,9881
proteome,TMPRSS15,10318
proteome,TMPRSS5,10195
proteome,TMSB10,10349
proteome,TNC,10345
proteome,TNF,10146
proteome,TNFAIP2,9886
proteome,TNFAIP8,10167
proteome,TNFAIP8L2,9676
proteome,TNFRSF10A,10264
proteome,TNFRSF10B,10264
proteome,TNFRSF10C,10339
proteome,TNFRSF11A,10432
proteome,TNFRSF11B,10330
proteome,TNFRSF12A,10379
proteome,TNFRSF13B,10341
proteome,TNFRSF13C,10167
proteome,TNFRSF14,10341
proteome,TNFRSF17,9676
proteome,TNFRSF19,10438
proteome,TNFRSF1A,10349
proteome,TNFRSF1B,10349
proteome,TNFRSF21,10430
proteome,TNFRSF4,10415
proteome,TNFRSF6B,10264
proteome,TNFRSF8,10430
proteome,TNFRSF9,10264
proteome,TNFSF10,10432
proteome,TNFSF11,10298
proteome,TNFSF12,10432
proteome,TNFSF13,10351
proteome,TNFSF13B,10417
proteome,TNFSF14,10264
proteome,TNFSF8,9921
proteome,TNIP1,9903
proteome,TNN,9921
proteome,TNNI3,10146
proteome,TNPO1,9746
proteome,TNR,10264
proteome,TNXB,10349
proteome,TOMM20,9919
proteome,TOP1,9886
proteome,TOP1MT,9580
proteome,TOP2B,9627
proteome,TOR1AIP1,9666
proteome,TP53,10125
proteome,TP53BP1,9627
proteome,TP53I3,9521
proteome,TP53INP1,10146
proteome,TP73,9655
proteome,TPBGL,9655
proteome,TPD52L2,9676
proteome,TPK1,9919
proteome,TPM3,9611
proteome,TPMT,10125
proteome,TPP1,10258
proteome,TPPP2,9746
proteome,TPPP3,10131
proteome,TPR,9611
proteome,TPRKB,9580
proteome,TPSAB1,10410
proteome,TPSD1,9908
proteome,TPSG1,9627
proteome,TPT1,10167
proteome,TRAF2,10298
proteome,TRAF3,9627
proteome,TRAF3IP2,9611
proteome,TRDMT1,9746
proteome,TREH,9921
proteome,TREM2,10330
proteome,TREML1,9904
proteome,TREML2,10349
proteome,TRIAP1,10438
proteome,TRIM21,10298
proteome,TRIM24,9734
proteome,TRIM25,9886
proteome,TRIM26,9580
proteome,TRIM40,9655
proteome,TRIM5,10298
proteome,TRIM58,9877
proteome,TRPV3,9611
proteome,TSC1,9627
proteome,TSC22D1,9908
proteome,TSHB,10283
proteome,TSLP,10146
proteome,TSNAX,9611
proteome,TSPAN1,10146
proteome,TSPAN15,9611
proteome,TSPAN7,9605
proteome,TSPAN8,9886
proteome,TSPYL1,9627
proteome,TST,10100
proteome,TTF2,9655
proteome,TTN,9611
proteome,TTR,9810
proteome,TUBB3,9605
proteome,TWF2,9921
proteome,TXK,9746
proteome,TXLNA,10264
proteome,TXN,9822
proteome,TXNDC15,10379
proteome,TXNDC5,10430
proteome,TXNDC9,9903
proteome,TXNL1,9588
proteome,TXNRD1,10349
proteome,TYMP,10219
proteome,TYRO3,10283
proteome,TYRP1,9627
proteome,UBAC1,10318
proteome,UBE2B,9877
proteome,UBE2L6,9919
proteome,UBE2Z,9627
proteome,UBQLN3,9611
proteome,UBXN1,9676
proteome,UFD1,9886
proteome,UGDH,9611
proteome,UHRF2,9611
proteome,ULBP2,10264
proteome,UMOD,10415
proteome,UNC5D,9627
proteome,UNC79,9580
proteome,UNG,9877
proteome,UPB1,9919
proteome,UPK3A,9605
proteome,UPK3BL1,9724
proteome,UROD,9676
proteome,UROS,9655
proteome,USO1,10318
proteome,USP25,9877
proteome,USP28,9903
proteome,USP47,9611
proteome,USP8,10146
proteome,UXS1,10125
proteome,VAMP5,10146
proteome,VAMP8,9627
proteome,VASH1,10298
proteome,VASN,10108
proteome,VASP,9904
proteome,VAT1,10318
proteome,VAV3,9605
proteome,VCAM1,10312
proteome,VCAN,10430
proteome,VCPKMT,9580
proteome,VEGFA,10367
proteome,VEGFB,9627
proteome,VEGFC,10379
proteome,VEGFD,10394
proteome,VGF,9908
proteome,VIM,10146
proteome,VIPR1,9666
proteome,VIT,9919
proteome,VMO1,10318
proteome,VNN1,9904
proteome,VNN2,10318
proteome,VPS28,9746
proteome,VPS37A,10318
proteome,VPS4B,9877
proteome,VPS53,10318
proteome,VSIG10,9877
proteome,VSIG10L,9611
proteome,VSIG2,9877
proteome,VSIG4,10349
proteome,VSIR,10283
proteome,VSNL1,9903
proteome,VSTM1,10131
proteome,VSTM2B,9746
proteome,VSTM2L,10146
proteome,VTA1,10430
proteome,VTCN1,10125
proteome,VTI1A,9676
proteome,VWA1,10427
proteome,VWA5A,9580
proteome,VWC2,10237
proteome,VWC2L,9908
proteome,VWF,10431
proteome,WARS,10349
proteome,WAS,10167
proteome,WASF1,10146
proteome,WASF3,10131
proteome,WASHC3,9903
proteome,WASL,9627
proteome,WDR46,9877
proteome,WFDC1,9743
proteome,WFDC12,10408
proteome,WFDC2,9864
proteome,WFIKKN1,10237
proteome,WFIKKN2,10341
proteome,WIF1,10438
proteome,WNT9A,10167
proteome,WWP2,10264
proteome,XCL1,10438
proteome,XG,10344
proteome,XIAP,9627
proteome,XPNPEP2,10379
proteome,XRCC4,10131
proteome,YAP1,9903
proteome,YARS1,9886
proteome,YES1,10318
proteome,YJU2,9877
proteome,YOD1,9611
proteome,YTHDF3,10167
proteome,YWHAQ,9676
proteome,YY1,9627
proteome,ZBP1,9627
proteome,ZBTB16,10125
proteome,ZBTB17,10146
proteome,ZCCHC8,9611
proteome,ZFYVE19,9886
proteome,ZHX2,9903
proteome,ZNF174,9627
proteome,ZNF75D,9746
proteome,ZNF830,9877
proteome,ZNRD2,9886
proteome,ZNRF4,9877
proteome,ZP3,9666
proteome,ZP4,9580
proteome,ZPR1,9605
