protein,module_protein,ENTREZID
AAMDC,1,28971
AARSD1,2,80755
ABHD14B,1,84836
ABL1,1,25
ABRAXAS2,1,23172
ACAA1,3,30
ACADSB,1,36
ACOT13,1,55856
ACOX1,1,51
ACE2,3,59272
ACP5,3,54
ACY1,3,95
ACP1,2,52
ACRBP,1,84519
ACYP1,2,97
ACVRL1,3,94
ADAM22,3,53616
ADA,2,100
ADAMTSL2,3,9719
ADA2,3,51816
ADAM8,3,101
ADAM15,3,8751
ADGRE1,3,2015
ADGRE2,3,30817
ADAMTS4,1,9507
ADGRE5,3,976
ACAN,3,176
ACY3,3,91703
ADH1B,3,125
ADH4,3,127
ADAM12,3,8038
ADAMTS15,3,170689
ADM,3,133
ADD1,2,118
ADGRF5,1,221395
AGRN,3,375790
AHNAK,3,79026
AHCY,1,191
ACE,4,1636
AFM,3,173
AHSA1,1,10598
AIF1,1,199
AHSP,2,51327
AFAP1,1,60312
AIFM1,1,9131
AK1,2,203
AK2,1,204
AGXT,3,189
AKR1B1,1,231
AKT1S1,1,84335
AKT2,1,208
ADGRG2,3,10149
AGER,3,177
AKR7L,3,246181
AKT3,1,10000
ABO,3,28
ACSL1,4,2180
AKAP12,4,9590
ALCAM,3,214
AIDA,4,64853
ALDH5A1,1,7915
ALDH1A1,2,216
AMY1A_AMY1B_AMY1C,5,NA
AMY2A,5,279
AMOTL2,1,51421
ANGPT1,1,284
AMPD3,2,272
ANKMY2,1,57037
ANXA11,1,311
ANKRD54,2,129138
ANXA1,2,301
ANXA2,1,302
ANXA3,1,306
ANPEP,3,290
ANXA4,1,307
AP1G2,1,8906
AMFR,4,267
AP2B1,1,163
AP3B1,1,8546
AP3S2,1,10239
A1BG,3,1
AMBP,3,259
APBB1IP,2,54518
APOA1,3,335
AHSG,3,197
AMDHD2,4,51005
APOA4,3,337
ADIPOQ,3,9370
APOC1,3,341
APOD,3,347
APOF,3,319
APLP1,3,333
APEX1,2,328
APP,1,351
APPL2,1,55198
APRT,1,353
ARAF,1,369
ARF6,1,382
ARFIP1,1,27236
ARHGAP1,1,392
ARHGAP25,1,9938
ARHGAP45,1,23526
ARHGEF1,1,9138
ARHGEF10,1,9639
ARHGEF12,1,23365
ARG2,1,384
ARL13B,1,200894
ARL2BP,1,23568
ARSA,1,410
ADAM23,3,8745
ARSB,1,411
ANGPTL4,3,51129
APCS,3,325
APOB,4,338
ASGR1,3,432
ASAH1,1,427
ASPSCR1,1,79058
ASRGL1,1,80150
ARG1,2,383
ATG16L1,1,55054
ATG4A,2,115201
ATP1B2,4,482
ADRA2A,4,150
ARHGAP30,4,257106
ATOX1,1,475
ATP5IF1,1,93974
ATP6V1F,1,9296
ADAM9,3,8754
ART3,3,419
ASGR2,3,433
ATP6V1G1,1,9550
ATXN10,1,25814
ATXN2L,1,11273
ATXN3,2,4287
AXIN1,1,8312
ATRAID,3,51374
ATP1B3,4,483
AXL,3,558
B2M,3,567
APOM,3,55937
AZI2,1,64343
AHNAK2,3,113146
BABAM1,4,29086
BACH1,1,571
BAG4,1,9530
BAG6,1,7917
AZU1,2,566
BAIAP2,3,10458
BANK1,1,55024
AOC3,3,8639
B4GAT1,3,11041
BAX,1,581
ATRN,3,8455
BAP18,2,NA
BCAT1,1,586
BCL2L1,1,598
BCL2L11,1,10018
BCR,1,613
BDNF,1,627
BECN1,1,8678
B3GAT3,4,26229
BGN,1,633
BID,1,637
BIN2,1,51411
BIRC2,1,329
BLMH,1,642
ASPN,3,54829
BLOC1S3,1,388552
ADGRD1,3,283383
ANGPT2,3,285
BMP10,3,27302
BHMT2,4,23743
BLNK,2,29760
BNIP2,1,663
BNIP3L,1,665
BLVRB,2,645
BOLA1,2,51027
BOLA2_BOLA2B,2,NA
BRAP,1,8315
BRDT,1,676
BRK1,1,55845
B4GALT1,3,2683
BAG3,3,9531
ASS1,3,445
BRSK2,1,9024
BAMBI,3,25805
BMPER,3,168667
BSG,3,682
BST2,3,684
ANGPTL2,3,23452
BRD1,4,23774
APOE,3,348
C1R,3,715
C1RL,3,51279
BTC,1,685
C1S,3,716
C3,3,718
BCL2L15,2,440603
C9ORF40,2,NA
BTN2A1,3,11120
BMP6,1,654
BTN3A2,1,11118
C2ORF69,1,NA
BCAN,3,63827
CA1,2,759
CA2,2,760
C19ORF12,3,NA
ANXA10,3,11199
CA13,1,377677
BRD2,4,6046
CABP2,1,51475
CACNB3,1,784
CACYBP,1,27101
CALCOCO1,1,57658
C1GALT1C1,4,29071
CALCOCO2,1,10241
CAMKK1,1,84254
CAMLG,1,819
ACTN2,3,88
CA3,2,761
C7ORF50,2,NA
CAMSAP1,1,157922
CAPG,2,822
CASC3,1,22794
CASP10,1,843
CANT1,3,124583
CASP2,1,835
CASP3,1,836
CASP7,1,840
CASP8,1,841
CARHSP1,2,23589
CA9,3,768
CA5A,3,763
CASP9,1,842
CAT,2,847
C1QTNF6,4,114904
CC2D1A,1,54862
CA12,3,771
CCL11,3,6356
ANG,3,283
CCL13,1,6357
CCDC134,1,79879
CCL14,3,6358
C1QTNF1,3,114897
CCDC80,3,151887
CCL17,1,6361
CCL18,3,6362
AGRP,3,181
CCL22,3,6367
ALPI,3,248
CCL23,3,6368
CCL3,3,6348
CCL28,1,56477
CCL4,1,6351
CCL5,1,6352
CCL7,3,6354
CCL27,3,10850
CCL26,1,10344
CCL8,1,6355
CCN1,3,3491
CCN2,1,1490
CCN3,3,4856
CCS,2,9973
BCAM,3,4059
ANGPTL3,3,27329
C2,3,717
ADGRG1,3,9289
CCN4,3,8840
CCT5,1,22948
CA14,3,23632
CD163,3,9332
CD164,1,8763
AMIGO2,3,347902
CD160,3,11126
CD226,1,10666
ACHE,3,43
CCL21,3,6366
CD244,3,51744
CD27,3,939
CD22,3,933
CD274,3,29126
CD28,3,940
CD300A,3,11314
CD300C,3,10871
CD300E,3,342510
CA4,3,762
CD200,3,4345
CD248,3,57124
CD300LG,3,146894
CD2AP,2,23607
CD302,3,9936
CACNA1C,4,775
CD38,3,952
CD36,1,948
CD40,1,958
CD14,3,929
CD40LG,1,959
CD4,3,920
CD46,3,4179
CD48,3,962
CD34,3,947
BOC,3,91653
CD109,3,135228
CD276,3,80381
CD55,3,1604
ACTA2,3,59
CCL15,3,6359
CCL16,3,6360
CCN5,3,8839
CD5,3,921
CD63,1,967
CD59,3,966
CD300LF,3,146722
CD72,3,971
CD74,3,972
CD79B,3,974
CD80,3,941
CD69,1,969
CD1C,3,911
CD83,3,9308
ADAMTS8,3,11095
CD58,3,965
CD84,1,8832
CD93,3,22918
CD99,3,4267
CD99L2,3,83692
CDC26,1,246184
CDC27,1,996
CDC37,1,11140
CCL25,3,6370
CDH1,3,999
CDAN1,4,146059
CDH17,3,1015
CDH3,3,1001
CDH5,3,1003
BPIFB2,3,80341
CBS,3,875
CDH2,3,1000
CDC42BPB,1,9578
CDH23,4,64072
CDK5RAP3,1,80279
CDKN1A,1,1026
CDKN2D,1,1032
CDSN,3,1041
ALPP,3,250
CEACAM5,3,1048
CEACAM6,3,4680
CCNE1,4,898
CDA,2,978
CEACAM8,2,1088
AMY2B,5,280
CELA2A,5,63036
CDNF,1,441549
CEP170,1,9859
CEP20,1,123811
CEP43,1,11116
CEP85,1,64793
CDHR2,3,54825
AGR3,3,155465
BMP4,3,652
CERT,1,NA
CETN2,1,1069
C5,3,727
C8B,3,732
CELSR2,3,1952
BCHE,3,590
BTD,3,686
CDHR5,3,53841
CES1,3,1066
CFB,3,629
CFD,3,1675
CFHR2,3,3080
CFH,3,3075
CFHR5,3,81494
CFI,3,3426
CENPF,2,1063
CEP164,4,22897
CETN3,1,1070
BGLAP,3,632
CHCHD10,3,400916
CBLIF,3,2694
CALB1,3,793
CHAC2,2,494143
CHM,1,1121
CHMP1A,1,5119
CDON,3,50937
CHMP6,1,79643
CIAPIN1,1,57019
AREG,3,374
CGREF1,3,10669
CHRDL1,3,91851
APOA2,3,336
CASP1,2,834
CDH6,3,1004
CHGB,3,1114
CKAP4,3,10970
CLEC14A,3,161198
CIRBP,1,1153
ATP2B4,4,493
BCL7B,4,9275
CACNB1,4,782
CLASP1,4,23332
CFP,3,5199
CD209,3,30835
CLEC4D,3,338339
CLEC1B,1,51266
CALB2,3,794
CLEC1A,3,51267
CIT,2,11113
CLIP2,1,7461
CELA3A,5,10136
CLPP,1,8192
CLTA,1,1211
CMC1,1,152100
CMIP,1,80790
CNP,1,1267
CNPY4,1,245812
CBLN4,3,140689
CHL1,3,10752
CNTN1,3,1272
CKB,3,1152
CNTN4,3,152330
CNTN2,3,6900
CLEC2L,4,154790
CLMP,3,79827
COL15A1,3,1306
CHAD,3,1101
COCH,1,1690
CLEC11A,3,6320
COL1A1,3,1277
COL18A1,3,80781
COL6A3,3,1293
CNST,1,163882
COL2A1,1,1280
COMMD1,1,150684
CILP,3,8483
COMMD9,1,29099
COMT,1,1312
COPB2,1,9276
ARID3A,4,1820
CORO1A,1,11151
COX5B,1,1329
CLPS,5,1208
CPA1,5,1357
CPA2,5,1358
CNTN3,3,5067
COX6B1,1,1340
COL5A1,3,1289
COLEC12,3,81035
CD86,3,942
CR1,3,1378
CPPED1,2,55313
CPXM1,1,56265
CRACR2A,1,84766
ATF4,4,468
ATP1B4,4,23439
CA7,4,766
CPM,3,1368
CPQ,3,10404
CRADD,1,8738
CRELD2,1,79174
CHRDL2,3,25884
COMP,3,1311
CD8A,3,925
CNTNAP4,4,85445
CRKL,1,1399
CRYBB1,1,1414
CRYGD,1,1421
CRYM,1,1428
CRTAP,4,10491
CRYZL1,1,9946
CLEC6A,3,93978
CRELD1,3,78987
CRHBP,3,1393
CRIM1,3,51232
CRLF1,3,9244
CDCP1,3,64866
CR2,3,1380
CSDE1,1,7812
CSNK1D,1,1453
BPIFA2,5,140683
CPXM2,3,119587
CRIP2,3,1397
CSF1,3,1435
CST1,5,1469
CEACAM19,3,56971
CPA4,3,51200
CST3,3,1471
CREG1,3,8804
CSNK2A1,1,1457
CSPG4,3,1464
COL3A1,4,1281
CPB1,5,1360
CTRB1,5,1504
CTRC,5,11330
CHI3L1,3,1116
CTBS,3,1486
CTSD,3,1509
CTSL,3,1514
CTSF,3,8722
CTSO,3,1519
COQ7,3,10229
CTF1,1,1489
CXCL1,1,2919
CXCL10,3,3627
CXCL11,1,6373
CXCL3,1,2921
CXCL5,1,6374
CCL2,2,6347
CXCL6,1,6372
CRTAM,3,56253
CSTB,2,1476
CWC15,2,51503
CPTP,4,80772
CXCL8,2,3576
CYB5R2,1,51700
DAAM1,1,23002
DAB2,1,1601
DAG1,1,1605
DAPK2,1,23604
DAPP1,1,27071
DARS1,1,1615
DBI,1,1622
DBN1,1,1627
CREBZF,4,58487
DBNL,1,28988
DCTD,1,1635
DCTN1,1,1639
DCTN2,1,10540
CTHRC1,3,115908
CCAR2,4,57805
CDKL5,4,6792
CHCHD6,3,84303
DCTN6,1,10671
DCTPP1,3,79077
DCXR,3,51181
DDAH1,3,23576
CLNS1A,2,1207
DDI2,2,84301
CYTH3,4,9265
DCUN1D1,4,54165
CD164L2,4,388611
CHRM1,4,1128
DDX1,4,1653
DDHD2,1,23259
DDT,2,1652
DDX58,2,NA
CLEC5A,3,23601
CRISP3,3,10321
DECR1,1,1666
DENR,1,8562
DFFA,1,1676
DGKA,1,1606
DGKZ,1,8525
DHRS4L2,1,317749
CXCL12,1,6387
DIABLO,1,56616
DCN,3,1634
DKK1,1,22943
CLEC7A,3,64581
CTSS,3,1520
CTSZ,3,1522
CX3CL1,3,6376
DDR1,3,780
DEFA1_DEFA1B,3,NA
DLK1,3,8788
DLG4,1,1742
APOL1,3,8542
DMD,1,1756
DNAJA2,1,10294
DNAJB1,2,3337
DNAJA4,2,55466
DNAJB14,1,79982
DNAJB2,2,3300
DNAJB6,1,10049
DNAJB8,1,165721
DNAJC21,1,134218
DNAJC6,1,9829
CA6,3,765
DNAJC9,2,23234
DNM1,1,1759
DNM3,1,26052
DNMBP,1,23268
DNPEP,2,23549
DNPH1,2,10591
DOK1,1,1796
CNTNAP2,3,26047
CLEC3B,3,7123
DNER,3,92737
DPP10,3,57628
CTSC,3,1075
DOK2,1,9046
DLL1,3,28514
BCL2,2,596
DPP7,1,29952
DPY30,2,84661
DPT,3,1805
DSC2,3,1824
CST6,3,1474
DSG3,3,1830
DRG2,1,1819
DTD1,1,92675
DTNB,1,1838
DTYMK,2,1841
DUSP3,1,1845
DUT,1,1854
DXO,1,1797
DYNLT1,1,6993
DYNLT3,1,6990
C1QA,3,712
CSF1R,3,1436
CXADR,3,1525
EBAG9,1,9166
ECHDC3,3,79746
ECHS1,1,1892
DTX3,3,196403
ECI2,1,10455
EDAR,1,10913
CXCL17,3,284340
CEBPA,4,1050
EDF1,1,8721
EDA2R,3,60401
EDN1,3,1906
EEF1D,1,1936
CXCL16,3,58191
DSG2,3,1829
EFCAB14,3,9813
EFEMP1,3,2202
CALCA,3,796
CD7,3,924
CLEC10A,3,10462
CXCL9,3,4283
DKK4,3,27121
DRAXIN,3,374946
EFNA1,3,1942
EFCAB2,1,84288
EGF,1,1950
CNDP1,3,84735
DPP4,3,1803
CEBPB,2,1051
EGLN1,2,54583
EHBP1,1,23301
DDX25,4,29118
EHD3,1,30845
EIF2AK2,1,5610
EIF1AX,4,1964
EIF2AK3,1,9451
EIF2S2,1,8894
EIF4B,1,1975
EIF4E,1,1977
EIF4EBP1,2,1978
EIF4G1,1,1981
EIF4G3,1,8672
EIF5,1,1983
ELAC1,1,55520
DSG4,3,147409
DKK3,3,27122
EGFR,3,1956
ELOB,1,6923
ENAH,1,55740
ENO1,1,2023
DDA1,4,79016
ENO2,1,2026
ENG,3,2022
ELOA,2,6924
CLEC12A,4,160364
DCBLD2,3,131566
EFNA4,3,1945
CD207,3,50489
ELN,3,2006
EPHA1,3,2041
DIPK2B,3,79742
EPHA2,3,1969
CTSB,3,1508
EPHA4,3,2043
ADGRB3,3,577
CCER2,3,643669
EPHB4,3,2050
DDC,3,1644
ENO3,3,2027
CPB2,3,1361
ERBB2,3,2064
CNTN5,3,53942
DPP6,3,1804
ENOX2,1,10495
ENSA,1,2029
ENTR1,2,10807
EPPK1,1,83481
EGFL7,3,51162
ERBIN,1,55914
EREG,1,2069
EFHD1,3,80303
ERMAP,1,114625
ERP29,1,10961
EPHB6,3,2051
ERP44,1,23071
COL4A1,3,1282
DMP1,3,1758
CFC1,4,55997
EDNRB,4,1910
ESAM,3,90952
ESYT2,1,57488
CD6,2,923
EPS8L2,3,64787
ERBB3,3,2065
CLU,3,1191
EVI5,1,7813
F11R,1,50848
EPCAM,3,4072
F10,3,2159
F7,3,2155
CES2,3,8824
CLIC5,3,53405
FABP1,3,2168
CSRP3,3,8048
DUSP29,3,338599
EZR,2,7430
F9,3,2158
FABP3,3,2170
ERI1,2,90459
F2R,1,2149
FABP4,3,2167
FABP2,3,2169
ENDOU,3,8909
FABP5,1,2171
FADD,1,8772
FAM13A,1,10144
CTSE,3,1510
FAM3B,3,54097
CLEC4M,3,10332
FAM172A,1,NA
FAM3C,3,10447
ESM1,3,11082
FBLN2,3,2199
FCAMR,3,83953
FCER2,3,2208
FCRL1,3,115350
FCRL2,3,79368
C4BPB,3,725
F11,3,2160
F13B,3,2165
FAM20A,3,54757
EP300,4,2033
FARSA,1,2193
FDX2,1,112812
FES,1,2242
FGD3,1,89846
EPO,3,2056
CLSTN3,3,9746
FAS,3,355
FGF21,3,26291
FGA,3,2243
ARID4B,2,51742
FEN1,2,2237
FGF2,1,2247
FGR,2,2268
FGFBP3,1,143282
FHIT,1,2272
FIS1,1,51024
FKBP14,1,55033
FKBP1B,1,2281
FKBP4,1,2288
FKBP5,1,2289
FKBP7,1,51661
FKBPL,1,63943
CD200R1,3,131450
FLI1,1,2313
ECM1,3,1893
FAP,3,2191
ESR1,4,2099
F3,3,2152
FGFR2,3,2263
FLRT2,3,23768
FNTA,1,2339
FMR1,1,2332
FOXJ3,1,22887
FOLH1,4,2346
FOXO1,1,2308
FOXO3,1,2309
CGA,4,1081
FOLR1,3,2348
FOLR2,3,2350
FSTL1,3,11167
ENPP7,3,339221
FBP1,3,2203
FTCD,3,10841
FLT4,3,2324
FN1,3,2335
FSTL3,3,10272
FUOM,3,282969
FMNL1,2,752
FRMD4B,1,23150
FUS,2,2521
FUT8,1,2530
FXN,1,2395
FURIN,3,5045
FXYD5,1,53827
FYB1,1,2533
GADD45GIP1,1,90480
ENPP2,3,5168
CHGA,3,1113
GAPDH,1,2597
GATD3,1,8209
GBP2,1,2634
GBP4,1,115361
GCC1,1,79571
GBP1,2,2633
GCLM,2,2730
FNDC1,3,84624
GAS6,3,2621
GDF15,3,9518
GFER,1,2671
GGACT,1,87769
CEACAM1,3,634
ENTPD2,3,954
GGCT,1,79017
GCG,3,2641
AGR2,3,10551
GCHFR,2,2644
GIGYF2,1,26058
GIPC3,1,126326
GGT1,3,2678
GHR,3,2690
GIT1,1,28964
GLA,3,2717
ARHGEF5,3,7984
ATP6V1D,3,51382
B3GNT7,3,93010
CDH4,3,1002
CDK1,3,983
CEND1,3,51286
CLSPN,3,63967
CSH1,3,1442
DBH,3,1621
ENPP5,3,59084
ENTPD6,3,955
EPHX2,3,2053
EXOSC10,3,5394
FABP9,3,646480
FCRL6,3,343413
FGFBP2,3,83888
GALNT5,3,11227
GLB1,1,2720
GLO1,2,2739
CD3D,4,915
GLOD4,2,51031
GGA1,4,26088
GFRA1,3,2674
GLRX5,1,51218
GLRX,2,2745
GMFG,1,9535
GET3,2,439
GMPR,2,2766
GMPR2,1,51292
GNAS,1,2778
GNE,1,10020
GNPDA2,1,132789
GGH,3,8836
GOLGA3,1,2802
GOPC,1,57120
GORASP2,1,26003
GLIPR1,3,11010
GP1BA,1,2811
CTRL,5,1506
CUZD1,5,50624
GP1BB,1,2812
GP5,1,2814
GFRA3,3,2676
GP6,1,51206
CES3,3,23491
GOT1,3,2805
GPC5,1,2262
GLP1R,4,2740
GPHA2,4,170589
GPI,1,2821
GRAP2,1,9402
GRHPR,1,9380
GOLM2,3,113201
GALNT10,3,55568
GPD1,3,2819
GPRC5C,3,55890
GRK5,1,2869
GRPEL1,3,80273
GPC1,3,2817
GSN,3,2934
GSTA1,3,2938
GRSF1,1,2926
GSR,2,2936
GSTT2B,1,653689
CALY,4,50632
ERN1,3,2081
GSTA3,3,2940
GTPBP2,1,54676
GCNT1,3,2650
GNLY,3,10578
GZMA,3,3001
GZMB,3,3002
GIPC2,2,54810
GNPDA1,2,10007
GSTP1,1,2950
GYS1,1,2997
GM2A,3,2760
GRN,3,2896
HARS1,1,3035
HAGH,2,3029
HBQ1,2,3049
HBEGF,1,1839
GLI2,4,2736
HCLS1,1,3059
HDDC2,2,51020
GPKOW,2,27238
HDGF,2,3068
HEG1,3,57493
HDGFL2,2,84717
CST7,3,8530
CXCL13,3,10563
FCAR,3,2204
FCN1,3,2219
GUSB,3,2990
HAVCR2,3,84868
HEXIM1,1,10614
HGF,3,3082
HGS,1,9146
HHEX,1,3087
GPR37,3,2861
HLA_A,3,NA
HAO1,3,54363
HMGCL,1,3155
HIP1R,2,9026
HMOX2,3,3163
DHPS,2,1725
HNRNPK,1,3190
HNRNPUL1,2,11100
HPCAL1,1,3241
HPSE,1,10855
HS1BP3,1,64342
HSBP1,1,3281
HSD17B3,1,3293
HSDL2,1,84263
HSPA1A,1,3303
HNMT,3,3176
FGF23,3,8074
GUCA2A,3,2980
HLA_E,3,NA
HSPB6,3,126393
CTNNA1,4,1495
ECSCR,4,641700
HSPB1,1,3315
HSPG2,3,3339
HTRA2,1,27429
HYAL1,3,3373
FCRL5,3,83416
ICAM1,3,3383
ICAM2,3,3384
GALNT7,3,51809
CLC,2,1178
IDO1,3,3620
ICA1,1,3382
GFRA2,3,2675
GPNMB,3,10457
HS6ST2,3,90161
HYOU1,3,10525
ICOSLG,3,23308
GPR158,4,57512
GLYR1,4,84656
IFIT3,1,3437
HSPA2,2,3306
IFT20,1,90410
DPEP2,3,64174
FLT1,3,2321
IFNGR1,3,3459
FST,3,10468
HSD11B1,3,3290
IGFBP1,3,3484
CYTL1,3,54360
IFI30,3,10437
IGFBP4,3,3487
CLSTN2,3,64084
IGFBP6,3,3489
IGFBP7,3,3490
IGBP1,2,3476
IGF2BP3,4,10643
HEPH,3,9843
HMCN2,3,256158
IGF2R,3,3482
IGFBPL1,3,347252
IGF1R,3,3480
HJV,3,148738
IFNGR2,3,3460
IGFBP2,3,3485
IGSF3,3,3321
IGHMBP2,1,3508
IGSF8,3,93185
HDAC8,4,55869
HSP90B1,4,7184
IL10RB,3,3588
IL12A_IL12B,3,NA
BRME1,4,79173
CNTF,4,1270
CORO6,3,84940
CTLA4,4,1493
F2,3,2147
GUK1,4,2987
HMGCS1,4,3157
HTR1B,4,3351
GIMAP7,2,168537
CCL20,3,6364
IGSF9,3,57549
EBI3_IL27,3,NA
ICAM3,3,3385
IL12B,3,3593
IL12RB1,3,3594
IL15RA,3,3601
IL18,2,3606
DEFB4A_DEFB4B,3,NA
IKBKG,1,8517
IL18BP,3,10068
CEACAM16,3,388551
IL16,2,3603
IL18R1,3,8809
IL19,3,29949
IL31,6,386653
IL1RN,3,3557
ANGPTL1,3,9068
ERBB4,3,2066
GDF2,3,2658
IL1R1,3,3554
IL1B,1,3553
IL7,1,3574
ILKAP,1,80895
IMPA1,1,3612
IMPACT,2,55364
IL2RA,3,3559
IMMT,3,10989
ING1,1,3621
INPP1,1,3628
INPP5D,2,3635
EDDM3B,7,64184
IFNL2,4,282616
INPPL1,1,3636
IPCEF1,1,26034
IQGAP2,1,10788
IRAG2,1,4033
IRAK1,1,3654
IL3RA,3,3563
IRAK4,1,51135
ENPP6,3,133121
ITGA11,3,22801
IL13RA1,3,3597
IL1R2,3,7850
IL6ST,3,3572
INHBC,3,3626
ISM1,3,140862
IST1,1,9798
IGSF21,3,84966
ITGA5,3,3678
CRTAC1,3,55118
FGFBP1,3,9982
HPGDS,3,27306
ITGA2,3,3673
ITGAM,3,3684
IL7R,3,3575
ITGAV,3,3685
ITGA6,1,3655
IL32,3,9235
ITGB1,3,3688
ITGB1BP2,1,26548
IGDCC4,3,57722
ITGB2,3,3689
IL13RA2,4,3598
C9,3,735
FGL1,3,2267
F12,3,2161
IL4R,3,3566
ITGB5,1,3693
INHBB,3,3625
ITPA,1,3704
ITPR1,1,3708
CD5L,3,922
JAM3,1,83700
IKZF2,4,22807
JPT2,1,90861
KAZN,1,23254
JUN,4,3725
FCN2,3,2220
HEPACAM2,3,253012
KCTD5,2,54442
EVPL,4,2125
ITIH1,4,3697
KHK,3,3795
KIF22,1,3835
KIR2DL2,8,3803
JAM2,3,58494
ITPRIP,4,85450
FAM3D,3,131177
KLK10,3,5655
KLK1,3,3816
INSL3,7,3640
KIAA0319,3,9856
KLK11,3,11012
GPR15L,3,NA
KLK13,3,26085
KLK6,3,5653
KLK7,3,5650
GZMH,3,2999
KLRB1,3,3820
KLRD1,3,3824
ITGBL1,3,9358
AKR1B10,3,57016
ALDH3A1,3,218
KRT18,3,3875
KIFBP,1,26128
KRT8,3,3856
KYAT1,1,883
ISLR2,3,57611
ITGB7,3,3695
KIT,3,3815
KLK8,3,11202
KYNU,3,8942
L3HYPDH,1,112849
LACTB2,1,51110
LAMTOR5,1,10542
LAP3,1,51056
LAMA4,3,3910
LARP1,1,23367
ITGB1BP1,1,9270
LAT,1,27040
LAT2,1,7462
GGT5,3,2687
KRT19,3,3880
LAIR1,3,3903
IL6,3,3569
LATS1,1,9113
KLKB1,3,3818
CSF3R,3,1441
FCGR3B,3,2215
LAYN,3,143903
KDR,3,3791
LAMP2,3,3920
LCAT,3,3931
LBR,2,3930
LDLR,3,3949
LDLRAP1,1,26119
LEP,3,3952
LETM1,1,3954
LGALS1,3,3956
C1QTNF5,3,114902
LGALS3,3,3958
KRT5,3,3852
IFNLR1,3,163702
LAG3,3,3902
LAMP3,3,27074
LCN2,3,3934
LGALS4,3,3960
LGALS8,1,3964
HMBS,2,3145
L1CAM,3,3897
LGALS9,3,3965
LILRA2,3,11027
LILRA3,3,11026
LILRA5,3,353514
LILRB1,3,10859
LILRB4,3,11006
LGMN,1,5641
LMNB1,2,4001
LEG1,9,NA
LONP1,1,9361
KIF1C,2,10749
LHPP,2,64077
LPP,1,4026
ITIH3,3,3699
LMNB2,3,84823
LRP1,3,4035
LRP11,3,84918
LRCH4,2,4034
LRPAP1,1,4043
LRRC59,1,55379
ITGB6,3,3694
KLF4,2,9314
LPCAT2,2,54947
CLUL1,3,27098
KAZALD1,3,81621
LRRC25,3,126364
LGALS7_LGALS7B,3,NA
LTBR,3,4055
LY9,3,4063
LSP1,2,4046
LRRFIP1,1,9208
LSM1,1,27257
LYN,1,4067
LZTFL1,1,54585
MAD1L1,2,8379
LTBP2,3,4053
IDUA,3,3425
MAGED1,1,9500
MANF,1,7873
MAP2,1,4133
MAP2K1,1,5604
MAP2K6,1,5608
LYSMD3,1,116068
MAP3K5,1,4217
MAP4K5,1,11183
MAPK9,1,5601
GABARAPL1,4,23710
MAPKAPK2,1,9261
MARS1,1,4141
MAVS,1,57506
IDI2,3,91734
KLHL41,3,10324
LIFR,3,3977
MAX,1,4149
MCEMP1,1,199675
LXN,2,56925
MCFD2,1,90411
MDH1,2,4190
CGN,1,57530
LRFN2,4,57497
LRTM1,4,57408
MDK,1,4192
MDM1,1,56890
MECR,1,51102
MCAM,3,4162
FETUB,3,26998
MAMDC4,3,158056
MANSC1,3,54682
MEGF9,3,1955
MED18,1,54797
MERTK,3,10461
MESD,1,23184
METAP1D,1,254042
MAMDC2,3,256691
LY6D,3,8581
METAP2,1,10988
MGLL,1,11343
MGMT,1,4255
MICALL2,1,79778
MIF,1,4282
MINDY1,1,55793
MINK1,1,50488
KDM3A,4,55818
MITD1,1,129531
HAVCR1,3,26762
MMP8,2,4317
LYZL2,4,119180
LYAR,2,55646
MMP9,2,4318
MMP1,1,4312
MMUT,1,4594
GFAP,3,2670
LRTM2,3,654429
EPN1,4,29924
MAPRE3,4,22924
MOCS2,1,4338
MPHOSPH8,1,54737
MPI,1,4351
MNDA,2,4332
MARCO,3,8685
MPIG6B,1,80739
LILRB2,3,10288
MRC1,3,4360
MRI1,2,84245
MRPL46,1,26589
MRPL58,1,3396
LRRN1,3,57633
MSRA,1,4482
MORC3,4,23515
MTDH,1,92140
MTHFSD,1,64779
MTIF3,1,219402
MTSS1,1,9788
GP2,5,2813
ATXN2,10,6311
MME,3,4311
MTSS2,1,92154
KITLG,3,4254
LPL,3,4023
MENT,3,NA
CAPN3,3,825
MB,3,4151
MYBPC1,3,4604
MVK,3,4598
MYCBP2,1,23077
MORF4L2,4,9643
MYDGF,1,56005
MYBPC2,3,4606
MYL3,3,4634
MYH9,1,4627
ANGPTL7,3,10218
MEGF10,3,84466
MFAP4,3,4239
MSTN,3,2660
MXRA8,3,54587
MYLPF,3,NA
MYOM2,3,9172
IGLC2,3,3538
LY96,3,23643
MYO9B,1,4650
MZT1,1,440145
NAA10,1,8260
MAN2B2,3,23324
NAA80,1,24142
MPO,2,4353
MKI67,4,4288
NACC1,1,112939
NADK,2,65220
NAGK,1,55577
MYL4,2,4635
NAP1L4,2,4676
MEPE,3,56955
MFAP5,3,8076
MIA,3,8190
NAMPT,2,10135
MYOC,3,4653
NCAM1,3,4684
MOG,3,4340
NBN,2,4683
NARS1,1,4677
NAGA,4,4668
FASLG,3,356
LTA,3,4049
NBL1,3,4681
NCR1,3,9437
LMOD1,3,25802
NCK2,1,8440
NDUFA5,1,4698
NDUFB7,1,4713
NCR3LG1,3,374383
IL17C,3,27189
NECTIN2,3,5819
NAPRT,2,93100
NECAP2,1,55707
NCF2,2,4688
NCAN,3,1463
MYL6B,4,140465
NEDD4L,2,23327
NEK7,1,140609
MSR1,3,4481
NELL2,3,4753
NEXN,1,91624
NFAT5,1,10725
NFATC1,1,4772
NFE2,1,4778
NFKB1,1,4790
NDUFS6,1,4726
NFKBIE,1,4794
NFU1,1,27247
NAGPA,3,51172
NFASC,3,23114
NID1,1,4811
NCLN,4,56926
NFX1,1,4799
NID2,1,22795
NGRN,1,51335
NHLRC3,3,387921
NIT1,1,4817
ADAMTS1,4,9510
CPOX,4,1371
FGF20,4,26281
INSR,4,3643
KIAA1549L,4,25758
MAP1LC3A,4,84557
NIT2,1,56954
NFYA,2,4800
NMI,1,9111
MYOM3,3,127294
NEB,3,4703
ADAMTS13,3,11093
MET,3,4233
NCAM2,3,4685
NECTIN4,3,81607
NOTCH1,3,4851
MMP12,3,4321
NCS1,3,23413
NPC2,3,10577
NMNAT1,2,64802
NPDC1,3,56654
GRP,3,2922
MFGE8,3,4240
MLN,3,4295
NOTCH3,3,4854
NPTXR,3,23467
NMT1,1,4836
NRP1,3,8829
MAEA,2,10296
NPL,2,80896
NPM1,2,4869
NRGN,1,4900
NSFL1C,2,55968
NT5C,1,30833
NPPB,11,4879
LEPR,3,3953
NRCAM,3,4897
NTRK2,3,4915
NT5C3A,1,51251
NENF,4,29937
NPPC,3,4880
NT5C1A,3,84618
NUB1,1,51667
NUCB2,1,4925
ADAMTSL4,3,54507
NME1,4,4830
NUDC,1,10726
NUDT16,1,131870
NUDT2,1,318
NUDT5,1,11164
NTRK3,3,4916
NUMB,1,8650
OCLN,3,100506658
OGA,1,10724
NUBP1,4,4682
OLFM4,2,10562
NRP2,3,8828
NXPH1,3,30010
OGFR,2,11054
OPHN1,1,4983
ITIH4,3,3700
LRG1,3,116844
OLR1,2,4973
OPLAH,1,26873
OTUD6B,1,51633
OTUD7B,1,56957
NOMO1,3,23420
OXCT1,1,5019
P4HB,1,5034
FSHB,4,2488
KIAA2013,4,90231
OGT,4,8473
PACS2,1,23241
PAFAH2,1,5051
NUDT10,4,170685
PAG1,1,55824
PAFAH1B3,4,5050
PAGR1,2,79447
OGN,3,4969
MTUS1,3,57509
NT5E,3,4907
PALM,3,5064
MED21,3,9412
MRPS16,4,51021
PAIP2B,4,400961
MATN2,3,4147
PAK4,1,10298
PARD3,1,56288
OSM,2,5008
PARK7,2,11315
PARP1,2,142
DCLRE1C,4,64421
GAD1,4,2571
GATA3,4,2625
PALM2,3,NA
PAXX,2,286257
HSD17B14,3,51171
NFATC3,3,4775
PAMR1,3,25891
PBLD,1,64081
DSCAM,3,1826
PCDH17,3,27253
PCOLCE,3,5118
PCBP2,1,5094
PCYT2,1,5833
OSCAR,3,126014
PDCD1,3,5133
PDAP1,1,11333
PDCD5,2,9141
PDE5A,1,8654
PDGFA,1,5154
OMD,3,4958
PDGFB,1,5155
PDIA3,1,2923
PDIA4,1,9601
PDLIM5,1,10611
NINJ1,4,4814
PDLIM7,1,9260
PCBD1,3,5092
PAM,3,5066
PDP1,1,54704
PDZD2,1,23037
PEAR1,1,375033
PEBP1,2,5037
PECAM1,1,5175
PECR,1,55825
PER3,1,8863
PF4,1,5196
PFDN2,1,5202
LIPF,3,8513
PFKFB2,1,5208
PDZK1,3,5174
PGD,1,5226
PHACTR2,1,9749
NOS1,3,4842
PHLDB1,1,23187
IL22,3,50616
PHYKPL,1,85007
MSLN,3,10232
PADI4,2,23569
PIBF1,1,10464
PENK,3,5179
PGF,3,5228
PHOSPHO1,3,162466
PI16,3,221476
PIK3IP1,3,113791
PILRA,3,29992
MELTF,3,4241
NOTCH2,3,4853
NXPH3,3,11248
PDGFRA,3,5156
PIK3AP1,2,118788
PIKFYVE,1,200576
PKD2,1,5311
GIP,3,2695
PIGR,3,5284
PKN3,1,29941
OXT,3,5020
PCSK9,3,255738
LYPD3,3,27076
OSMR,3,9180
PKD1,3,5310
MZB1,3,51237
PGLYRP1,3,8993
PILRB,3,29990
PLA2G15,3,23659
PLAU,3,5328
PLA2G4A,1,5321
PLCB2,1,5330
PLEKHO1,1,51177
PLIN3,1,10226
PLPBP,1,11212
PGR,4,5241
PLSCR3,1,57048
PLXNA4,1,91584
PLXNB3,1,5365
PMM2,1,5373
PLA2G1B,5,5319
PNLIP,5,5406
PMVK,1,10654
MNAT1,4,4331
PCSK7,4,9159
PDCD1LG2,3,80380
GAD2,4,2572
LRIG3,4,121227
NEDD9,2,4739
PALLD,4,23022
PLCB1,4,23236
PLAUR,3,5329
PLTP,3,5360
PNMA1,1,9240
POLR2F,2,5435
PPBP,1,5473
PPCDC,2,60490
PPIB,1,5479
PLXDC1,4,57125
PPIF,1,10105
PPM1A,1,5494
PKLR,2,5313
PPM1F,1,9647
PPME1,2,51400
PPP1CC,1,5501
PPP1R12A,1,4659
PPP1R14A,1,94274
PPP1R2,1,5504
PPP1R9B,1,84687
PPP2R5A,1,5525
NMRK2,4,27231
PBK,4,55872
LGALS3BP,3,3959
MEP1A,3,4224
NPY,3,4852
PLAT,3,5327
PON3,3,5446
PLXNB2,3,23654
PRAP1,3,118471
PPP3R1,1,5534
PRDX1,1,5052
PRDX3,1,10935
PRDX2,2,7001
PRDX5,1,25824
PAPPA,3,5069
PRG2,3,5553
PRKAB1,1,5564
PRDX6,2,9588
PRKAR1A,1,5573
PRKAR2A,1,5576
PRKG1,1,5592
IGFBP3,3,3486
PLG,3,5340
PROC,3,5624
LPO,9,4025
LUZP2,3,338645
PODXL2,3,50512
PRND,3,23627
PNLIPRP1,5,5407
PRCP,3,5547
PRKRA,1,8575
LAMP1,3,3916
PQBP1,2,10084
PRTFDC1,1,56952
PSAP,3,5660
PRAME,4,23532
PSIP1,2,11168
PSMD1,2,5707
PSMD9,2,5715
PSME1,2,5720
PSME2,2,5721
PSMG3,2,84262
PNPT1,4,87178
PRKD2,1,25865
PSRC1,1,84722
PSTPIP2,1,9050
PI3,3,5266
PRRT3,3,285368
PTEN,1,5728
PSMG4,2,389362
PTGES2,1,80142
PTPN1,1,5770
ITGAL,3,3683
LYVE1,3,10894
PCDH12,3,51294
PODXL,3,5420
NEFL,3,4747
OMG,3,4974
PTGDS,3,5730
PTPRN2,3,5799
PTPRF,3,5792
PTPN6,1,5777
PTGR1,3,22949
PTP4A3,3,11156
CPE,3,1363
PTRHD1,1,391356
GC,3,2638
PPY,3,5539
PTS,3,5805
PVALB,1,5816
PRTN3,3,5657
PTPRS,3,5802
PROS1,3,5627
QDPR,2,5860
RAB10,1,10890
RAB11FIP3,1,9727
RAB27B,1,5874
RAB2B,1,84932
RAB33A,1,9363
PXN,2,5829
RAB37,4,326624
RABEP1,1,9135
RABEPK,1,10244
RABGAP1L,2,9910
RAB44,2,401258
RAD23B,1,5887
MYO6,4,4646
NLGN2,4,57555
PRKAG3,4,53632
PPM1B,4,5495
RANBP1,2,5902
LBP,3,3929
NOS3,3,4846
ORM1,3,5004
PRSS8,3,5652
RAPGEF2,1,9693
PPL,3,5493
RASSF2,2,9770
RARRES2,3,5919
PALM3,4,342979
FABP6,3,2172
PPP1R14D,3,54866
RBFOX3,3,146713
RBKS,2,64080
RBP1,4,5947
RBM17,1,84991
LAMB1,3,3912
MAN1A2,3,10905
RBPMS2,1,348093
PRSS2,5,5645
REG1A,3,5967
REG1B,3,5968
RBP2,3,5948
REG3A,3,5068
QPCT,3,25797
RBP5,3,83758
RELT,3,84957
REEP4,1,80346
REPS1,1,85021
RFC4,1,5984
GALNT2,3,2590
PBXIP1,3,57326
PRELP,3,5549
PTPRR,3,5801
RGMA,3,56963
RGCC,1,28984
RGS10,1,6001
RHOC,1,389
RIDA,2,10247
RILP,2,83547
INSL4,4,3641
PROK1,4,84432
PAEP,4,5047
RLN1,4,6013
PRG3,3,10394
RBP7,2,116362
RNASE1,3,6035
RETN,3,56729
RNASE4,3,6038
RILPL2,1,196383
RGMB,3,285704
RNASE6,3,6039
RNASET2,3,8635
RANGAP1,4,5905
POLR2A,4,5430
RNASEH2A,1,10535
RNF41,1,10193
NME3,3,4832
PCDH9,3,5101
PRTG,3,283659
PTPRC,3,5788
PTPRM,3,5797
PTPRZ1,3,5803
RET,3,5979
ROBO1,3,6091
RANBP2,4,5903
RECK,3,8434
RNF149,3,284996
PRSS27,3,83886
ROBO2,3,6092
RNF5,1,6048
RBPMS,4,11030
RP2,1,6102
NPR1,4,4881
NUP50,4,10762
PROCR,4,10544
RPE,2,6120
RRAS,1,6237
FRZB,3,2487
PTN,3,5764
RSPO1,3,284654
RSPO3,3,84870
C1QBP,1,708
RRM2B,1,50484
RTN4IP1,1,84816
RNASE3,2,6037
S100A11,2,6282
GPA33,3,10223
S100A14,3,57402
RWDD1,1,51389
S100A12,2,6283
QSOX1,3,5768
MTHFD2,4,10797
S100A4,1,6275
SAMD9L,1,219285
SAFB2,4,9667
SARG,1,NA
ROR1,3,4919
RTN4R,3,65078
SCARA5,3,286133
SCAMP3,1,10067
ROBO4,3,54538
SCARB2,3,950
PYY,3,5697
REG4,3,83998
RTBDN,3,83546
SCG2,3,7857
RPS10,4,6204
POF1B,3,79983
DIPK1C,4,125704
SCARF2,3,91179
SAT1,4,6303
SCARF1,1,8578
COL9A1,3,1297
SCN4B,3,6330
SCPEP1,1,59342
GAST,3,2520
SCRN1,1,9805
SCRIB,1,23513
SDC4,1,6385
SCLY,3,51540
SDCCAG8,1,10806
SDHB,1,6390
SAA4,3,6291
SEC31A,1,22872
CLEC4G,3,339390
SCRG1,3,11341
SELP,1,6403
KEL,3,3792
PTPRH,3,5794
SEMA4D,1,10507
SERPINA1,3,5265
SERPINA4,3,5267
SEPTIN8,2,23176
SEPTIN9,1,10801
SERPINB1,1,1992
SART1,2,9092
SERPINB6,1,5269
HRG,3,3273
SERPINA3,3,12
SERPINA5,3,5104
SERPINA6,3,866
SERPINC1,3,462
SERPINB9,1,5272
SERPINE1,1,5054
SEMA3F,3,6405
SERPIND1,3,3053
SELENOP,3,6414
SERPINF1,3,5176
SERPINF2,3,5345
SERPINE2,1,5270
RAB6A,3,5870
MUC2,3,4583
SEMA3G,5,56920
C2CD2L,4,9854
SCP2,4,6342
SERPINH1,1,871
SERPINB8,2,5271
SCN2B,4,6327
OPTC,3,26254
SCG3,3,29106
SEZ6,3,124925
SEZ6L,3,23544
SESTD1,1,91404
SF3B4,2,10262
SH2B3,1,10019
SH2D1A,2,4068
SBSN,3,374897
SEL1L,3,6400
SH3BP1,1,23616
SH3GLB2,2,56904
SHMT1,1,6470
SHISA5,3,51246
MILR1,3,284021
SEMA7A,3,8482
SIGLEC1,3,6614
SIGLEC10,3,89790
SDC1,3,6382
SELE,3,6401
SIGLEC7,3,27036
RCOR1,4,23186
RNF168,4,165918
RNF31,4,55072
SIAE,1,54414
SIT1,2,27240
SIRT2,1,22933
SKAP2,1,8935
IL5RA,3,3568
SLAMF1,3,6504
EDEM2,4,55741
MEGF11,4,84465
NOS2,4,4843
RYR1,4,6261
SCGB2A2,4,4250
SHC1,4,6464
SLC16A1,4,6566
SLA2,1,84174
SLAMF6,3,114836
SLC27A4,1,10999
SEZ6L2,3,26470
SLC9A3R1,1,NA
PSAPL1,3,768239
SLMAP,1,7871
SMAD1,1,4086
SMAD2,1,4087
SMAD3,1,4088
GIMAP8,2,155038
RALY,2,22913
RPL14,2,9045
S100P,2,6286
SKAP1,2,8631
SFRP1,3,6422
SFRP4,3,6424
NAAA,3,27163
SEMA6C,4,10500
SIRT1,4,23411
SMPD1,3,6609
SMARCA2,1,6595
SMS,1,6611
SMTN,1,6525
SNAP23,1,8773
SNAP25,1,6616
SNAP29,1,9342
SMNDC1,2,10285
SNAPIN,1,23557
PLIN1,3,5346
MAPK13,2,5603
SATB1,4,6304
SETMAR,2,6419
SNCA,2,6622
SLC1A4,4,6509
SNRPB2,2,6629
SNU13,4,4809
SNX15,2,29907
SNX18,4,112574
SNX2,1,6643
SNX5,1,27131
SLC4A1,2,6521
SNX9,1,51429
SOD1,2,6647
SOD2,1,6648
SMOC1,3,64093
SMOC2,3,64094
SORT1,1,6272
SPAG1,1,6674
SPARC,1,6678
SORCS2,3,57537
SPINK1,3,6690
GAL,3,51083
SLURP1,3,57152
SLC12A2,4,6558
PRSS22,3,64063
SPINK5,3,11005
PDGFC,1,56034
SPART,1,23111
KLK3,7,354
SPINT1,3,6692
MMP10,3,4319
MMP7,3,4316
SIRPB1,3,10326
SPON1,3,10418
MMP13,3,4322
RPA2,4,6118
SMPD3,4,55512
CRNN,3,49860
SPINT2,1,10653
SPRED2,1,200734
SPRY2,1,10253
SPTLC1,1,10558
SRC,1,6714
SRP14,2,6727
SHBG,3,6462
PTPRB,3,5787
SORD,3,6652
SRPK2,1,6733
SSNA1,2,8636
ST13,2,6767
ST6GAL1,3,6480
STAM,1,8027
STAMBP,1,10617
STAT2,1,6773
SPRING1,4,79794
SLITRK2,3,84631
STAT5B,1,6777
MTPN,1,136319
STIP1,2,10963
STK11,1,6794
STK24,1,8428
STK4,1,6789
STX16,1,8675
STX4,1,6810
STX6,1,10228
STX7,1,8417
STX8,1,9482
STXBP1,1,6812
STXBP3,1,6814
SUGP1,1,57794
SUGT1,1,10910
SULT1A1,1,6817
SULT2A1,3,6822
SUMF2,1,25870
SLITRK1,3,114798
SUSD1,1,64420
SUOX,3,6821
SV2A,1,9900
SWAP70,2,23075
SYAP1,1,94056
SYTL4,1,94121
TAB2,1,23118
TACC3,1,10460
SPON2,3,10417
TADA3,1,10474
TALDO1,2,6888
TANK,1,10010
DYNC1H1,4,1778
STX3,4,6809
TARBP2,1,6895
TARS1,1,6897
TAX1BP1,1,8887
TBC1D23,1,55773
TBC1D17,2,79735
TBC1D5,1,9779
TBCA,1,6902
TBCB,1,1155
TBCC,1,6903
RRM2,2,6241
STAU1,4,6780
TBL1X,1,6907
SSBP1,4,6742
ST8SIA1,4,6489
ACRV1,4,56
PGA4,3,643847
TFF1,3,7031
PZP,3,5858
TFF2,3,7032
SSC5D,3,284297
TDRKH,1,11022
TGFA,3,7039
TFPI,3,7035
TERF1,4,7013
PCDH1,3,5097
SLC39A5,3,283375
SLITRK6,3,84189
SNCG,3,6623
STC1,3,6781
SUSD5,3,26032
TAFA5,3,25817
SPARCL1,3,8404
SPP1,3,6696
STC2,3,8614
TGFBR2,3,7048
TGFBR3,3,7049
TGOLN2,3,10618
THBS2,3,7058
TCOF1,2,6949
TGM2,2,7052
TGFB1,1,7040
THPO,1,7066
THBD,3,7056
THBS4,3,7060
THTPA,1,79178
PTX3,3,5806
TIA1,1,7072
TIGAR,1,57103
TIMM10,1,26519
TFPI2,3,7980
TGFBI,3,7045
THY1,3,7070
TIMD4,3,91937
TIMM8A,1,1678
TIMP1,3,7076
TIMP3,1,7078
TJAP1,1,93643
TMCO5A,1,145942
TMED8,1,283578
SPRR3,3,6707
MUC13,3,56667
TMEM106A,1,113277
THOP1,2,7064
TMSB10,1,9168
TNFAIP2,1,7127
TNFAIP8,1,25816
TNFRSF10A,3,8797
TNFRSF10B,3,8795
TNFRSF11A,3,8792
SLAMF7,3,57823
SPINK2,3,6691
TNFRSF12A,3,51330
TCL1A,2,8115
TNFRSF13B,3,23495
TNF,3,7124
TNFAIP8L2,1,79626
TNFRSF14,3,8764
LTBP3,3,4054
SIGLEC8,3,27181
SLAMF8,3,56833
TFF3,3,7033
TNFRSF19,3,55504
TNFRSF1A,3,7132
TNFRSF1B,3,7133
SIGLEC6,3,946
TNFRSF21,3,27242
TNFRSF4,3,7293
TIGIT,3,201633
KLRK1,3,22914
TNFRSF13C,3,115650
TNFRSF6B,3,8771
TNFRSF8,3,943
TNFRSF11B,3,4982
TNFSF10,3,8743
TNFSF12,1,8742
TNFRSF9,3,3604
TNFSF13,3,8741
SIGLEC9,3,27180
TNFSF14,1,8740
TNIP1,1,10318
PM20D1,12,148811
TOMM20,1,9804
TOP2B,1,7155
IL12RB2,13,3595
TOR1AIP1,2,26092
TP53,1,7157
SOX9,4,6662
TP53I3,2,9540
TPD52L2,1,7165
ENOPH1,1,58478
TPK1,2,27010
TDP1,2,55775
TPMT,1,7172
TPR,2,7175
TRAF2,1,7186
TPP1,1,1200
TRDMT1,1,1787
TREML1,1,340205
TREML2,3,79865
TRIAP1,1,51499
TRIM21,1,6737
TRIM24,1,8805
TRIM25,1,7706
TRIM40,1,135644
TRIM5,1,85363
TRIM58,1,25893
TSC22D1,1,8848
SLC51B,3,123264
TSNAX,2,7257
TSPYL1,1,7259
TST,1,7263
TPM3,3,7170
SERPING1,3,710
TF,3,7018
REST,4,5978
SPACA5_SPACA5B,4,NA
SPTBN2,4,6712
TJP3,4,27134
TP73,4,7161
TTF2,1,8458
TWF2,1,11344
TXLNA,1,200081
TXN,2,7295
TXNDC5,1,81567
STOML2,4,30968
TTN,4,7273
TXNDC9,1,10190
TXNRD1,1,7296
TEK,3,7010
TUBB3,4,10381
TYMP,1,1890
UBAC1,2,10422
UBE2B,4,7320
TSC1,4,7248
UBE2L6,1,9246
UBE2Z,1,65264
UBXN1,2,51035
TXNL1,4,9352
NELL1,3,4745
UFD1,1,7353
UNC79,1,57578
UNG,1,7374
UROD,2,7389
USO1,1,8615
MYH7B,4,57644
USP25,1,29761
USP47,1,55031
USP8,1,9101
VAMP5,3,10791
VAMP8,1,8673
IL6R,3,3570
TYRO3,3,7301
ULBP2,3,80328
VASH1,1,22846
VASP,1,7408
GALNT3,3,2591
TINAGL1,3,64129
TNC,3,3371
TNFSF8,3,944
VASN,3,114990
VAV3,1,10451
TNFRSF17,3,608
VEGFA,1,7422
SYT1,3,6857
TNFRSF10C,3,8794
VEGFC,1,7424
VPS28,1,51160
VPS37A,1,137492
VPS4B,1,9525
TREM2,3,54209
VCAM1,3,7412
VPS53,1,55275
UPB1,3,51733
TIE1,3,7075
VSIR,1,64115
VTA1,1,51534
VSIG4,3,11326
VTI1A,1,143187
WAS,1,7454
WASF1,1,8936
WARS,2,NA
WASF3,1,10810
TRAF3,2,7187
MSMB,3,4477
SCGB3A1,3,92304
SCGB3A2,3,117156
SFTPA2,3,729238
VSIG2,3,23584
VWC2,3,375567
WASHC3,1,51019
SOST,3,50964
WWP2,1,11060
XIAP,1,331
S100A13,3,6284
VEGFB,3,7423
WFDC2,3,10406
XG,3,7499
XRCC4,1,7518
YARS1,1,8565
YES1,1,7525
UROS,2,7390
YJU2,1,55702
YOD1,2,55432
YTHDF3,1,253943
TGFBR1,4,7046
TLR1,4,7096
TPSG1,4,25823
UNC5D,4,137970
YWHAQ,1,10971
WDR46,2,9277
ZBTB16,1,7704
ZBP1,4,81030
ZBTB17,2,7709
SFTPA1,4,653509
ZFYVE19,1,84936
ZNF830,4,91603
BRD3,4,8019
C7,3,730
CFHR4,3,10877
CSF2,4,1437
CST5,5,1473
EDIL3,3,10085
FCRL3,3,115352
GAMT,4,2593
GASK1A,4,729085
GSAP,3,54103
HBZ,2,3050
HCG22,4,285834
HEBP1,3,50865
HIP1,4,3092
HRC,3,3270
HS6ST1,3,9394
ICAM5,3,7087
IFIT1,3,3434
IFNG,3,3458
IFNW1,4,3467
IL15,3,3600
IL17RB,3,55540
IL1RL2,3,8808
IL36A,6,27179
ISM2,4,145501
ITM2A,3,9452
JCHAIN,3,3512
KIR2DL3,8,3804
KIRREL2,5,84063
KLK15,3,55554
KRT6C,4,286887
LCP1,2,3936
LECT2,3,3950
LRIG1,3,26018
LTA4H,3,4048
LY75,3,4065
MASP1,3,5648
MMP3,3,4314
MUCL3,10,135656
MYH4,4,4622
NFKB2,3,4791
NPTX2,3,4885
NRXN3,4,9369
NTF3,3,4908
NTPROBNP,11,NA
OTOA,4,146183
PEPD,3,5184
PFDN4,3,5203
PINLYP,3,390940
PLA2G10,3,8399
PLA2G7,3,7941
PLB1,3,151056
PON2,3,5445
POSTN,3,10631
PRR4,9,11272
PSMC3,4,5702
PSPN,3,5623
PTH,3,5741
PVR,3,5817
PYDC1,3,260434
RBM19,4,9904
RBM25,4,58517
RCC1,4,1104
REG3G,3,130120
REN,3,5972
RLN2,4,6019
RPGR,1,6103
RTKN2,4,219790
S100A16,3,140576
S100G,3,795
SAT2,3,112483
SCGB1A1,3,7356
SCGN,3,10590
SCN2A,3,6326
SCN3B,4,55800
SCT,3,6343
SELL,3,6402
SEMA4C,3,54910
SERPINA11,3,256394
SERPINA7,3,6906
SERPINA9,3,327657
SERPINI1,3,5274
SERPINI2,5,5276
SFTPD,3,6441
SGSH,3,6448
SIRPA,3,140885
SLC9A3R2,3,NA
SMAD5,3,4090
SMPDL3A,3,10924
SNED1,3,25992
SORBS1,3,10580
SOWAHA,4,134548
SPINK4,3,27290
SPINK6,3,404203
SPINK8,4,646424
SPINT3,7,10816
SPOCK1,3,6695
SPRR1B,4,6699
SRPX,3,8406
SSC4D,3,136853
SSH3,4,54961
STAB2,3,55576
SUSD2,3,56241
TACSTD2,3,4070
TCL1B,3,9623
TCN1,3,6947
TCN2,3,6948
TCTN3,3,26123
TEX101,4,83639
TFRC,3,7037
THAP12,3,5612
TIMP4,3,7079
TLR4,4,7099
TMED4,4,222068
TMPRSS11D,3,9407
TMPRSS15,3,5651
TMPRSS5,3,80975
TNFSF11,3,8600
TNFSF13B,3,10673
TNR,3,7143
TNXB,3,7148
TOP1,12,7150
TP53BP1,13,7158
TRPV3,4,162514
TSPAN1,7,10103
TSPAN15,4,23555
TSPAN7,4,7102
TSPAN8,3,7103
TTR,3,7276
TXK,4,7294
TXNDC15,3,79770
TYRP1,1,7306
UGDH,4,7358
UHRF2,4,115426
UMOD,3,7369
USP28,4,57646
VAT1,3,10493
VCAN,3,1462
VEGFD,3,2277
VGF,3,7425
VIPR1,4,7433
VIT,3,5212
VNN1,3,8876
VNN2,3,8875
VSIG10L,3,147645
VSNL1,3,7447
VSTM1,3,284415
VSTM2B,4,342865
VSTM2L,3,128434
VWA1,3,64856
VWC2L,4,402117
VWF,3,7450
WASL,4,8976
WFDC1,4,58189
WFDC12,3,128488
WFIKKN1,3,117166
WFIKKN2,3,124857
WIF1,3,11197
WNT9A,3,7483
XCL1,3,6375
YAP1,3,10413
YY1,4,7528
ZHX2,2,22882
ZNRD2,1,10534
ZNRF4,1,148066
