"feature","n_missing","n","pct_missing","dataset"
"fid_23474",142,13411,1.05883230184177,"metabolome"
"fid_23475",6,13411,0.0447393930355678,"metabolome"
"fid_23476",2,13411,0.0149131310118559,"metabolome"
"fid_23477",2,13411,0.0149131310118559,"metabolome"
"fid_23460",2,13411,0.0149131310118559,"metabolome"
"fid_23479",2,13411,0.0149131310118559,"metabolome"
"fid_23440",0,13411,0,"metabolome"
"fid_23439",0,13411,0,"metabolome"
"fid_23441",0,13411,0,"metabolome"
"fid_23433",0,13411,0,"metabolome"
"fid_23432",0,13411,0,"metabolome"
"fid_23431",0,13411,0,"metabolome"
"fid_23484",0,13411,0,"metabolome"
"fid_23526",0,13411,0,"metabolome"
"fid_23561",0,13411,0,"metabolome"
"fid_23533",0,13411,0,"metabolome"
"fid_23498",0,13411,0,"metabolome"
"fid_23568",0,13411,0,"metabolome"
"fid_23540",0,13411,0,"metabolome"
"fid_23505",0,13411,0,"metabolome"
"fid_23575",0,13411,0,"metabolome"
"fid_23547",0,13411,0,"metabolome"
"fid_23512",0,13411,0,"metabolome"
"fid_23554",0,13411,0,"metabolome"
"fid_23491",0,13411,0,"metabolome"
"fid_23519",0,13411,0,"metabolome"
"fid_23580",420,13411,3.13175751248975,"metabolome"
"fid_23610",0,13411,0,"metabolome"
"fid_23635",0,13411,0,"metabolome"
"fid_23615",0,13411,0,"metabolome"
"fid_23590",1,13411,0.00745656550592797,"metabolome"
"fid_23640",0,13411,0,"metabolome"
"fid_23620",0,13411,0,"metabolome"
"fid_23595",0,13411,0,"metabolome"
"fid_23645",0,13411,0,"metabolome"
"fid_23625",0,13411,0,"metabolome"
"fid_23600",0,13411,0,"metabolome"
"fid_23630",6,13411,0.0447393930355678,"metabolome"
"fid_23585",133,13411,0.99172321228842,"metabolome"
"fid_23605",0,13411,0,"metabolome"
"fid_23485",0,13411,0,"metabolome"
"fid_23418",0,13411,0,"metabolome"
"fid_23527",0,13411,0,"metabolome"
"fid_23417",0,13411,0,"metabolome"
"fid_23562",0,13411,0,"metabolome"
"fid_23534",0,13411,0,"metabolome"
"fid_23499",0,13411,0,"metabolome"
"fid_23569",0,13411,0,"metabolome"
"fid_23541",0,13411,0,"metabolome"
"fid_23506",0,13411,0,"metabolome"
"fid_23576",0,13411,0,"metabolome"
"fid_23548",0,13411,0,"metabolome"
"fid_23513",0,13411,0,"metabolome"
"fid_23416",0,13411,0,"metabolome"
"fid_23555",0,13411,0,"metabolome"
"fid_23492",0,13411,0,"metabolome"
"fid_23520",0,13411,0,"metabolome"
"fid_23581",420,13411,3.13175751248975,"metabolome"
"fid_23611",0,13411,0,"metabolome"
"fid_23636",0,13411,0,"metabolome"
"fid_23616",0,13411,0,"metabolome"
"fid_23591",1,13411,0.00745656550592797,"metabolome"
"fid_23641",0,13411,0,"metabolome"
"fid_23621",0,13411,0,"metabolome"
"fid_23596",0,13411,0,"metabolome"
"fid_23646",0,13411,0,"metabolome"
"fid_23626",0,13411,0,"metabolome"
"fid_23601",0,13411,0,"metabolome"
"fid_23631",6,13411,0.0447393930355678,"metabolome"
"fid_23586",133,13411,0.99172321228842,"metabolome"
"fid_23606",0,13411,0,"metabolome"
"fid_23473",3,13411,0.0223696965177839,"metabolome"
"fid_23404",0,13411,0,"metabolome"
"fid_23481",0,13411,0,"metabolome"
"fid_23430",0,13411,0,"metabolome"
"fid_23523",0,13411,0,"metabolome"
"fid_23429",0,13411,0,"metabolome"
"fid_23558",0,13411,0,"metabolome"
"fid_23530",0,13411,0,"metabolome"
"fid_23495",0,13411,0,"metabolome"
"fid_23565",0,13411,0,"metabolome"
"fid_23537",0,13411,0,"metabolome"
"fid_23502",0,13411,0,"metabolome"
"fid_23572",0,13411,0,"metabolome"
"fid_23544",0,13411,0,"metabolome"
"fid_23509",0,13411,0,"metabolome"
"fid_23428",0,13411,0,"metabolome"
"fid_23551",0,13411,0,"metabolome"
"fid_23488",0,13411,0,"metabolome"
"fid_23516",0,13411,0,"metabolome"
"fid_23478",604,13411,4.50376556558049,"metabolome"
"fid_23443",10,13411,0.0745656550592797,"metabolome"
"fid_23450",10,13411,0.0745656550592797,"metabolome"
"fid_23457",10,13411,0.0745656550592797,"metabolome"
"fid_23486",0,13411,0,"metabolome"
"fid_23422",0,13411,0,"metabolome"
"fid_23528",0,13411,0,"metabolome"
"fid_23421",0,13411,0,"metabolome"
"fid_23563",0,13411,0,"metabolome"
"fid_23535",0,13411,0,"metabolome"
"fid_23500",0,13411,0,"metabolome"
"fid_23570",0,13411,0,"metabolome"
"fid_23542",0,13411,0,"metabolome"
"fid_23507",0,13411,0,"metabolome"
"fid_23577",0,13411,0,"metabolome"
"fid_23549",0,13411,0,"metabolome"
"fid_23514",0,13411,0,"metabolome"
"fid_23420",0,13411,0,"metabolome"
"fid_23556",0,13411,0,"metabolome"
"fid_23493",0,13411,0,"metabolome"
"fid_23521",0,13411,0,"metabolome"
"fid_23582",420,13411,3.13175751248975,"metabolome"
"fid_23612",0,13411,0,"metabolome"
"fid_23637",0,13411,0,"metabolome"
"fid_23617",0,13411,0,"metabolome"
"fid_23592",1,13411,0.00745656550592797,"metabolome"
"fid_23642",0,13411,0,"metabolome"
"fid_23622",0,13411,0,"metabolome"
"fid_23597",0,13411,0,"metabolome"
"fid_23647",0,13411,0,"metabolome"
"fid_23627",0,13411,0,"metabolome"
"fid_23602",0,13411,0,"metabolome"
"fid_23632",6,13411,0.0447393930355678,"metabolome"
"fid_23587",133,13411,0.99172321228842,"metabolome"
"fid_23607",0,13411,0,"metabolome"
"fid_23470",28,13411,0.208783834165983,"metabolome"
"fid_23461",51,13411,0.380284840802326,"metabolome"
"fid_23462",12,13411,0.0894787860711356,"metabolome"
"fid_23480",0,13411,0,"metabolome"
"fid_23406",0,13411,0,"metabolome"
"fid_23463",26,13411,0.193870703154127,"metabolome"
"fid_23465",2,13411,0.0149131310118559,"metabolome"
"fid_23405",0,13411,0,"metabolome"
"fid_23471",37,13411,0.275892923719335,"metabolome"
"fid_23466",2,13411,0.0149131310118559,"metabolome"
"fid_23449",10,13411,0.0745656550592797,"metabolome"
"fid_23456",10,13411,0.0745656550592797,"metabolome"
"fid_23447",10,13411,0.0745656550592797,"metabolome"
"fid_23454",10,13411,0.0745656550592797,"metabolome"
"fid_23444",10,13411,0.0745656550592797,"metabolome"
"fid_23451",10,13411,0.0745656550592797,"metabolome"
"fid_23445",10,13411,0.0745656550592797,"metabolome"
"fid_23459",10,13411,0.0745656550592797,"metabolome"
"fid_23452",10,13411,0.0745656550592797,"metabolome"
"fid_23468",8,13411,0.0596525240474238,"metabolome"
"fid_23437",10,13411,0.0745656550592797,"metabolome"
"fid_23434",10,13411,0.0745656550592797,"metabolome"
"fid_23483",0,13411,0,"metabolome"
"fid_23414",0,13411,0,"metabolome"
"fid_23525",0,13411,0,"metabolome"
"fid_23413",0,13411,0,"metabolome"
"fid_23560",0,13411,0,"metabolome"
"fid_23532",0,13411,0,"metabolome"
"fid_23497",0,13411,0,"metabolome"
"fid_23567",0,13411,0,"metabolome"
"fid_23539",0,13411,0,"metabolome"
"fid_23504",0,13411,0,"metabolome"
"fid_23574",0,13411,0,"metabolome"
"fid_23546",0,13411,0,"metabolome"
"fid_23511",0,13411,0,"metabolome"
"fid_23412",0,13411,0,"metabolome"
"fid_23553",0,13411,0,"metabolome"
"fid_23490",0,13411,0,"metabolome"
"fid_23518",0,13411,0,"metabolome"
"fid_23579",420,13411,3.13175751248975,"metabolome"
"fid_23609",0,13411,0,"metabolome"
"fid_23634",0,13411,0,"metabolome"
"fid_23614",0,13411,0,"metabolome"
"fid_23589",1,13411,0.00745656550592797,"metabolome"
"fid_23639",0,13411,0,"metabolome"
"fid_23619",0,13411,0,"metabolome"
"fid_23594",0,13411,0,"metabolome"
"fid_23644",0,13411,0,"metabolome"
"fid_23624",0,13411,0,"metabolome"
"fid_23599",0,13411,0,"metabolome"
"fid_23629",6,13411,0.0447393930355678,"metabolome"
"fid_23584",133,13411,0.99172321228842,"metabolome"
"fid_23604",0,13411,0,"metabolome"
"fid_23446",10,13411,0.0745656550592797,"metabolome"
"fid_23458",10,13411,0.0745656550592797,"metabolome"
"fid_23453",10,13411,0.0745656550592797,"metabolome"
"fid_23472",51,13411,0.380284840802326,"metabolome"
"fid_23402",0,13411,0,"metabolome"
"fid_23448",10,13411,0.0745656550592797,"metabolome"
"fid_23455",10,13411,0.0745656550592797,"metabolome"
"fid_23438",10,13411,0.0745656550592797,"metabolome"
"fid_23400",0,13411,0,"metabolome"
"fid_23401",0,13411,0,"metabolome"
"fid_23436",10,13411,0.0745656550592797,"metabolome"
"fid_23464",6,13411,0.0447393930355678,"metabolome"
"fid_23427",0,13411,0,"metabolome"
"fid_23415",0,13411,0,"metabolome"
"fid_23442",10,13411,0.0745656550592797,"metabolome"
"fid_23419",0,13411,0,"metabolome"
"fid_23482",0,13411,0,"metabolome"
"fid_23426",0,13411,0,"metabolome"
"fid_23524",0,13411,0,"metabolome"
"fid_23425",0,13411,0,"metabolome"
"fid_23559",0,13411,0,"metabolome"
"fid_23531",0,13411,0,"metabolome"
"fid_23496",0,13411,0,"metabolome"
"fid_23423",0,13411,0,"metabolome"
"fid_23566",0,13411,0,"metabolome"
"fid_23538",0,13411,0,"metabolome"
"fid_23503",0,13411,0,"metabolome"
"fid_23573",0,13411,0,"metabolome"
"fid_23545",0,13411,0,"metabolome"
"fid_23510",0,13411,0,"metabolome"
"fid_23424",0,13411,0,"metabolome"
"fid_23552",0,13411,0,"metabolome"
"fid_23489",0,13411,0,"metabolome"
"fid_23517",0,13411,0,"metabolome"
"fid_23411",0,13411,0,"metabolome"
"fid_23407",0,13411,0,"metabolome"
"fid_23487",0,13411,0,"metabolome"
"fid_23410",0,13411,0,"metabolome"
"fid_23529",0,13411,0,"metabolome"
"fid_23409",0,13411,0,"metabolome"
"fid_23564",0,13411,0,"metabolome"
"fid_23536",0,13411,0,"metabolome"
"fid_23501",0,13411,0,"metabolome"
"fid_23571",0,13411,0,"metabolome"
"fid_23543",0,13411,0,"metabolome"
"fid_23508",0,13411,0,"metabolome"
"fid_23578",0,13411,0,"metabolome"
"fid_23550",0,13411,0,"metabolome"
"fid_23515",0,13411,0,"metabolome"
"fid_23408",0,13411,0,"metabolome"
"fid_23557",0,13411,0,"metabolome"
"fid_23494",0,13411,0,"metabolome"
"fid_23522",0,13411,0,"metabolome"
"fid_23435",10,13411,0.0745656550592797,"metabolome"
"fid_23583",420,13411,3.13175751248975,"metabolome"
"fid_23613",0,13411,0,"metabolome"
"fid_23638",0,13411,0,"metabolome"
"fid_23618",0,13411,0,"metabolome"
"fid_23593",1,13411,0.00745656550592797,"metabolome"
"fid_23643",0,13411,0,"metabolome"
"fid_23623",0,13411,0,"metabolome"
"fid_23598",0,13411,0,"metabolome"
"fid_23648",0,13411,0,"metabolome"
"fid_23628",0,13411,0,"metabolome"
"fid_23603",0,13411,0,"metabolome"
"fid_23633",6,13411,0.0447393930355678,"metabolome"
"fid_23588",133,13411,0.99172321228842,"metabolome"
"fid_23608",0,13411,0,"metabolome"
"fid_23469",23,13411,0.171501006636343,"metabolome"
"fid_23403",0,13411,0,"metabolome"
"fid_23467",6,13411,0.0447393930355678,"metabolome"
